obs_id,period,freq,metric,product,player,value_lo,value_hi,unit,kind,source_id,quote,fiscal_period,raw_file,note
OBS-00001,2019-01,M,ppi_semis_us,semis,us_industry,55.1,55.1,index_1984dec=100,actual,FRED-PCU33443344,,,01_fred_semis_ppi_monthly.csv,
OBS-00002,2019-02,M,ppi_semis_us,semis,us_industry,55.1,55.1,index_1984dec=100,actual,FRED-PCU33443344,,,01_fred_semis_ppi_monthly.csv,
OBS-00003,2019-03,M,ppi_semis_us,semis,us_industry,55.1,55.1,index_1984dec=100,actual,FRED-PCU33443344,,,01_fred_semis_ppi_monthly.csv,
OBS-00004,2019-04,M,ppi_semis_us,semis,us_industry,55.2,55.2,index_1984dec=100,actual,FRED-PCU33443344,,,01_fred_semis_ppi_monthly.csv,
OBS-00005,2019-05,M,ppi_semis_us,semis,us_industry,55.1,55.1,index_1984dec=100,actual,FRED-PCU33443344,,,01_fred_semis_ppi_monthly.csv,
OBS-00006,2019-06,M,ppi_semis_us,semis,us_industry,55.3,55.3,index_1984dec=100,actual,FRED-PCU33443344,,,01_fred_semis_ppi_monthly.csv,
OBS-00007,2019-07,M,ppi_semis_us,semis,us_industry,55.4,55.4,index_1984dec=100,actual,FRED-PCU33443344,,,01_fred_semis_ppi_monthly.csv,
OBS-00008,2019-08,M,ppi_semis_us,semis,us_industry,55.5,55.5,index_1984dec=100,actual,FRED-PCU33443344,,,01_fred_semis_ppi_monthly.csv,
OBS-00009,2019-09,M,ppi_semis_us,semis,us_industry,55.6,55.6,index_1984dec=100,actual,FRED-PCU33443344,,,01_fred_semis_ppi_monthly.csv,
OBS-00010,2019-10,M,ppi_semis_us,semis,us_industry,55.5,55.5,index_1984dec=100,actual,FRED-PCU33443344,,,01_fred_semis_ppi_monthly.csv,
OBS-00011,2019-11,M,ppi_semis_us,semis,us_industry,55.5,55.5,index_1984dec=100,actual,FRED-PCU33443344,,,01_fred_semis_ppi_monthly.csv,
OBS-00012,2019-12,M,ppi_semis_us,semis,us_industry,55.6,55.6,index_1984dec=100,actual,FRED-PCU33443344,,,01_fred_semis_ppi_monthly.csv,
OBS-00013,2020-01,M,ppi_semis_us,semis,us_industry,55.5,55.5,index_1984dec=100,actual,FRED-PCU33443344,,,01_fred_semis_ppi_monthly.csv,
OBS-00014,2020-02,M,ppi_semis_us,semis,us_industry,55.4,55.4,index_1984dec=100,actual,FRED-PCU33443344,,,01_fred_semis_ppi_monthly.csv,
OBS-00015,2020-03,M,ppi_semis_us,semis,us_industry,55.6,55.6,index_1984dec=100,actual,FRED-PCU33443344,,,01_fred_semis_ppi_monthly.csv,
OBS-00016,2020-04,M,ppi_semis_us,semis,us_industry,54.9,54.9,index_1984dec=100,actual,FRED-PCU33443344,,,01_fred_semis_ppi_monthly.csv,
OBS-00017,2020-05,M,ppi_semis_us,semis,us_industry,54.9,54.9,index_1984dec=100,actual,FRED-PCU33443344,,,01_fred_semis_ppi_monthly.csv,
OBS-00018,2020-06,M,ppi_semis_us,semis,us_industry,54.9,54.9,index_1984dec=100,actual,FRED-PCU33443344,,,01_fred_semis_ppi_monthly.csv,
OBS-00019,2020-07,M,ppi_semis_us,semis,us_industry,54.7,54.7,index_1984dec=100,actual,FRED-PCU33443344,,,01_fred_semis_ppi_monthly.csv,
OBS-00020,2020-08,M,ppi_semis_us,semis,us_industry,54.6,54.6,index_1984dec=100,actual,FRED-PCU33443344,,,01_fred_semis_ppi_monthly.csv,
OBS-00021,2020-09,M,ppi_semis_us,semis,us_industry,54.7,54.7,index_1984dec=100,actual,FRED-PCU33443344,,,01_fred_semis_ppi_monthly.csv,
OBS-00022,2020-10,M,ppi_semis_us,semis,us_industry,53.8,53.8,index_1984dec=100,actual,FRED-PCU33443344,,,01_fred_semis_ppi_monthly.csv,
OBS-00023,2020-11,M,ppi_semis_us,semis,us_industry,53.9,53.9,index_1984dec=100,actual,FRED-PCU33443344,,,01_fred_semis_ppi_monthly.csv,
OBS-00024,2020-12,M,ppi_semis_us,semis,us_industry,54.1,54.1,index_1984dec=100,actual,FRED-PCU33443344,,,01_fred_semis_ppi_monthly.csv,
OBS-00025,2021-01,M,ppi_semis_us,semis,us_industry,54.1,54.1,index_1984dec=100,actual,FRED-PCU33443344,,,01_fred_semis_ppi_monthly.csv,
OBS-00026,2021-02,M,ppi_semis_us,semis,us_industry,54.1,54.1,index_1984dec=100,actual,FRED-PCU33443344,,,01_fred_semis_ppi_monthly.csv,
OBS-00027,2021-03,M,ppi_semis_us,semis,us_industry,54.3,54.3,index_1984dec=100,actual,FRED-PCU33443344,,,01_fred_semis_ppi_monthly.csv,
OBS-00028,2021-04,M,ppi_semis_us,semis,us_industry,54.2,54.2,index_1984dec=100,actual,FRED-PCU33443344,,,01_fred_semis_ppi_monthly.csv,
OBS-00029,2021-05,M,ppi_semis_us,semis,us_industry,54.5,54.5,index_1984dec=100,actual,FRED-PCU33443344,,,01_fred_semis_ppi_monthly.csv,
OBS-00030,2021-06,M,ppi_semis_us,semis,us_industry,54.7,54.7,index_1984dec=100,actual,FRED-PCU33443344,,,01_fred_semis_ppi_monthly.csv,
OBS-00031,2021-07,M,ppi_semis_us,semis,us_industry,54.548,54.548,index_1984dec=100,actual,FRED-PCU33443344,,,01_fred_semis_ppi_monthly.csv,
OBS-00032,2021-08,M,ppi_semis_us,semis,us_industry,54.766,54.766,index_1984dec=100,actual,FRED-PCU33443344,,,01_fred_semis_ppi_monthly.csv,
OBS-00033,2021-09,M,ppi_semis_us,semis,us_industry,54.875,54.875,index_1984dec=100,actual,FRED-PCU33443344,,,01_fred_semis_ppi_monthly.csv,
OBS-00034,2021-10,M,ppi_semis_us,semis,us_industry,54.947,54.947,index_1984dec=100,actual,FRED-PCU33443344,,,01_fred_semis_ppi_monthly.csv,
OBS-00035,2021-11,M,ppi_semis_us,semis,us_industry,55.251,55.251,index_1984dec=100,actual,FRED-PCU33443344,,,01_fred_semis_ppi_monthly.csv,
OBS-00036,2021-12,M,ppi_semis_us,semis,us_industry,55.42,55.42,index_1984dec=100,actual,FRED-PCU33443344,,,01_fred_semis_ppi_monthly.csv,
OBS-00037,2022-01,M,ppi_semis_us,semis,us_industry,56.336,56.336,index_1984dec=100,actual,FRED-PCU33443344,,,01_fred_semis_ppi_monthly.csv,
OBS-00038,2022-02,M,ppi_semis_us,semis,us_industry,56.366,56.366,index_1984dec=100,actual,FRED-PCU33443344,,,01_fred_semis_ppi_monthly.csv,
OBS-00039,2022-03,M,ppi_semis_us,semis,us_industry,56.726,56.726,index_1984dec=100,actual,FRED-PCU33443344,,,01_fred_semis_ppi_monthly.csv,
OBS-00040,2022-04,M,ppi_semis_us,semis,us_industry,56.488,56.488,index_1984dec=100,actual,FRED-PCU33443344,,,01_fred_semis_ppi_monthly.csv,
OBS-00041,2022-05,M,ppi_semis_us,semis,us_industry,56.624,56.624,index_1984dec=100,actual,FRED-PCU33443344,,,01_fred_semis_ppi_monthly.csv,
OBS-00042,2022-06,M,ppi_semis_us,semis,us_industry,56.916,56.916,index_1984dec=100,actual,FRED-PCU33443344,,,01_fred_semis_ppi_monthly.csv,
OBS-00043,2022-07,M,ppi_semis_us,semis,us_industry,56.804,56.804,index_1984dec=100,actual,FRED-PCU33443344,,,01_fred_semis_ppi_monthly.csv,
OBS-00044,2022-08,M,ppi_semis_us,semis,us_industry,56.632,56.632,index_1984dec=100,actual,FRED-PCU33443344,,,01_fred_semis_ppi_monthly.csv,
OBS-00045,2022-09,M,ppi_semis_us,semis,us_industry,56.822,56.822,index_1984dec=100,actual,FRED-PCU33443344,,,01_fred_semis_ppi_monthly.csv,
OBS-00046,2022-10,M,ppi_semis_us,semis,us_industry,57.313,57.313,index_1984dec=100,actual,FRED-PCU33443344,,,01_fred_semis_ppi_monthly.csv,
OBS-00047,2022-11,M,ppi_semis_us,semis,us_industry,57.591,57.591,index_1984dec=100,actual,FRED-PCU33443344,,,01_fred_semis_ppi_monthly.csv,
OBS-00048,2022-12,M,ppi_semis_us,semis,us_industry,57.607,57.607,index_1984dec=100,actual,FRED-PCU33443344,,,01_fred_semis_ppi_monthly.csv,
OBS-00049,2023-01,M,ppi_semis_us,semis,us_industry,57.231,57.231,index_1984dec=100,actual,FRED-PCU33443344,,,01_fred_semis_ppi_monthly.csv,
OBS-00050,2023-02,M,ppi_semis_us,semis,us_industry,57.227,57.227,index_1984dec=100,actual,FRED-PCU33443344,,,01_fred_semis_ppi_monthly.csv,
OBS-00051,2023-03,M,ppi_semis_us,semis,us_industry,57.291,57.291,index_1984dec=100,actual,FRED-PCU33443344,,,01_fred_semis_ppi_monthly.csv,
OBS-00052,2023-04,M,ppi_semis_us,semis,us_industry,57.142,57.142,index_1984dec=100,actual,FRED-PCU33443344,,,01_fred_semis_ppi_monthly.csv,
OBS-00053,2023-05,M,ppi_semis_us,semis,us_industry,56.58,56.58,index_1984dec=100,actual,FRED-PCU33443344,,,01_fred_semis_ppi_monthly.csv,
OBS-00054,2023-06,M,ppi_semis_us,semis,us_industry,56.733,56.733,index_1984dec=100,actual,FRED-PCU33443344,,,01_fred_semis_ppi_monthly.csv,
OBS-00055,2023-07,M,ppi_semis_us,semis,us_industry,56.919,56.919,index_1984dec=100,actual,FRED-PCU33443344,,,01_fred_semis_ppi_monthly.csv,
OBS-00056,2023-08,M,ppi_semis_us,semis,us_industry,57.125,57.125,index_1984dec=100,actual,FRED-PCU33443344,,,01_fred_semis_ppi_monthly.csv,
OBS-00057,2023-09,M,ppi_semis_us,semis,us_industry,57.362,57.362,index_1984dec=100,actual,FRED-PCU33443344,,,01_fred_semis_ppi_monthly.csv,
OBS-00058,2023-10,M,ppi_semis_us,semis,us_industry,57.374,57.374,index_1984dec=100,actual,FRED-PCU33443344,,,01_fred_semis_ppi_monthly.csv,
OBS-00059,2023-11,M,ppi_semis_us,semis,us_industry,57.591,57.591,index_1984dec=100,actual,FRED-PCU33443344,,,01_fred_semis_ppi_monthly.csv,
OBS-00060,2023-12,M,ppi_semis_us,semis,us_industry,57.536,57.536,index_1984dec=100,actual,FRED-PCU33443344,,,01_fred_semis_ppi_monthly.csv,
OBS-00061,2024-01,M,ppi_semis_us,semis,us_industry,57.873,57.873,index_1984dec=100,actual,FRED-PCU33443344,,,01_fred_semis_ppi_monthly.csv,
OBS-00062,2024-02,M,ppi_semis_us,semis,us_industry,58.044,58.044,index_1984dec=100,actual,FRED-PCU33443344,,,01_fred_semis_ppi_monthly.csv,
OBS-00063,2024-03,M,ppi_semis_us,semis,us_industry,58.094,58.094,index_1984dec=100,actual,FRED-PCU33443344,,,01_fred_semis_ppi_monthly.csv,
OBS-00064,2024-04,M,ppi_semis_us,semis,us_industry,58.245,58.245,index_1984dec=100,actual,FRED-PCU33443344,,,01_fred_semis_ppi_monthly.csv,
OBS-00065,2024-05,M,ppi_semis_us,semis,us_industry,58.195,58.195,index_1984dec=100,actual,FRED-PCU33443344,,,01_fred_semis_ppi_monthly.csv,
OBS-00066,2024-06,M,ppi_semis_us,semis,us_industry,58.052,58.052,index_1984dec=100,actual,FRED-PCU33443344,,,01_fred_semis_ppi_monthly.csv,
OBS-00067,2024-07,M,ppi_semis_us,semis,us_industry,57.453,57.453,index_1984dec=100,actual,FRED-PCU33443344,,,01_fred_semis_ppi_monthly.csv,
OBS-00068,2024-08,M,ppi_semis_us,semis,us_industry,57.484,57.484,index_1984dec=100,actual,FRED-PCU33443344,,,01_fred_semis_ppi_monthly.csv,
OBS-00069,2024-09,M,ppi_semis_us,semis,us_industry,57.533,57.533,index_1984dec=100,actual,FRED-PCU33443344,,,01_fred_semis_ppi_monthly.csv,
OBS-00070,2024-10,M,ppi_semis_us,semis,us_industry,57.992,57.992,index_1984dec=100,actual,FRED-PCU33443344,,,01_fred_semis_ppi_monthly.csv,
OBS-00071,2024-11,M,ppi_semis_us,semis,us_industry,58.925,58.925,index_1984dec=100,actual,FRED-PCU33443344,,,01_fred_semis_ppi_monthly.csv,
OBS-00072,2024-12,M,ppi_semis_us,semis,us_industry,58.817,58.817,index_1984dec=100,actual,FRED-PCU33443344,,,01_fred_semis_ppi_monthly.csv,
OBS-00073,2025-01,M,ppi_semis_us,semis,us_industry,58.261,58.261,index_1984dec=100,actual,FRED-PCU33443344,,,01_fred_semis_ppi_monthly.csv,
OBS-00074,2025-02,M,ppi_semis_us,semis,us_industry,58.059,58.059,index_1984dec=100,actual,FRED-PCU33443344,,,01_fred_semis_ppi_monthly.csv,
OBS-00075,2025-03,M,ppi_semis_us,semis,us_industry,58.414,58.414,index_1984dec=100,actual,FRED-PCU33443344,,,01_fred_semis_ppi_monthly.csv,
OBS-00076,2025-04,M,ppi_semis_us,semis,us_industry,58.312,58.312,index_1984dec=100,actual,FRED-PCU33443344,,,01_fred_semis_ppi_monthly.csv,
OBS-00077,2025-05,M,ppi_semis_us,semis,us_industry,58.318,58.318,index_1984dec=100,actual,FRED-PCU33443344,,,01_fred_semis_ppi_monthly.csv,
OBS-00078,2025-06,M,ppi_semis_us,semis,us_industry,57.596,57.596,index_1984dec=100,actual,FRED-PCU33443344,,,01_fred_semis_ppi_monthly.csv,
OBS-00079,2025-07,M,ppi_semis_us,semis,us_industry,57.566,57.566,index_1984dec=100,actual,FRED-PCU33443344,,,01_fred_semis_ppi_monthly.csv,
OBS-00080,2025-08,M,ppi_semis_us,semis,us_industry,59.626,59.626,index_1984dec=100,actual,FRED-PCU33443344,,,01_fred_semis_ppi_monthly.csv,
OBS-00081,2025-09,M,ppi_semis_us,semis,us_industry,59.754,59.754,index_1984dec=100,actual,FRED-PCU33443344,,,01_fred_semis_ppi_monthly.csv,
OBS-00082,2025-10,M,ppi_semis_us,semis,us_industry,60.114,60.114,index_1984dec=100,actual,FRED-PCU33443344,,,01_fred_semis_ppi_monthly.csv,
OBS-00083,2025-11,M,ppi_semis_us,semis,us_industry,60.857,60.857,index_1984dec=100,actual,FRED-PCU33443344,,,01_fred_semis_ppi_monthly.csv,
OBS-00084,2025-12,M,ppi_semis_us,semis,us_industry,61.052,61.052,index_1984dec=100,actual,FRED-PCU33443344,,,01_fred_semis_ppi_monthly.csv,
OBS-00085,2026-01,M,ppi_semis_us,semis,us_industry,61.572,61.572,index_1984dec=100,actual,FRED-PCU33443344,,,01_fred_semis_ppi_monthly.csv,
OBS-00086,2026-02,M,ppi_semis_us,semis,us_industry,67.007,67.007,index_1984dec=100,actual,FRED-PCU33443344,,,01_fred_semis_ppi_monthly.csv,
OBS-00087,2026-03,M,ppi_semis_us,semis,us_industry,68.269,68.269,index_1984dec=100,actual,FRED-PCU33443344,,,01_fred_semis_ppi_monthly.csv,
OBS-00088,2026-04,M,ppi_semis_us,semis,us_industry,73.171,73.171,index_1984dec=100,actual,FRED-PCU33443344,,,01_fred_semis_ppi_monthly.csv,
OBS-00089,2026-05,M,ppi_semis_us,semis,us_industry,72.885,72.885,index_1984dec=100,actual,FRED-PCU33443344,,,01_fred_semis_ppi_monthly.csv,
OBS-00090,2026-06,M,ppi_semis_us,semis,us_industry,73.627,73.627,index_1984dec=100,actual,FRED-PCU33443344,,,01_fred_semis_ppi_monthly.csv,
OBS-00091,2026-07,M,ppi_semis_us,semis,us_industry,73.125,73.125,index_1984dec=100,actual,FRED-PCU33443344,,,01_fred_semis_ppi_monthly.csv,
OBS-00092,2026-08,M,ppi_semis_us,semis,us_industry,75.548,75.548,index_1984dec=100,actual,FRED-PCU33443344,,,01_fred_semis_ppi_monthly.csv,
OBS-00093,2019-01,M,industrial_production_semis_us,semis,us_industry,103.7506,103.7506,index_2017=100,actual,FRED-IPG3344S,,,02_fred_semis_industrial_production_monthly.csv,
OBS-00094,2019-02,M,industrial_production_semis_us,semis,us_industry,104.7604,104.7604,index_2017=100,actual,FRED-IPG3344S,,,02_fred_semis_industrial_production_monthly.csv,
OBS-00095,2019-03,M,industrial_production_semis_us,semis,us_industry,105.3679,105.3679,index_2017=100,actual,FRED-IPG3344S,,,02_fred_semis_industrial_production_monthly.csv,
OBS-00096,2019-04,M,industrial_production_semis_us,semis,us_industry,105.8286,105.8286,index_2017=100,actual,FRED-IPG3344S,,,02_fred_semis_industrial_production_monthly.csv,
OBS-00097,2019-05,M,industrial_production_semis_us,semis,us_industry,105.8115,105.8115,index_2017=100,actual,FRED-IPG3344S,,,02_fred_semis_industrial_production_monthly.csv,
OBS-00098,2019-06,M,industrial_production_semis_us,semis,us_industry,106.7633,106.7633,index_2017=100,actual,FRED-IPG3344S,,,02_fred_semis_industrial_production_monthly.csv,
OBS-00099,2019-07,M,industrial_production_semis_us,semis,us_industry,107.5196,107.5196,index_2017=100,actual,FRED-IPG3344S,,,02_fred_semis_industrial_production_monthly.csv,
OBS-00100,2019-08,M,industrial_production_semis_us,semis,us_industry,109.1758,109.1758,index_2017=100,actual,FRED-IPG3344S,,,02_fred_semis_industrial_production_monthly.csv,
OBS-00101,2019-09,M,industrial_production_semis_us,semis,us_industry,108.7369,108.7369,index_2017=100,actual,FRED-IPG3344S,,,02_fred_semis_industrial_production_monthly.csv,
OBS-00102,2019-10,M,industrial_production_semis_us,semis,us_industry,108.9746,108.9746,index_2017=100,actual,FRED-IPG3344S,,,02_fred_semis_industrial_production_monthly.csv,
OBS-00103,2019-11,M,industrial_production_semis_us,semis,us_industry,110.9638,110.9638,index_2017=100,actual,FRED-IPG3344S,,,02_fred_semis_industrial_production_monthly.csv,
OBS-00104,2019-12,M,industrial_production_semis_us,semis,us_industry,112.6269,112.6269,index_2017=100,actual,FRED-IPG3344S,,,02_fred_semis_industrial_production_monthly.csv,
OBS-00105,2020-01,M,industrial_production_semis_us,semis,us_industry,110.9344,110.9344,index_2017=100,actual,FRED-IPG3344S,,,02_fred_semis_industrial_production_monthly.csv,
OBS-00106,2020-02,M,industrial_production_semis_us,semis,us_industry,108.6923,108.6923,index_2017=100,actual,FRED-IPG3344S,,,02_fred_semis_industrial_production_monthly.csv,
OBS-00107,2020-03,M,industrial_production_semis_us,semis,us_industry,109.4757,109.4757,index_2017=100,actual,FRED-IPG3344S,,,02_fred_semis_industrial_production_monthly.csv,
OBS-00108,2020-04,M,industrial_production_semis_us,semis,us_industry,107.5225,107.5225,index_2017=100,actual,FRED-IPG3344S,,,02_fred_semis_industrial_production_monthly.csv,
OBS-00109,2020-05,M,industrial_production_semis_us,semis,us_industry,107.1574,107.1574,index_2017=100,actual,FRED-IPG3344S,,,02_fred_semis_industrial_production_monthly.csv,
OBS-00110,2020-06,M,industrial_production_semis_us,semis,us_industry,109.2417,109.2417,index_2017=100,actual,FRED-IPG3344S,,,02_fred_semis_industrial_production_monthly.csv,
OBS-00111,2020-07,M,industrial_production_semis_us,semis,us_industry,111.7799,111.7799,index_2017=100,actual,FRED-IPG3344S,,,02_fred_semis_industrial_production_monthly.csv,
OBS-00112,2020-08,M,industrial_production_semis_us,semis,us_industry,112.4082,112.4082,index_2017=100,actual,FRED-IPG3344S,,,02_fred_semis_industrial_production_monthly.csv,
OBS-00113,2020-09,M,industrial_production_semis_us,semis,us_industry,115.8024,115.8024,index_2017=100,actual,FRED-IPG3344S,,,02_fred_semis_industrial_production_monthly.csv,
OBS-00114,2020-10,M,industrial_production_semis_us,semis,us_industry,119.86,119.86,index_2017=100,actual,FRED-IPG3344S,,,02_fred_semis_industrial_production_monthly.csv,
OBS-00115,2020-11,M,industrial_production_semis_us,semis,us_industry,121.1263,121.1263,index_2017=100,actual,FRED-IPG3344S,,,02_fred_semis_industrial_production_monthly.csv,
OBS-00116,2020-12,M,industrial_production_semis_us,semis,us_industry,121.0366,121.0366,index_2017=100,actual,FRED-IPG3344S,,,02_fred_semis_industrial_production_monthly.csv,
OBS-00117,2021-01,M,industrial_production_semis_us,semis,us_industry,120.3158,120.3158,index_2017=100,actual,FRED-IPG3344S,,,02_fred_semis_industrial_production_monthly.csv,
OBS-00118,2021-02,M,industrial_production_semis_us,semis,us_industry,119.1051,119.1051,index_2017=100,actual,FRED-IPG3344S,,,02_fred_semis_industrial_production_monthly.csv,
OBS-00119,2021-03,M,industrial_production_semis_us,semis,us_industry,119.6459,119.6459,index_2017=100,actual,FRED-IPG3344S,,,02_fred_semis_industrial_production_monthly.csv,
OBS-00120,2021-04,M,industrial_production_semis_us,semis,us_industry,121.9916,121.9916,index_2017=100,actual,FRED-IPG3344S,,,02_fred_semis_industrial_production_monthly.csv,
OBS-00121,2021-05,M,industrial_production_semis_us,semis,us_industry,123.9862,123.9862,index_2017=100,actual,FRED-IPG3344S,,,02_fred_semis_industrial_production_monthly.csv,
OBS-00122,2021-06,M,industrial_production_semis_us,semis,us_industry,121.2857,121.2857,index_2017=100,actual,FRED-IPG3344S,,,02_fred_semis_industrial_production_monthly.csv,
OBS-00123,2021-07,M,industrial_production_semis_us,semis,us_industry,117.7423,117.7423,index_2017=100,actual,FRED-IPG3344S,,,02_fred_semis_industrial_production_monthly.csv,
OBS-00124,2021-08,M,industrial_production_semis_us,semis,us_industry,117.8182,117.8182,index_2017=100,actual,FRED-IPG3344S,,,02_fred_semis_industrial_production_monthly.csv,
OBS-00125,2021-09,M,industrial_production_semis_us,semis,us_industry,118.1095,118.1095,index_2017=100,actual,FRED-IPG3344S,,,02_fred_semis_industrial_production_monthly.csv,
OBS-00126,2021-10,M,industrial_production_semis_us,semis,us_industry,119.9345,119.9345,index_2017=100,actual,FRED-IPG3344S,,,02_fred_semis_industrial_production_monthly.csv,
OBS-00127,2021-11,M,industrial_production_semis_us,semis,us_industry,122.4168,122.4168,index_2017=100,actual,FRED-IPG3344S,,,02_fred_semis_industrial_production_monthly.csv,
OBS-00128,2021-12,M,industrial_production_semis_us,semis,us_industry,124.7074,124.7074,index_2017=100,actual,FRED-IPG3344S,,,02_fred_semis_industrial_production_monthly.csv,
OBS-00129,2022-01,M,industrial_production_semis_us,semis,us_industry,125.773,125.773,index_2017=100,actual,FRED-IPG3344S,,,02_fred_semis_industrial_production_monthly.csv,
OBS-00130,2022-02,M,industrial_production_semis_us,semis,us_industry,128.9521,128.9521,index_2017=100,actual,FRED-IPG3344S,,,02_fred_semis_industrial_production_monthly.csv,
OBS-00131,2022-03,M,industrial_production_semis_us,semis,us_industry,129.5542,129.5542,index_2017=100,actual,FRED-IPG3344S,,,02_fred_semis_industrial_production_monthly.csv,
OBS-00132,2022-04,M,industrial_production_semis_us,semis,us_industry,127.9384,127.9384,index_2017=100,actual,FRED-IPG3344S,,,02_fred_semis_industrial_production_monthly.csv,
OBS-00133,2022-05,M,industrial_production_semis_us,semis,us_industry,128.77,128.77,index_2017=100,actual,FRED-IPG3344S,,,02_fred_semis_industrial_production_monthly.csv,
OBS-00134,2022-06,M,industrial_production_semis_us,semis,us_industry,131.2495,131.2495,index_2017=100,actual,FRED-IPG3344S,,,02_fred_semis_industrial_production_monthly.csv,
OBS-00135,2022-07,M,industrial_production_semis_us,semis,us_industry,131.7061,131.7061,index_2017=100,actual,FRED-IPG3344S,,,02_fred_semis_industrial_production_monthly.csv,
OBS-00136,2022-08,M,industrial_production_semis_us,semis,us_industry,132.8333,132.8333,index_2017=100,actual,FRED-IPG3344S,,,02_fred_semis_industrial_production_monthly.csv,
OBS-00137,2022-09,M,industrial_production_semis_us,semis,us_industry,134.0567,134.0567,index_2017=100,actual,FRED-IPG3344S,,,02_fred_semis_industrial_production_monthly.csv,
OBS-00138,2022-10,M,industrial_production_semis_us,semis,us_industry,132.9257,132.9257,index_2017=100,actual,FRED-IPG3344S,,,02_fred_semis_industrial_production_monthly.csv,
OBS-00139,2022-11,M,industrial_production_semis_us,semis,us_industry,133.4489,133.4489,index_2017=100,actual,FRED-IPG3344S,,,02_fred_semis_industrial_production_monthly.csv,
OBS-00140,2022-12,M,industrial_production_semis_us,semis,us_industry,130.8489,130.8489,index_2017=100,actual,FRED-IPG3344S,,,02_fred_semis_industrial_production_monthly.csv,
OBS-00141,2023-01,M,industrial_production_semis_us,semis,us_industry,130.0403,130.0403,index_2017=100,actual,FRED-IPG3344S,,,02_fred_semis_industrial_production_monthly.csv,
OBS-00142,2023-02,M,industrial_production_semis_us,semis,us_industry,133.54,133.54,index_2017=100,actual,FRED-IPG3344S,,,02_fred_semis_industrial_production_monthly.csv,
OBS-00143,2023-03,M,industrial_production_semis_us,semis,us_industry,133.5331,133.5331,index_2017=100,actual,FRED-IPG3344S,,,02_fred_semis_industrial_production_monthly.csv,
OBS-00144,2023-04,M,industrial_production_semis_us,semis,us_industry,135.8398,135.8398,index_2017=100,actual,FRED-IPG3344S,,,02_fred_semis_industrial_production_monthly.csv,
OBS-00145,2023-05,M,industrial_production_semis_us,semis,us_industry,136.0676,136.0676,index_2017=100,actual,FRED-IPG3344S,,,02_fred_semis_industrial_production_monthly.csv,
OBS-00146,2023-06,M,industrial_production_semis_us,semis,us_industry,135.4366,135.4366,index_2017=100,actual,FRED-IPG3344S,,,02_fred_semis_industrial_production_monthly.csv,
OBS-00147,2023-07,M,industrial_production_semis_us,semis,us_industry,136.6894,136.6894,index_2017=100,actual,FRED-IPG3344S,,,02_fred_semis_industrial_production_monthly.csv,
OBS-00148,2023-08,M,industrial_production_semis_us,semis,us_industry,135.6233,135.6233,index_2017=100,actual,FRED-IPG3344S,,,02_fred_semis_industrial_production_monthly.csv,
OBS-00149,2023-09,M,industrial_production_semis_us,semis,us_industry,134.4233,134.4233,index_2017=100,actual,FRED-IPG3344S,,,02_fred_semis_industrial_production_monthly.csv,
OBS-00150,2023-10,M,industrial_production_semis_us,semis,us_industry,136.4045,136.4045,index_2017=100,actual,FRED-IPG3344S,,,02_fred_semis_industrial_production_monthly.csv,
OBS-00151,2023-11,M,industrial_production_semis_us,semis,us_industry,137.8263,137.8263,index_2017=100,actual,FRED-IPG3344S,,,02_fred_semis_industrial_production_monthly.csv,
OBS-00152,2023-12,M,industrial_production_semis_us,semis,us_industry,138.9374,138.9374,index_2017=100,actual,FRED-IPG3344S,,,02_fred_semis_industrial_production_monthly.csv,
OBS-00153,2024-01,M,industrial_production_semis_us,semis,us_industry,139.4212,139.4212,index_2017=100,actual,FRED-IPG3344S,,,02_fred_semis_industrial_production_monthly.csv,
OBS-00154,2024-02,M,industrial_production_semis_us,semis,us_industry,138.2248,138.2248,index_2017=100,actual,FRED-IPG3344S,,,02_fred_semis_industrial_production_monthly.csv,
OBS-00155,2024-03,M,industrial_production_semis_us,semis,us_industry,138.3547,138.3547,index_2017=100,actual,FRED-IPG3344S,,,02_fred_semis_industrial_production_monthly.csv,
OBS-00156,2024-04,M,industrial_production_semis_us,semis,us_industry,143.8737,143.8737,index_2017=100,actual,FRED-IPG3344S,,,02_fred_semis_industrial_production_monthly.csv,
OBS-00157,2024-05,M,industrial_production_semis_us,semis,us_industry,144.2792,144.2792,index_2017=100,actual,FRED-IPG3344S,,,02_fred_semis_industrial_production_monthly.csv,
OBS-00158,2024-06,M,industrial_production_semis_us,semis,us_industry,143.4192,143.4192,index_2017=100,actual,FRED-IPG3344S,,,02_fred_semis_industrial_production_monthly.csv,
OBS-00159,2024-07,M,industrial_production_semis_us,semis,us_industry,143.4068,143.4068,index_2017=100,actual,FRED-IPG3344S,,,02_fred_semis_industrial_production_monthly.csv,
OBS-00160,2024-08,M,industrial_production_semis_us,semis,us_industry,148.7946,148.7946,index_2017=100,actual,FRED-IPG3344S,,,02_fred_semis_industrial_production_monthly.csv,
OBS-00161,2024-09,M,industrial_production_semis_us,semis,us_industry,146.4195,146.4195,index_2017=100,actual,FRED-IPG3344S,,,02_fred_semis_industrial_production_monthly.csv,
OBS-00162,2024-10,M,industrial_production_semis_us,semis,us_industry,148.7125,148.7125,index_2017=100,actual,FRED-IPG3344S,,,02_fred_semis_industrial_production_monthly.csv,
OBS-00163,2024-11,M,industrial_production_semis_us,semis,us_industry,148.1992,148.1992,index_2017=100,actual,FRED-IPG3344S,,,02_fred_semis_industrial_production_monthly.csv,
OBS-00164,2024-12,M,industrial_production_semis_us,semis,us_industry,150.2275,150.2275,index_2017=100,actual,FRED-IPG3344S,,,02_fred_semis_industrial_production_monthly.csv,
OBS-00165,2025-01,M,industrial_production_semis_us,semis,us_industry,158.0732,158.0732,index_2017=100,actual,FRED-IPG3344S,,,02_fred_semis_industrial_production_monthly.csv,
OBS-00166,2025-02,M,industrial_production_semis_us,semis,us_industry,159.6876,159.6876,index_2017=100,actual,FRED-IPG3344S,,,02_fred_semis_industrial_production_monthly.csv,
OBS-00167,2025-03,M,industrial_production_semis_us,semis,us_industry,159.2281,159.2281,index_2017=100,actual,FRED-IPG3344S,,,02_fred_semis_industrial_production_monthly.csv,
OBS-00168,2025-04,M,industrial_production_semis_us,semis,us_industry,162.2271,162.2271,index_2017=100,actual,FRED-IPG3344S,,,02_fred_semis_industrial_production_monthly.csv,
OBS-00169,2025-05,M,industrial_production_semis_us,semis,us_industry,164.3526,164.3526,index_2017=100,actual,FRED-IPG3344S,,,02_fred_semis_industrial_production_monthly.csv,
OBS-00170,2025-06,M,industrial_production_semis_us,semis,us_industry,163.1741,163.1741,index_2017=100,actual,FRED-IPG3344S,,,02_fred_semis_industrial_production_monthly.csv,
OBS-00171,2025-07,M,industrial_production_semis_us,semis,us_industry,171.5555,171.5555,index_2017=100,actual,FRED-IPG3344S,,,02_fred_semis_industrial_production_monthly.csv,
OBS-00172,2025-08,M,industrial_production_semis_us,semis,us_industry,169.197,169.197,index_2017=100,actual,FRED-IPG3344S,,,02_fred_semis_industrial_production_monthly.csv,
OBS-00173,2025-09,M,industrial_production_semis_us,semis,us_industry,165.667,165.667,index_2017=100,actual,FRED-IPG3344S,,,02_fred_semis_industrial_production_monthly.csv,
OBS-00174,2025-10,M,industrial_production_semis_us,semis,us_industry,169.1163,169.1163,index_2017=100,actual,FRED-IPG3344S,,,02_fred_semis_industrial_production_monthly.csv,
OBS-00175,2025-11,M,industrial_production_semis_us,semis,us_industry,169.7424,169.7424,index_2017=100,actual,FRED-IPG3344S,,,02_fred_semis_industrial_production_monthly.csv,
OBS-00176,2025-12,M,industrial_production_semis_us,semis,us_industry,170.5402,170.5402,index_2017=100,actual,FRED-IPG3344S,,,02_fred_semis_industrial_production_monthly.csv,
OBS-00177,2026-01,M,industrial_production_semis_us,semis,us_industry,176.7104,176.7104,index_2017=100,actual,FRED-IPG3344S,,,02_fred_semis_industrial_production_monthly.csv,
OBS-00178,2026-02,M,industrial_production_semis_us,semis,us_industry,176.1804,176.1804,index_2017=100,actual,FRED-IPG3344S,,,02_fred_semis_industrial_production_monthly.csv,
OBS-00179,2026-03,M,industrial_production_semis_us,semis,us_industry,173.6932,173.6932,index_2017=100,actual,FRED-IPG3344S,,,02_fred_semis_industrial_production_monthly.csv,
OBS-00180,2026-04,M,industrial_production_semis_us,semis,us_industry,176.6948,176.6948,index_2017=100,actual,FRED-IPG3344S,,,02_fred_semis_industrial_production_monthly.csv,
OBS-00181,2026-05,M,industrial_production_semis_us,semis,us_industry,184.1891,184.1891,index_2017=100,actual,FRED-IPG3344S,,,02_fred_semis_industrial_production_monthly.csv,
OBS-00182,2026-06,M,industrial_production_semis_us,semis,us_industry,187.5187,187.5187,index_2017=100,actual,FRED-IPG3344S,,,02_fred_semis_industrial_production_monthly.csv,
OBS-00183,2026-07,M,industrial_production_semis_us,semis,us_industry,190.2607,190.2607,index_2017=100,actual,FRED-IPG3344S,,,02_fred_semis_industrial_production_monthly.csv,
OBS-00184,2026-08,M,industrial_production_semis_us,semis,us_industry,190.0987,190.0987,index_2017=100,actual,FRED-IPG3344S,,,02_fred_semis_industrial_production_monthly.csv,
OBS-00185,2019-01,M,export_price_index_contract_ccy,dram,korea_exports,173.75,173.75,index_2020=100,actual,BOK-ECOS-402Y016,,,10_ecos_dram_export_price_index.csv,
OBS-00186,2019-01,M,export_price_index_krw,dram,korea_exports,164.96,164.96,index_2020=100,actual,BOK-ECOS-402Y016,,,10_ecos_dram_export_price_index.csv,
OBS-00187,2019-02,M,export_price_index_contract_ccy,dram,korea_exports,161.72,161.72,index_2020=100,actual,BOK-ECOS-402Y016,,,10_ecos_dram_export_price_index.csv,
OBS-00188,2019-02,M,export_price_index_krw,dram,korea_exports,153.61,153.61,index_2020=100,actual,BOK-ECOS-402Y016,,,10_ecos_dram_export_price_index.csv,
OBS-00189,2019-03,M,export_price_index_contract_ccy,dram,korea_exports,152.29,152.29,index_2020=100,actual,BOK-ECOS-402Y016,,,10_ecos_dram_export_price_index.csv,
OBS-00190,2019-03,M,export_price_index_krw,dram,korea_exports,145.7,145.7,index_2020=100,actual,BOK-ECOS-402Y016,,,10_ecos_dram_export_price_index.csv,
OBS-00191,2019-04,M,export_price_index_contract_ccy,dram,korea_exports,136.04,136.04,index_2020=100,actual,BOK-ECOS-402Y016,,,10_ecos_dram_export_price_index.csv,
OBS-00192,2019-04,M,export_price_index_krw,dram,korea_exports,131.31,131.31,index_2020=100,actual,BOK-ECOS-402Y016,,,10_ecos_dram_export_price_index.csv,
OBS-00193,2019-05,M,export_price_index_contract_ccy,dram,korea_exports,130.56,130.56,index_2020=100,actual,BOK-ECOS-402Y016,,,10_ecos_dram_export_price_index.csv,
OBS-00194,2019-05,M,export_price_index_krw,dram,korea_exports,130.72,130.72,index_2020=100,actual,BOK-ECOS-402Y016,,,10_ecos_dram_export_price_index.csv,
OBS-00195,2019-06,M,export_price_index_contract_ccy,dram,korea_exports,124.46,124.46,index_2020=100,actual,BOK-ECOS-402Y016,,,10_ecos_dram_export_price_index.csv,
OBS-00196,2019-06,M,export_price_index_krw,dram,korea_exports,123.8,123.8,index_2020=100,actual,BOK-ECOS-402Y016,,,10_ecos_dram_export_price_index.csv,
OBS-00197,2019-07,M,export_price_index_contract_ccy,dram,korea_exports,107.12,107.12,index_2020=100,actual,BOK-ECOS-402Y016,,,10_ecos_dram_export_price_index.csv,
OBS-00198,2019-07,M,export_price_index_krw,dram,korea_exports,106.52,106.52,index_2020=100,actual,BOK-ECOS-402Y016,,,10_ecos_dram_export_price_index.csv,
OBS-00199,2019-08,M,export_price_index_contract_ccy,dram,korea_exports,106.73,106.73,index_2020=100,actual,BOK-ECOS-402Y016,,,10_ecos_dram_export_price_index.csv,
OBS-00200,2019-08,M,export_price_index_krw,dram,korea_exports,109.18,109.18,index_2020=100,actual,BOK-ECOS-402Y016,,,10_ecos_dram_export_price_index.csv,
OBS-00201,2019-09,M,export_price_index_contract_ccy,dram,korea_exports,106.73,106.73,index_2020=100,actual,BOK-ECOS-402Y016,,,10_ecos_dram_export_price_index.csv,
OBS-00202,2019-09,M,export_price_index_krw,dram,korea_exports,108.15,108.15,index_2020=100,actual,BOK-ECOS-402Y016,,,10_ecos_dram_export_price_index.csv,
OBS-00203,2019-10,M,export_price_index_contract_ccy,dram,korea_exports,100.17,100.17,index_2020=100,actual,BOK-ECOS-402Y016,,,10_ecos_dram_export_price_index.csv,
OBS-00204,2019-10,M,export_price_index_krw,dram,korea_exports,100.36,100.36,index_2020=100,actual,BOK-ECOS-402Y016,,,10_ecos_dram_export_price_index.csv,
OBS-00205,2019-11,M,export_price_index_contract_ccy,dram,korea_exports,99.92,99.92,index_2020=100,actual,BOK-ECOS-402Y016,,,10_ecos_dram_export_price_index.csv,
OBS-00206,2019-11,M,export_price_index_krw,dram,korea_exports,98.69,98.69,index_2020=100,actual,BOK-ECOS-402Y016,,,10_ecos_dram_export_price_index.csv,
OBS-00207,2019-12,M,export_price_index_contract_ccy,dram,korea_exports,99.74,99.74,index_2020=100,actual,BOK-ECOS-402Y016,,,10_ecos_dram_export_price_index.csv,
OBS-00208,2019-12,M,export_price_index_krw,dram,korea_exports,99.24,99.24,index_2020=100,actual,BOK-ECOS-402Y016,,,10_ecos_dram_export_price_index.csv,
OBS-00209,2020-01,M,export_price_index_contract_ccy,dram,korea_exports,98.19,98.19,index_2020=100,actual,BOK-ECOS-402Y016,,,10_ecos_dram_export_price_index.csv,
OBS-00210,2020-01,M,export_price_index_krw,dram,korea_exports,96.73,96.73,index_2020=100,actual,BOK-ECOS-402Y016,,,10_ecos_dram_export_price_index.csv,
OBS-00211,2020-02,M,export_price_index_contract_ccy,dram,korea_exports,98.42,98.42,index_2020=100,actual,BOK-ECOS-402Y016,,,10_ecos_dram_export_price_index.csv,
OBS-00212,2020-02,M,export_price_index_krw,dram,korea_exports,99.41,99.41,index_2020=100,actual,BOK-ECOS-402Y016,,,10_ecos_dram_export_price_index.csv,
OBS-00213,2020-03,M,export_price_index_contract_ccy,dram,korea_exports,99.28,99.28,index_2020=100,actual,BOK-ECOS-402Y016,,,10_ecos_dram_export_price_index.csv,
OBS-00214,2020-03,M,export_price_index_krw,dram,korea_exports,102.51,102.51,index_2020=100,actual,BOK-ECOS-402Y016,,,10_ecos_dram_export_price_index.csv,
OBS-00215,2020-04,M,export_price_index_contract_ccy,dram,korea_exports,106.21,106.21,index_2020=100,actual,BOK-ECOS-402Y016,,,10_ecos_dram_export_price_index.csv,
OBS-00216,2020-04,M,export_price_index_krw,dram,korea_exports,110.11,110.11,index_2020=100,actual,BOK-ECOS-402Y016,,,10_ecos_dram_export_price_index.csv,
OBS-00217,2020-05,M,export_price_index_contract_ccy,dram,korea_exports,106.34,106.34,index_2020=100,actual,BOK-ECOS-402Y016,,,10_ecos_dram_export_price_index.csv,
OBS-00218,2020-05,M,export_price_index_krw,dram,korea_exports,110.56,110.56,index_2020=100,actual,BOK-ECOS-402Y016,,,10_ecos_dram_export_price_index.csv,
OBS-00219,2020-06,M,export_price_index_contract_ccy,dram,korea_exports,106.34,106.34,index_2020=100,actual,BOK-ECOS-402Y016,,,10_ecos_dram_export_price_index.csv,
OBS-00220,2020-06,M,export_price_index_krw,dram,korea_exports,108.89,108.89,index_2020=100,actual,BOK-ECOS-402Y016,,,10_ecos_dram_export_price_index.csv,
OBS-00221,2020-07,M,export_price_index_contract_ccy,dram,korea_exports,100.42,100.42,index_2020=100,actual,BOK-ECOS-402Y016,,,10_ecos_dram_export_price_index.csv,
OBS-00222,2020-07,M,export_price_index_krw,dram,korea_exports,101.88,101.88,index_2020=100,actual,BOK-ECOS-402Y016,,,10_ecos_dram_export_price_index.csv,
OBS-00223,2020-08,M,export_price_index_contract_ccy,dram,korea_exports,100.42,100.42,index_2020=100,actual,BOK-ECOS-402Y016,,,10_ecos_dram_export_price_index.csv,
OBS-00224,2020-08,M,export_price_index_krw,dram,korea_exports,100.86,100.86,index_2020=100,actual,BOK-ECOS-402Y016,,,10_ecos_dram_export_price_index.csv,
OBS-00225,2020-09,M,export_price_index_contract_ccy,dram,korea_exports,100.42,100.42,index_2020=100,actual,BOK-ECOS-402Y016,,,10_ecos_dram_export_price_index.csv,
OBS-00226,2020-09,M,export_price_index_krw,dram,korea_exports,100.18,100.18,index_2020=100,actual,BOK-ECOS-402Y016,,,10_ecos_dram_export_price_index.csv,
OBS-00227,2020-10,M,export_price_index_contract_ccy,dram,korea_exports,94.65,94.65,index_2020=100,actual,BOK-ECOS-402Y016,,,10_ecos_dram_export_price_index.csv,
OBS-00228,2020-10,M,export_price_index_krw,dram,korea_exports,91.69,91.69,index_2020=100,actual,BOK-ECOS-402Y016,,,10_ecos_dram_export_price_index.csv,
OBS-00229,2020-11,M,export_price_index_contract_ccy,dram,korea_exports,94.65,94.65,index_2020=100,actual,BOK-ECOS-402Y016,,,10_ecos_dram_export_price_index.csv,
OBS-00230,2020-11,M,export_price_index_krw,dram,korea_exports,89.46,89.46,index_2020=100,actual,BOK-ECOS-402Y016,,,10_ecos_dram_export_price_index.csv,
OBS-00231,2020-12,M,export_price_index_contract_ccy,dram,korea_exports,94.65,94.65,index_2020=100,actual,BOK-ECOS-402Y016,,,10_ecos_dram_export_price_index.csv,
OBS-00232,2020-12,M,export_price_index_krw,dram,korea_exports,87.72,87.72,index_2020=100,actual,BOK-ECOS-402Y016,,,10_ecos_dram_export_price_index.csv,
OBS-00233,2021-01,M,export_price_index_contract_ccy,dram,korea_exports,97.8,97.8,index_2020=100,actual,BOK-ECOS-402Y016,,,10_ecos_dram_export_price_index.csv,
OBS-00234,2021-01,M,export_price_index_krw,dram,korea_exports,90.84,90.84,index_2020=100,actual,BOK-ECOS-402Y016,,,10_ecos_dram_export_price_index.csv,
OBS-00235,2021-02,M,export_price_index_contract_ccy,dram,korea_exports,97.94,97.94,index_2020=100,actual,BOK-ECOS-402Y016,,,10_ecos_dram_export_price_index.csv,
OBS-00236,2021-02,M,export_price_index_krw,dram,korea_exports,92.15,92.15,index_2020=100,actual,BOK-ECOS-402Y016,,,10_ecos_dram_export_price_index.csv,
OBS-00237,2021-03,M,export_price_index_contract_ccy,dram,korea_exports,97.94,97.94,index_2020=100,actual,BOK-ECOS-402Y016,,,10_ecos_dram_export_price_index.csv,
OBS-00238,2021-03,M,export_price_index_krw,dram,korea_exports,93.75,93.75,index_2020=100,actual,BOK-ECOS-402Y016,,,10_ecos_dram_export_price_index.csv,
OBS-00239,2021-04,M,export_price_index_contract_ccy,dram,korea_exports,115.45,115.45,index_2020=100,actual,BOK-ECOS-402Y016,,,10_ecos_dram_export_price_index.csv,
OBS-00240,2021-04,M,export_price_index_krw,dram,korea_exports,109.36,109.36,index_2020=100,actual,BOK-ECOS-402Y016,,,10_ecos_dram_export_price_index.csv,
OBS-00241,2021-05,M,export_price_index_contract_ccy,dram,korea_exports,115.45,115.45,index_2020=100,actual,BOK-ECOS-402Y016,,,10_ecos_dram_export_price_index.csv,
OBS-00242,2021-05,M,export_price_index_krw,dram,korea_exports,109.74,109.74,index_2020=100,actual,BOK-ECOS-402Y016,,,10_ecos_dram_export_price_index.csv,
OBS-00243,2021-06,M,export_price_index_contract_ccy,dram,korea_exports,115.45,115.45,index_2020=100,actual,BOK-ECOS-402Y016,,,10_ecos_dram_export_price_index.csv,
OBS-00244,2021-06,M,export_price_index_krw,dram,korea_exports,109.55,109.55,index_2020=100,actual,BOK-ECOS-402Y016,,,10_ecos_dram_export_price_index.csv,
OBS-00245,2021-07,M,export_price_index_contract_ccy,dram,korea_exports,123.0,123.0,index_2020=100,actual,BOK-ECOS-402Y016,,,10_ecos_dram_export_price_index.csv,
OBS-00246,2021-07,M,export_price_index_krw,dram,korea_exports,119.08,119.08,index_2020=100,actual,BOK-ECOS-402Y016,,,10_ecos_dram_export_price_index.csv,
OBS-00247,2021-08,M,export_price_index_contract_ccy,dram,korea_exports,123.0,123.0,index_2020=100,actual,BOK-ECOS-402Y016,,,10_ecos_dram_export_price_index.csv,
OBS-00248,2021-08,M,export_price_index_krw,dram,korea_exports,120.77,120.77,index_2020=100,actual,BOK-ECOS-402Y016,,,10_ecos_dram_export_price_index.csv,
OBS-00249,2021-09,M,export_price_index_contract_ccy,dram,korea_exports,123.0,123.0,index_2020=100,actual,BOK-ECOS-402Y016,,,10_ecos_dram_export_price_index.csv,
OBS-00250,2021-09,M,export_price_index_krw,dram,korea_exports,121.72,121.72,index_2020=100,actual,BOK-ECOS-402Y016,,,10_ecos_dram_export_price_index.csv,
OBS-00251,2021-10,M,export_price_index_contract_ccy,dram,korea_exports,116.01,116.01,index_2020=100,actual,BOK-ECOS-402Y016,,,10_ecos_dram_export_price_index.csv,
OBS-00252,2021-10,M,export_price_index_krw,dram,korea_exports,116.13,116.13,index_2020=100,actual,BOK-ECOS-402Y016,,,10_ecos_dram_export_price_index.csv,
OBS-00253,2021-11,M,export_price_index_contract_ccy,dram,korea_exports,116.01,116.01,index_2020=100,actual,BOK-ECOS-402Y016,,,10_ecos_dram_export_price_index.csv,
OBS-00254,2021-11,M,export_price_index_krw,dram,korea_exports,116.15,116.15,index_2020=100,actual,BOK-ECOS-402Y016,,,10_ecos_dram_export_price_index.csv,
OBS-00255,2021-12,M,export_price_index_contract_ccy,dram,korea_exports,116.01,116.01,index_2020=100,actual,BOK-ECOS-402Y016,,,10_ecos_dram_export_price_index.csv,
OBS-00256,2021-12,M,export_price_index_krw,dram,korea_exports,116.21,116.21,index_2020=100,actual,BOK-ECOS-402Y016,,,10_ecos_dram_export_price_index.csv,
OBS-00257,2022-01,M,export_price_index_contract_ccy,dram,korea_exports,103.39,103.39,index_2020=100,actual,BOK-ECOS-402Y016,,,10_ecos_dram_export_price_index.csv,
OBS-00258,2022-01,M,export_price_index_krw,dram,korea_exports,104.47,104.47,index_2020=100,actual,BOK-ECOS-402Y016,,,10_ecos_dram_export_price_index.csv,
OBS-00259,2022-02,M,export_price_index_contract_ccy,dram,korea_exports,103.39,103.39,index_2020=100,actual,BOK-ECOS-402Y016,,,10_ecos_dram_export_price_index.csv,
OBS-00260,2022-02,M,export_price_index_krw,dram,korea_exports,104.85,104.85,index_2020=100,actual,BOK-ECOS-402Y016,,,10_ecos_dram_export_price_index.csv,
OBS-00261,2022-03,M,export_price_index_contract_ccy,dram,korea_exports,103.39,103.39,index_2020=100,actual,BOK-ECOS-402Y016,,,10_ecos_dram_export_price_index.csv,
OBS-00262,2022-03,M,export_price_index_krw,dram,korea_exports,106.84,106.84,index_2020=100,actual,BOK-ECOS-402Y016,,,10_ecos_dram_export_price_index.csv,
OBS-00263,2022-04,M,export_price_index_contract_ccy,dram,korea_exports,102.71,102.71,index_2020=100,actual,BOK-ECOS-402Y016,,,10_ecos_dram_export_price_index.csv,
OBS-00264,2022-04,M,export_price_index_krw,dram,korea_exports,107.13,107.13,index_2020=100,actual,BOK-ECOS-402Y016,,,10_ecos_dram_export_price_index.csv,
OBS-00265,2022-05,M,export_price_index_contract_ccy,dram,korea_exports,102.14,102.14,index_2020=100,actual,BOK-ECOS-402Y016,,,10_ecos_dram_export_price_index.csv,
OBS-00266,2022-05,M,export_price_index_krw,dram,korea_exports,109.77,109.77,index_2020=100,actual,BOK-ECOS-402Y016,,,10_ecos_dram_export_price_index.csv,
OBS-00267,2022-06,M,export_price_index_contract_ccy,dram,korea_exports,101.67,101.67,index_2020=100,actual,BOK-ECOS-402Y016,,,10_ecos_dram_export_price_index.csv,
OBS-00268,2022-06,M,export_price_index_krw,dram,korea_exports,109.91,109.91,index_2020=100,actual,BOK-ECOS-402Y016,,,10_ecos_dram_export_price_index.csv,
OBS-00269,2022-07,M,export_price_index_contract_ccy,dram,korea_exports,90.59,90.59,index_2020=100,actual,BOK-ECOS-402Y016,,,10_ecos_dram_export_price_index.csv,
OBS-00270,2022-07,M,export_price_index_krw,dram,korea_exports,100.25,100.25,index_2020=100,actual,BOK-ECOS-402Y016,,,10_ecos_dram_export_price_index.csv,
OBS-00271,2022-08,M,export_price_index_contract_ccy,dram,korea_exports,90.31,90.31,index_2020=100,actual,BOK-ECOS-402Y016,,,10_ecos_dram_export_price_index.csv,
OBS-00272,2022-08,M,export_price_index_krw,dram,korea_exports,100.77,100.77,index_2020=100,actual,BOK-ECOS-402Y016,,,10_ecos_dram_export_price_index.csv,
OBS-00273,2022-09,M,export_price_index_contract_ccy,dram,korea_exports,87.77,87.77,index_2020=100,actual,BOK-ECOS-402Y016,,,10_ecos_dram_export_price_index.csv,
OBS-00274,2022-09,M,export_price_index_krw,dram,korea_exports,103.38,103.38,index_2020=100,actual,BOK-ECOS-402Y016,,,10_ecos_dram_export_price_index.csv,
OBS-00275,2022-10,M,export_price_index_contract_ccy,dram,korea_exports,71.77,71.77,index_2020=100,actual,BOK-ECOS-402Y016,,,10_ecos_dram_export_price_index.csv,
OBS-00276,2022-10,M,export_price_index_krw,dram,korea_exports,86.66,86.66,index_2020=100,actual,BOK-ECOS-402Y016,,,10_ecos_dram_export_price_index.csv,
OBS-00277,2022-11,M,export_price_index_contract_ccy,dram,korea_exports,71.77,71.77,index_2020=100,actual,BOK-ECOS-402Y016,,,10_ecos_dram_export_price_index.csv,
OBS-00278,2022-11,M,export_price_index_krw,dram,korea_exports,82.86,82.86,index_2020=100,actual,BOK-ECOS-402Y016,,,10_ecos_dram_export_price_index.csv,
OBS-00279,2022-12,M,export_price_index_contract_ccy,dram,korea_exports,70.92,70.92,index_2020=100,actual,BOK-ECOS-402Y016,,,10_ecos_dram_export_price_index.csv,
OBS-00280,2022-12,M,export_price_index_krw,dram,korea_exports,77.8,77.8,index_2020=100,actual,BOK-ECOS-402Y016,,,10_ecos_dram_export_price_index.csv,
OBS-00281,2023-01,M,export_price_index_contract_ccy,dram,korea_exports,61.81,61.81,index_2020=100,actual,BOK-ECOS-402Y016,,,10_ecos_dram_export_price_index.csv,
OBS-00282,2023-01,M,export_price_index_krw,dram,korea_exports,65.24,65.24,index_2020=100,actual,BOK-ECOS-402Y016,,,10_ecos_dram_export_price_index.csv,
OBS-00283,2023-02,M,export_price_index_contract_ccy,dram,korea_exports,60.59,60.59,index_2020=100,actual,BOK-ECOS-402Y016,,,10_ecos_dram_export_price_index.csv,
OBS-00284,2023-02,M,export_price_index_krw,dram,korea_exports,65.17,65.17,index_2020=100,actual,BOK-ECOS-402Y016,,,10_ecos_dram_export_price_index.csv,
OBS-00285,2023-03,M,export_price_index_contract_ccy,dram,korea_exports,60.18,60.18,index_2020=100,actual,BOK-ECOS-402Y016,,,10_ecos_dram_export_price_index.csv,
OBS-00286,2023-03,M,export_price_index_krw,dram,korea_exports,66.5,66.5,index_2020=100,actual,BOK-ECOS-402Y016,,,10_ecos_dram_export_price_index.csv,
OBS-00287,2023-04,M,export_price_index_contract_ccy,dram,korea_exports,50.94,50.94,index_2020=100,actual,BOK-ECOS-402Y016,,,10_ecos_dram_export_price_index.csv,
OBS-00288,2023-04,M,export_price_index_krw,dram,korea_exports,56.91,56.91,index_2020=100,actual,BOK-ECOS-402Y016,,,10_ecos_dram_export_price_index.csv,
OBS-00289,2023-05,M,export_price_index_contract_ccy,dram,korea_exports,50.86,50.86,index_2020=100,actual,BOK-ECOS-402Y016,,,10_ecos_dram_export_price_index.csv,
OBS-00290,2023-05,M,export_price_index_krw,dram,korea_exports,57.18,57.18,index_2020=100,actual,BOK-ECOS-402Y016,,,10_ecos_dram_export_price_index.csv,
OBS-00291,2023-06,M,export_price_index_contract_ccy,dram,korea_exports,50.06,50.06,index_2020=100,actual,BOK-ECOS-402Y016,,,10_ecos_dram_export_price_index.csv,
OBS-00292,2023-06,M,export_price_index_krw,dram,korea_exports,54.93,54.93,index_2020=100,actual,BOK-ECOS-402Y016,,,10_ecos_dram_export_price_index.csv,
OBS-00293,2023-07,M,export_price_index_contract_ccy,dram,korea_exports,49.53,49.53,index_2020=100,actual,BOK-ECOS-402Y016,,,10_ecos_dram_export_price_index.csv,
OBS-00294,2023-07,M,export_price_index_krw,dram,korea_exports,53.92,53.92,index_2020=100,actual,BOK-ECOS-402Y016,,,10_ecos_dram_export_price_index.csv,
OBS-00295,2023-08,M,export_price_index_contract_ccy,dram,korea_exports,49.51,49.51,index_2020=100,actual,BOK-ECOS-402Y016,,,10_ecos_dram_export_price_index.csv,
OBS-00296,2023-08,M,export_price_index_krw,dram,korea_exports,55.24,55.24,index_2020=100,actual,BOK-ECOS-402Y016,,,10_ecos_dram_export_price_index.csv,
OBS-00297,2023-09,M,export_price_index_contract_ccy,dram,korea_exports,49.51,49.51,index_2020=100,actual,BOK-ECOS-402Y016,,,10_ecos_dram_export_price_index.csv,
OBS-00298,2023-09,M,export_price_index_krw,dram,korea_exports,55.7,55.7,index_2020=100,actual,BOK-ECOS-402Y016,,,10_ecos_dram_export_price_index.csv,
OBS-00299,2023-10,M,export_price_index_contract_ccy,dram,korea_exports,53.57,53.57,index_2020=100,actual,BOK-ECOS-402Y016,,,10_ecos_dram_export_price_index.csv,
OBS-00300,2023-10,M,export_price_index_krw,dram,korea_exports,61.24,61.24,index_2020=100,actual,BOK-ECOS-402Y016,,,10_ecos_dram_export_price_index.csv,
OBS-00301,2023-11,M,export_price_index_contract_ccy,dram,korea_exports,54.25,54.25,index_2020=100,actual,BOK-ECOS-402Y016,,,10_ecos_dram_export_price_index.csv,
OBS-00302,2023-11,M,export_price_index_krw,dram,korea_exports,60.16,60.16,index_2020=100,actual,BOK-ECOS-402Y016,,,10_ecos_dram_export_price_index.csv,
OBS-00303,2023-12,M,export_price_index_contract_ccy,dram,korea_exports,55.27,55.27,index_2020=100,actual,BOK-ECOS-402Y016,,,10_ecos_dram_export_price_index.csv,
OBS-00304,2023-12,M,export_price_index_krw,dram,korea_exports,61.0,61.0,index_2020=100,actual,BOK-ECOS-402Y016,,,10_ecos_dram_export_price_index.csv,
OBS-00305,2024-01,M,export_price_index_contract_ccy,dram,korea_exports,63.36,63.36,index_2020=100,actual,BOK-ECOS-402Y016,,,10_ecos_dram_export_price_index.csv,
OBS-00306,2024-01,M,export_price_index_krw,dram,korea_exports,70.98,70.98,index_2020=100,actual,BOK-ECOS-402Y016,,,10_ecos_dram_export_price_index.csv,
OBS-00307,2024-02,M,export_price_index_contract_ccy,dram,korea_exports,64.22,64.22,index_2020=100,actual,BOK-ECOS-402Y016,,,10_ecos_dram_export_price_index.csv,
OBS-00308,2024-02,M,export_price_index_krw,dram,korea_exports,72.38,72.38,index_2020=100,actual,BOK-ECOS-402Y016,,,10_ecos_dram_export_price_index.csv,
OBS-00309,2024-03,M,export_price_index_contract_ccy,dram,korea_exports,64.83,64.83,index_2020=100,actual,BOK-ECOS-402Y016,,,10_ecos_dram_export_price_index.csv,
OBS-00310,2024-03,M,export_price_index_krw,dram,korea_exports,73.02,73.02,index_2020=100,actual,BOK-ECOS-402Y016,,,10_ecos_dram_export_price_index.csv,
OBS-00311,2024-04,M,export_price_index_contract_ccy,dram,korea_exports,73.25,73.25,index_2020=100,actual,BOK-ECOS-402Y016,,,10_ecos_dram_export_price_index.csv,
OBS-00312,2024-04,M,export_price_index_krw,dram,korea_exports,84.8,84.8,index_2020=100,actual,BOK-ECOS-402Y016,,,10_ecos_dram_export_price_index.csv,
OBS-00313,2024-05,M,export_price_index_contract_ccy,dram,korea_exports,73.32,73.32,index_2020=100,actual,BOK-ECOS-402Y016,,,10_ecos_dram_export_price_index.csv,
OBS-00314,2024-05,M,export_price_index_krw,dram,korea_exports,84.74,84.74,index_2020=100,actual,BOK-ECOS-402Y016,,,10_ecos_dram_export_price_index.csv,
OBS-00315,2024-06,M,export_price_index_contract_ccy,dram,korea_exports,73.61,73.61,index_2020=100,actual,BOK-ECOS-402Y016,,,10_ecos_dram_export_price_index.csv,
OBS-00316,2024-06,M,export_price_index_krw,dram,korea_exports,85.99,85.99,index_2020=100,actual,BOK-ECOS-402Y016,,,10_ecos_dram_export_price_index.csv,
OBS-00317,2024-07,M,export_price_index_contract_ccy,dram,korea_exports,77.96,77.96,index_2020=100,actual,BOK-ECOS-402Y016,,,10_ecos_dram_export_price_index.csv,
OBS-00318,2024-07,M,export_price_index_krw,dram,korea_exports,91.28,91.28,index_2020=100,actual,BOK-ECOS-402Y016,,,10_ecos_dram_export_price_index.csv,
OBS-00319,2024-08,M,export_price_index_contract_ccy,dram,korea_exports,77.86,77.86,index_2020=100,actual,BOK-ECOS-402Y016,,,10_ecos_dram_export_price_index.csv,
OBS-00320,2024-08,M,export_price_index_krw,dram,korea_exports,89.24,89.24,index_2020=100,actual,BOK-ECOS-402Y016,,,10_ecos_dram_export_price_index.csv,
OBS-00321,2024-09,M,export_price_index_contract_ccy,dram,korea_exports,76.63,76.63,index_2020=100,actual,BOK-ECOS-402Y016,,,10_ecos_dram_export_price_index.csv,
OBS-00322,2024-09,M,export_price_index_krw,dram,korea_exports,86.57,86.57,index_2020=100,actual,BOK-ECOS-402Y016,,,10_ecos_dram_export_price_index.csv,
OBS-00323,2024-10,M,export_price_index_contract_ccy,dram,korea_exports,75.26,75.26,index_2020=100,actual,BOK-ECOS-402Y016,,,10_ecos_dram_export_price_index.csv,
OBS-00324,2024-10,M,export_price_index_krw,dram,korea_exports,86.7,86.7,index_2020=100,actual,BOK-ECOS-402Y016,,,10_ecos_dram_export_price_index.csv,
OBS-00325,2024-11,M,export_price_index_contract_ccy,dram,korea_exports,74.03,74.03,index_2020=100,actual,BOK-ECOS-402Y016,,,10_ecos_dram_export_price_index.csv,
OBS-00326,2024-11,M,export_price_index_krw,dram,korea_exports,87.32,87.32,index_2020=100,actual,BOK-ECOS-402Y016,,,10_ecos_dram_export_price_index.csv,
OBS-00327,2024-12,M,export_price_index_contract_ccy,dram,korea_exports,73.99,73.99,index_2020=100,actual,BOK-ECOS-402Y016,,,10_ecos_dram_export_price_index.csv,
OBS-00328,2024-12,M,export_price_index_krw,dram,korea_exports,89.83,89.83,index_2020=100,actual,BOK-ECOS-402Y016,,,10_ecos_dram_export_price_index.csv,
OBS-00329,2025-01,M,export_price_index_contract_ccy,dram,korea_exports,72.77,72.77,index_2020=100,actual,BOK-ECOS-402Y016,,,10_ecos_dram_export_price_index.csv,
OBS-00330,2025-01,M,export_price_index_krw,dram,korea_exports,89.66,89.66,index_2020=100,actual,BOK-ECOS-402Y016,,,10_ecos_dram_export_price_index.csv,
OBS-00331,2025-02,M,export_price_index_contract_ccy,dram,korea_exports,70.7,70.7,index_2020=100,actual,BOK-ECOS-402Y016,,,10_ecos_dram_export_price_index.csv,
OBS-00332,2025-02,M,export_price_index_krw,dram,korea_exports,86.5,86.5,index_2020=100,actual,BOK-ECOS-402Y016,,,10_ecos_dram_export_price_index.csv,
OBS-00333,2025-03,M,export_price_index_contract_ccy,dram,korea_exports,71.44,71.44,index_2020=100,actual,BOK-ECOS-402Y016,,,10_ecos_dram_export_price_index.csv,
OBS-00334,2025-03,M,export_price_index_krw,dram,korea_exports,88.1,88.1,index_2020=100,actual,BOK-ECOS-402Y016,,,10_ecos_dram_export_price_index.csv,
OBS-00335,2025-04,M,export_price_index_contract_ccy,dram,korea_exports,72.36,72.36,index_2020=100,actual,BOK-ECOS-402Y016,,,10_ecos_dram_export_price_index.csv,
OBS-00336,2025-04,M,export_price_index_krw,dram,korea_exports,88.46,88.46,index_2020=100,actual,BOK-ECOS-402Y016,,,10_ecos_dram_export_price_index.csv,
OBS-00337,2025-05,M,export_price_index_contract_ccy,dram,korea_exports,74.63,74.63,index_2020=100,actual,BOK-ECOS-402Y016,,,10_ecos_dram_export_price_index.csv,
OBS-00338,2025-05,M,export_price_index_krw,dram,korea_exports,88.08,88.08,index_2020=100,actual,BOK-ECOS-402Y016,,,10_ecos_dram_export_price_index.csv,
OBS-00339,2025-06,M,export_price_index_contract_ccy,dram,korea_exports,74.72,74.72,index_2020=100,actual,BOK-ECOS-402Y016,,,10_ecos_dram_export_price_index.csv,
OBS-00340,2025-06,M,export_price_index_krw,dram,korea_exports,86.45,86.45,index_2020=100,actual,BOK-ECOS-402Y016,,,10_ecos_dram_export_price_index.csv,
OBS-00341,2025-07,M,export_price_index_contract_ccy,dram,korea_exports,80.81,80.81,index_2020=100,actual,BOK-ECOS-402Y016,,,10_ecos_dram_export_price_index.csv,
OBS-00342,2025-07,M,export_price_index_krw,dram,korea_exports,94.06,94.06,index_2020=100,actual,BOK-ECOS-402Y016,,,10_ecos_dram_export_price_index.csv,
OBS-00343,2025-08,M,export_price_index_contract_ccy,dram,korea_exports,80.98,80.98,index_2020=100,actual,BOK-ECOS-402Y016,,,10_ecos_dram_export_price_index.csv,
OBS-00344,2025-08,M,export_price_index_krw,dram,korea_exports,95.25,95.25,index_2020=100,actual,BOK-ECOS-402Y016,,,10_ecos_dram_export_price_index.csv,
OBS-00345,2025-09,M,export_price_index_contract_ccy,dram,korea_exports,83.16,83.16,index_2020=100,actual,BOK-ECOS-402Y016,,,10_ecos_dram_export_price_index.csv,
OBS-00346,2025-09,M,export_price_index_krw,dram,korea_exports,97.98,97.98,index_2020=100,actual,BOK-ECOS-402Y016,,,10_ecos_dram_export_price_index.csv,
OBS-00347,2025-10,M,export_price_index_contract_ccy,dram,korea_exports,97.3,97.3,index_2020=100,actual,BOK-ECOS-402Y016,,,10_ecos_dram_export_price_index.csv,
OBS-00348,2025-10,M,export_price_index_krw,dram,korea_exports,117.22,117.22,index_2020=100,actual,BOK-ECOS-402Y016,,,10_ecos_dram_export_price_index.csv,
OBS-00349,2025-11,M,export_price_index_contract_ccy,dram,korea_exports,109.03,109.03,index_2020=100,actual,BOK-ECOS-402Y016,,,10_ecos_dram_export_price_index.csv,
OBS-00350,2025-11,M,export_price_index_krw,dram,korea_exports,134.53,134.53,index_2020=100,actual,BOK-ECOS-402Y016,,,10_ecos_dram_export_price_index.csv,
OBS-00351,2025-12,M,export_price_index_contract_ccy,dram,korea_exports,111.22,111.22,index_2020=100,actual,BOK-ECOS-402Y016,,,10_ecos_dram_export_price_index.csv,
OBS-00352,2025-12,M,export_price_index_krw,dram,korea_exports,138.14,138.14,index_2020=100,actual,BOK-ECOS-402Y016,,,10_ecos_dram_export_price_index.csv,
OBS-00353,2026-01,M,export_price_index_contract_ccy,dram,korea_exports,147.44,147.44,index_2020=100,actual,BOK-ECOS-402Y016,,,10_ecos_dram_export_price_index.csv,
OBS-00354,2026-01,M,export_price_index_krw,dram,korea_exports,181.78,181.78,index_2020=100,actual,BOK-ECOS-402Y016,,,10_ecos_dram_export_price_index.csv,
OBS-00355,2026-02,M,export_price_index_contract_ccy,dram,korea_exports,157.62,157.62,index_2020=100,actual,BOK-ECOS-402Y016,,,10_ecos_dram_export_price_index.csv,
OBS-00356,2026-02,M,export_price_index_krw,dram,korea_exports,193.35,193.35,index_2020=100,actual,BOK-ECOS-402Y016,,,10_ecos_dram_export_price_index.csv,
OBS-00357,2026-03,M,export_price_index_contract_ccy,dram,korea_exports,187.19,187.19,index_2020=100,actual,BOK-ECOS-402Y016,,,10_ecos_dram_export_price_index.csv,
OBS-00358,2026-03,M,export_price_index_krw,dram,korea_exports,235.54,235.54,index_2020=100,actual,BOK-ECOS-402Y016,,,10_ecos_dram_export_price_index.csv,
OBS-00359,2026-04,M,export_price_index_contract_ccy,dram,korea_exports,233.82,233.82,index_2020=100,actual,BOK-ECOS-402Y016,,,10_ecos_dram_export_price_index.csv,
OBS-00360,2026-04,M,export_price_index_krw,dram,korea_exports,294.36,294.36,index_2020=100,actual,BOK-ECOS-402Y016,,,10_ecos_dram_export_price_index.csv,
OBS-00361,2026-05,M,export_price_index_contract_ccy,dram,korea_exports,251.21,251.21,index_2020=100,actual,BOK-ECOS-402Y016,,,10_ecos_dram_export_price_index.csv,
OBS-00362,2026-05,M,export_price_index_krw,dram,korea_exports,316.85,316.85,index_2020=100,actual,BOK-ECOS-402Y016,,,10_ecos_dram_export_price_index.csv,
OBS-00363,2026-06,M,export_price_index_contract_ccy,dram,korea_exports,252.74,252.74,index_2020=100,actual,BOK-ECOS-402Y016,,,10_ecos_dram_export_price_index.csv,
OBS-00364,2026-06,M,export_price_index_krw,dram,korea_exports,326.71,326.71,index_2020=100,actual,BOK-ECOS-402Y016,,,10_ecos_dram_export_price_index.csv,
OBS-00365,2026-07,M,export_price_index_contract_ccy,dram,korea_exports,274.79,274.79,index_2020=100,actual,BOK-ECOS-402Y016,,,10_ecos_dram_export_price_index.csv,
OBS-00366,2026-07,M,export_price_index_krw,dram,korea_exports,348.29,348.29,index_2020=100,actual,BOK-ECOS-402Y016,,,10_ecos_dram_export_price_index.csv,
OBS-00367,2026-08,M,export_price_index_contract_ccy,dram,korea_exports,282.77,282.77,index_2020=100,actual,BOK-ECOS-402Y016,,,10_ecos_dram_export_price_index.csv,
OBS-00368,2026-08,M,export_price_index_krw,dram,korea_exports,336.59,336.59,index_2020=100,actual,BOK-ECOS-402Y016,,,10_ecos_dram_export_price_index.csv,
OBS-00369,2019-01,M,export_value,dram,korea_exports_9c,1649.6,1649.6,usd_mn,actual,KCS-DATAGO-15100475,,,12_customs_memory_exports_by_country.csv,9개국 합계 (CN TW VN US HK JP SG MY PH)
OBS-00370,2019-01,M,export_value,flash,korea_exports_9c,403.2,403.2,usd_mn,actual,KCS-DATAGO-15100475,,,12_customs_memory_exports_by_country.csv,9개국 합계 (CN TW VN US HK JP SG MY PH)
OBS-00371,2019-01,M,export_value,multichip_mcp,korea_exports_9c,1125.4,1125.4,usd_mn,actual,KCS-DATAGO-15100475,,,12_customs_memory_exports_by_country.csv,9개국 합계 (CN TW VN US HK JP SG MY PH)
OBS-00372,2019-01,M,export_value,mco,korea_exports_9c,634.6,634.6,usd_mn,actual,KCS-DATAGO-15100475,,,12_customs_memory_exports_by_country.csv,9개국 합계 (CN TW VN US HK JP SG MY PH)
OBS-00373,2019-01,M,export_value,other,korea_exports_9c,10.0,10.0,usd_mn,actual,KCS-DATAGO-15100475,,,12_customs_memory_exports_by_country.csv,9개국 합계 (CN TW VN US HK JP SG MY PH)
OBS-00374,2019-01,M,export_value,total_memory,korea_exports_9c,3823.0,3823.0,usd_mn,actual,KCS-DATAGO-15100475,,,12_customs_memory_exports_by_country.csv,9개국 합계 (CN TW VN US HK JP SG MY PH)
OBS-00375,2019-02,M,export_value,dram,korea_exports_9c,1358.5,1358.5,usd_mn,actual,KCS-DATAGO-15100475,,,12_customs_memory_exports_by_country.csv,9개국 합계 (CN TW VN US HK JP SG MY PH)
OBS-00376,2019-02,M,export_value,flash,korea_exports_9c,362.8,362.8,usd_mn,actual,KCS-DATAGO-15100475,,,12_customs_memory_exports_by_country.csv,9개국 합계 (CN TW VN US HK JP SG MY PH)
OBS-00377,2019-02,M,export_value,multichip_mcp,korea_exports_9c,1109.9,1109.9,usd_mn,actual,KCS-DATAGO-15100475,,,12_customs_memory_exports_by_country.csv,9개국 합계 (CN TW VN US HK JP SG MY PH)
OBS-00378,2019-02,M,export_value,mco,korea_exports_9c,813.2,813.2,usd_mn,actual,KCS-DATAGO-15100475,,,12_customs_memory_exports_by_country.csv,9개국 합계 (CN TW VN US HK JP SG MY PH)
OBS-00379,2019-02,M,export_value,other,korea_exports_9c,9.1,9.1,usd_mn,actual,KCS-DATAGO-15100475,,,12_customs_memory_exports_by_country.csv,9개국 합계 (CN TW VN US HK JP SG MY PH)
OBS-00380,2019-02,M,export_value,total_memory,korea_exports_9c,3653.2,3653.2,usd_mn,actual,KCS-DATAGO-15100475,,,12_customs_memory_exports_by_country.csv,9개국 합계 (CN TW VN US HK JP SG MY PH)
OBS-00381,2019-03,M,export_value,dram,korea_exports_9c,1769.8,1769.8,usd_mn,actual,KCS-DATAGO-15100475,,,12_customs_memory_exports_by_country.csv,9개국 합계 (CN TW VN US HK JP SG MY PH)
OBS-00382,2019-03,M,export_value,flash,korea_exports_9c,579.2,579.2,usd_mn,actual,KCS-DATAGO-15100475,,,12_customs_memory_exports_by_country.csv,9개국 합계 (CN TW VN US HK JP SG MY PH)
OBS-00383,2019-03,M,export_value,multichip_mcp,korea_exports_9c,1800.5,1800.5,usd_mn,actual,KCS-DATAGO-15100475,,,12_customs_memory_exports_by_country.csv,9개국 합계 (CN TW VN US HK JP SG MY PH)
OBS-00384,2019-03,M,export_value,mco,korea_exports_9c,1105.4,1105.4,usd_mn,actual,KCS-DATAGO-15100475,,,12_customs_memory_exports_by_country.csv,9개국 합계 (CN TW VN US HK JP SG MY PH)
OBS-00385,2019-03,M,export_value,other,korea_exports_9c,10.6,10.6,usd_mn,actual,KCS-DATAGO-15100475,,,12_customs_memory_exports_by_country.csv,9개국 합계 (CN TW VN US HK JP SG MY PH)
OBS-00386,2019-03,M,export_value,total_memory,korea_exports_9c,5265.5,5265.5,usd_mn,actual,KCS-DATAGO-15100475,,,12_customs_memory_exports_by_country.csv,9개국 합계 (CN TW VN US HK JP SG MY PH)
OBS-00387,2019-04,M,export_value,dram,korea_exports_9c,1880.6,1880.6,usd_mn,actual,KCS-DATAGO-15100475,,,12_customs_memory_exports_by_country.csv,9개국 합계 (CN TW VN US HK JP SG MY PH)
OBS-00388,2019-04,M,export_value,flash,korea_exports_9c,666.0,666.0,usd_mn,actual,KCS-DATAGO-15100475,,,12_customs_memory_exports_by_country.csv,9개국 합계 (CN TW VN US HK JP SG MY PH)
OBS-00389,2019-04,M,export_value,multichip_mcp,korea_exports_9c,1533.9,1533.9,usd_mn,actual,KCS-DATAGO-15100475,,,12_customs_memory_exports_by_country.csv,9개국 합계 (CN TW VN US HK JP SG MY PH)
OBS-00390,2019-04,M,export_value,mco,korea_exports_9c,741.4,741.4,usd_mn,actual,KCS-DATAGO-15100475,,,12_customs_memory_exports_by_country.csv,9개국 합계 (CN TW VN US HK JP SG MY PH)
OBS-00391,2019-04,M,export_value,other,korea_exports_9c,9.9,9.9,usd_mn,actual,KCS-DATAGO-15100475,,,12_customs_memory_exports_by_country.csv,9개국 합계 (CN TW VN US HK JP SG MY PH)
OBS-00392,2019-04,M,export_value,total_memory,korea_exports_9c,4831.9,4831.9,usd_mn,actual,KCS-DATAGO-15100475,,,12_customs_memory_exports_by_country.csv,9개국 합계 (CN TW VN US HK JP SG MY PH)
OBS-00393,2019-05,M,export_value,dram,korea_exports_9c,1443.8,1443.8,usd_mn,actual,KCS-DATAGO-15100475,,,12_customs_memory_exports_by_country.csv,9개국 합계 (CN TW VN US HK JP SG MY PH)
OBS-00394,2019-05,M,export_value,flash,korea_exports_9c,463.2,463.2,usd_mn,actual,KCS-DATAGO-15100475,,,12_customs_memory_exports_by_country.csv,9개국 합계 (CN TW VN US HK JP SG MY PH)
OBS-00395,2019-05,M,export_value,multichip_mcp,korea_exports_9c,1373.3,1373.3,usd_mn,actual,KCS-DATAGO-15100475,,,12_customs_memory_exports_by_country.csv,9개국 합계 (CN TW VN US HK JP SG MY PH)
OBS-00396,2019-05,M,export_value,mco,korea_exports_9c,905.3,905.3,usd_mn,actual,KCS-DATAGO-15100475,,,12_customs_memory_exports_by_country.csv,9개국 합계 (CN TW VN US HK JP SG MY PH)
OBS-00397,2019-05,M,export_value,other,korea_exports_9c,9.3,9.3,usd_mn,actual,KCS-DATAGO-15100475,,,12_customs_memory_exports_by_country.csv,9개국 합계 (CN TW VN US HK JP SG MY PH)
OBS-00398,2019-05,M,export_value,total_memory,korea_exports_9c,4195.0,4195.0,usd_mn,actual,KCS-DATAGO-15100475,,,12_customs_memory_exports_by_country.csv,9개국 합계 (CN TW VN US HK JP SG MY PH)
OBS-00399,2019-06,M,export_value,dram,korea_exports_9c,1581.0,1581.0,usd_mn,actual,KCS-DATAGO-15100475,,,12_customs_memory_exports_by_country.csv,9개국 합계 (CN TW VN US HK JP SG MY PH)
OBS-00400,2019-06,M,export_value,flash,korea_exports_9c,429.9,429.9,usd_mn,actual,KCS-DATAGO-15100475,,,12_customs_memory_exports_by_country.csv,9개국 합계 (CN TW VN US HK JP SG MY PH)
OBS-00401,2019-06,M,export_value,multichip_mcp,korea_exports_9c,1920.0,1920.0,usd_mn,actual,KCS-DATAGO-15100475,,,12_customs_memory_exports_by_country.csv,9개국 합계 (CN TW VN US HK JP SG MY PH)
OBS-00402,2019-06,M,export_value,mco,korea_exports_9c,902.7,902.7,usd_mn,actual,KCS-DATAGO-15100475,,,12_customs_memory_exports_by_country.csv,9개국 합계 (CN TW VN US HK JP SG MY PH)
OBS-00403,2019-06,M,export_value,other,korea_exports_9c,10.2,10.2,usd_mn,actual,KCS-DATAGO-15100475,,,12_customs_memory_exports_by_country.csv,9개국 합계 (CN TW VN US HK JP SG MY PH)
OBS-00404,2019-06,M,export_value,total_memory,korea_exports_9c,4843.9,4843.9,usd_mn,actual,KCS-DATAGO-15100475,,,12_customs_memory_exports_by_country.csv,9개국 합계 (CN TW VN US HK JP SG MY PH)
OBS-00405,2019-07,M,export_value,dram,korea_exports_9c,1516.1,1516.1,usd_mn,actual,KCS-DATAGO-15100475,,,12_customs_memory_exports_by_country.csv,9개국 합계 (CN TW VN US HK JP SG MY PH)
OBS-00406,2019-07,M,export_value,flash,korea_exports_9c,490.9,490.9,usd_mn,actual,KCS-DATAGO-15100475,,,12_customs_memory_exports_by_country.csv,9개국 합계 (CN TW VN US HK JP SG MY PH)
OBS-00407,2019-07,M,export_value,multichip_mcp,korea_exports_9c,1354.0,1354.0,usd_mn,actual,KCS-DATAGO-15100475,,,12_customs_memory_exports_by_country.csv,9개국 합계 (CN TW VN US HK JP SG MY PH)
OBS-00408,2019-07,M,export_value,mco,korea_exports_9c,579.2,579.2,usd_mn,actual,KCS-DATAGO-15100475,,,12_customs_memory_exports_by_country.csv,9개국 합계 (CN TW VN US HK JP SG MY PH)
OBS-00409,2019-07,M,export_value,other,korea_exports_9c,11.8,11.8,usd_mn,actual,KCS-DATAGO-15100475,,,12_customs_memory_exports_by_country.csv,9개국 합계 (CN TW VN US HK JP SG MY PH)
OBS-00410,2019-07,M,export_value,total_memory,korea_exports_9c,3952.0,3952.0,usd_mn,actual,KCS-DATAGO-15100475,,,12_customs_memory_exports_by_country.csv,9개국 합계 (CN TW VN US HK JP SG MY PH)
OBS-00411,2019-08,M,export_value,dram,korea_exports_9c,1463.9,1463.9,usd_mn,actual,KCS-DATAGO-15100475,,,12_customs_memory_exports_by_country.csv,9개국 합계 (CN TW VN US HK JP SG MY PH)
OBS-00412,2019-08,M,export_value,flash,korea_exports_9c,469.3,469.3,usd_mn,actual,KCS-DATAGO-15100475,,,12_customs_memory_exports_by_country.csv,9개국 합계 (CN TW VN US HK JP SG MY PH)
OBS-00413,2019-08,M,export_value,multichip_mcp,korea_exports_9c,1673.6,1673.6,usd_mn,actual,KCS-DATAGO-15100475,,,12_customs_memory_exports_by_country.csv,9개국 합계 (CN TW VN US HK JP SG MY PH)
OBS-00414,2019-08,M,export_value,mco,korea_exports_9c,631.1,631.1,usd_mn,actual,KCS-DATAGO-15100475,,,12_customs_memory_exports_by_country.csv,9개국 합계 (CN TW VN US HK JP SG MY PH)
OBS-00415,2019-08,M,export_value,other,korea_exports_9c,12.8,12.8,usd_mn,actual,KCS-DATAGO-15100475,,,12_customs_memory_exports_by_country.csv,9개국 합계 (CN TW VN US HK JP SG MY PH)
OBS-00416,2019-08,M,export_value,total_memory,korea_exports_9c,4250.9,4250.9,usd_mn,actual,KCS-DATAGO-15100475,,,12_customs_memory_exports_by_country.csv,9개국 합계 (CN TW VN US HK JP SG MY PH)
OBS-00417,2019-09,M,export_value,dram,korea_exports_9c,1417.7,1417.7,usd_mn,actual,KCS-DATAGO-15100475,,,12_customs_memory_exports_by_country.csv,9개국 합계 (CN TW VN US HK JP SG MY PH)
OBS-00418,2019-09,M,export_value,flash,korea_exports_9c,386.8,386.8,usd_mn,actual,KCS-DATAGO-15100475,,,12_customs_memory_exports_by_country.csv,9개국 합계 (CN TW VN US HK JP SG MY PH)
OBS-00419,2019-09,M,export_value,multichip_mcp,korea_exports_9c,1868.6,1868.6,usd_mn,actual,KCS-DATAGO-15100475,,,12_customs_memory_exports_by_country.csv,9개국 합계 (CN TW VN US HK JP SG MY PH)
OBS-00420,2019-09,M,export_value,mco,korea_exports_9c,843.5,843.5,usd_mn,actual,KCS-DATAGO-15100475,,,12_customs_memory_exports_by_country.csv,9개국 합계 (CN TW VN US HK JP SG MY PH)
OBS-00421,2019-09,M,export_value,other,korea_exports_9c,13.7,13.7,usd_mn,actual,KCS-DATAGO-15100475,,,12_customs_memory_exports_by_country.csv,9개국 합계 (CN TW VN US HK JP SG MY PH)
OBS-00422,2019-09,M,export_value,total_memory,korea_exports_9c,4530.4,4530.4,usd_mn,actual,KCS-DATAGO-15100475,,,12_customs_memory_exports_by_country.csv,9개국 합계 (CN TW VN US HK JP SG MY PH)
OBS-00423,2019-10,M,export_value,dram,korea_exports_9c,1397.3,1397.3,usd_mn,actual,KCS-DATAGO-15100475,,,12_customs_memory_exports_by_country.csv,9개국 합계 (CN TW VN US HK JP SG MY PH)
OBS-00424,2019-10,M,export_value,flash,korea_exports_9c,505.0,505.0,usd_mn,actual,KCS-DATAGO-15100475,,,12_customs_memory_exports_by_country.csv,9개국 합계 (CN TW VN US HK JP SG MY PH)
OBS-00425,2019-10,M,export_value,multichip_mcp,korea_exports_9c,1522.8,1522.8,usd_mn,actual,KCS-DATAGO-15100475,,,12_customs_memory_exports_by_country.csv,9개국 합계 (CN TW VN US HK JP SG MY PH)
OBS-00426,2019-10,M,export_value,mco,korea_exports_9c,593.7,593.7,usd_mn,actual,KCS-DATAGO-15100475,,,12_customs_memory_exports_by_country.csv,9개국 합계 (CN TW VN US HK JP SG MY PH)
OBS-00427,2019-10,M,export_value,other,korea_exports_9c,12.4,12.4,usd_mn,actual,KCS-DATAGO-15100475,,,12_customs_memory_exports_by_country.csv,9개국 합계 (CN TW VN US HK JP SG MY PH)
OBS-00428,2019-10,M,export_value,total_memory,korea_exports_9c,4031.2,4031.2,usd_mn,actual,KCS-DATAGO-15100475,,,12_customs_memory_exports_by_country.csv,9개국 합계 (CN TW VN US HK JP SG MY PH)
OBS-00429,2019-11,M,export_value,dram,korea_exports_9c,1373.2,1373.2,usd_mn,actual,KCS-DATAGO-15100475,,,12_customs_memory_exports_by_country.csv,9개국 합계 (CN TW VN US HK JP SG MY PH)
OBS-00430,2019-11,M,export_value,flash,korea_exports_9c,438.1,438.1,usd_mn,actual,KCS-DATAGO-15100475,,,12_customs_memory_exports_by_country.csv,9개국 합계 (CN TW VN US HK JP SG MY PH)
OBS-00431,2019-11,M,export_value,multichip_mcp,korea_exports_9c,1437.9,1437.9,usd_mn,actual,KCS-DATAGO-15100475,,,12_customs_memory_exports_by_country.csv,9개국 합계 (CN TW VN US HK JP SG MY PH)
OBS-00432,2019-11,M,export_value,mco,korea_exports_9c,647.6,647.6,usd_mn,actual,KCS-DATAGO-15100475,,,12_customs_memory_exports_by_country.csv,9개국 합계 (CN TW VN US HK JP SG MY PH)
OBS-00433,2019-11,M,export_value,other,korea_exports_9c,9.1,9.1,usd_mn,actual,KCS-DATAGO-15100475,,,12_customs_memory_exports_by_country.csv,9개국 합계 (CN TW VN US HK JP SG MY PH)
OBS-00434,2019-11,M,export_value,total_memory,korea_exports_9c,3905.8,3905.8,usd_mn,actual,KCS-DATAGO-15100475,,,12_customs_memory_exports_by_country.csv,9개국 합계 (CN TW VN US HK JP SG MY PH)
OBS-00435,2019-12,M,export_value,dram,korea_exports_9c,1295.4,1295.4,usd_mn,actual,KCS-DATAGO-15100475,,,12_customs_memory_exports_by_country.csv,9개국 합계 (CN TW VN US HK JP SG MY PH)
OBS-00436,2019-12,M,export_value,flash,korea_exports_9c,371.3,371.3,usd_mn,actual,KCS-DATAGO-15100475,,,12_customs_memory_exports_by_country.csv,9개국 합계 (CN TW VN US HK JP SG MY PH)
OBS-00437,2019-12,M,export_value,multichip_mcp,korea_exports_9c,1726.6,1726.6,usd_mn,actual,KCS-DATAGO-15100475,,,12_customs_memory_exports_by_country.csv,9개국 합계 (CN TW VN US HK JP SG MY PH)
OBS-00438,2019-12,M,export_value,mco,korea_exports_9c,483.2,483.2,usd_mn,actual,KCS-DATAGO-15100475,,,12_customs_memory_exports_by_country.csv,9개국 합계 (CN TW VN US HK JP SG MY PH)
OBS-00439,2019-12,M,export_value,other,korea_exports_9c,9.1,9.1,usd_mn,actual,KCS-DATAGO-15100475,,,12_customs_memory_exports_by_country.csv,9개국 합계 (CN TW VN US HK JP SG MY PH)
OBS-00440,2019-12,M,export_value,total_memory,korea_exports_9c,3885.3,3885.3,usd_mn,actual,KCS-DATAGO-15100475,,,12_customs_memory_exports_by_country.csv,9개국 합계 (CN TW VN US HK JP SG MY PH)
OBS-00441,2020-01,M,export_value,dram,korea_exports_9c,1296.0,1296.0,usd_mn,actual,KCS-DATAGO-15100475,,,12_customs_memory_exports_by_country.csv,9개국 합계 (CN TW VN US HK JP SG MY PH)
OBS-00442,2020-01,M,export_value,flash,korea_exports_9c,557.3,557.3,usd_mn,actual,KCS-DATAGO-15100475,,,12_customs_memory_exports_by_country.csv,9개국 합계 (CN TW VN US HK JP SG MY PH)
OBS-00443,2020-01,M,export_value,multichip_mcp,korea_exports_9c,1226.5,1226.5,usd_mn,actual,KCS-DATAGO-15100475,,,12_customs_memory_exports_by_country.csv,9개국 합계 (CN TW VN US HK JP SG MY PH)
OBS-00444,2020-01,M,export_value,mco,korea_exports_9c,362.9,362.9,usd_mn,actual,KCS-DATAGO-15100475,,,12_customs_memory_exports_by_country.csv,9개국 합계 (CN TW VN US HK JP SG MY PH)
OBS-00445,2020-01,M,export_value,other,korea_exports_9c,7.6,7.6,usd_mn,actual,KCS-DATAGO-15100475,,,12_customs_memory_exports_by_country.csv,9개국 합계 (CN TW VN US HK JP SG MY PH)
OBS-00446,2020-01,M,export_value,total_memory,korea_exports_9c,3450.6,3450.6,usd_mn,actual,KCS-DATAGO-15100475,,,12_customs_memory_exports_by_country.csv,9개국 합계 (CN TW VN US HK JP SG MY PH)
OBS-00447,2020-02,M,export_value,dram,korea_exports_9c,1354.4,1354.4,usd_mn,actual,KCS-DATAGO-15100475,,,12_customs_memory_exports_by_country.csv,9개국 합계 (CN TW VN US HK JP SG MY PH)
OBS-00448,2020-02,M,export_value,flash,korea_exports_9c,485.0,485.0,usd_mn,actual,KCS-DATAGO-15100475,,,12_customs_memory_exports_by_country.csv,9개국 합계 (CN TW VN US HK JP SG MY PH)
OBS-00449,2020-02,M,export_value,multichip_mcp,korea_exports_9c,1438.9,1438.9,usd_mn,actual,KCS-DATAGO-15100475,,,12_customs_memory_exports_by_country.csv,9개국 합계 (CN TW VN US HK JP SG MY PH)
OBS-00450,2020-02,M,export_value,mco,korea_exports_9c,412.9,412.9,usd_mn,actual,KCS-DATAGO-15100475,,,12_customs_memory_exports_by_country.csv,9개국 합계 (CN TW VN US HK JP SG MY PH)
OBS-00451,2020-02,M,export_value,other,korea_exports_9c,6.4,6.4,usd_mn,actual,KCS-DATAGO-15100475,,,12_customs_memory_exports_by_country.csv,9개국 합계 (CN TW VN US HK JP SG MY PH)
OBS-00452,2020-02,M,export_value,total_memory,korea_exports_9c,3697.7,3697.7,usd_mn,actual,KCS-DATAGO-15100475,,,12_customs_memory_exports_by_country.csv,9개국 합계 (CN TW VN US HK JP SG MY PH)
OBS-00453,2020-03,M,export_value,dram,korea_exports_9c,1512.8,1512.8,usd_mn,actual,KCS-DATAGO-15100475,,,12_customs_memory_exports_by_country.csv,9개국 합계 (CN TW VN US HK JP SG MY PH)
OBS-00454,2020-03,M,export_value,flash,korea_exports_9c,478.7,478.7,usd_mn,actual,KCS-DATAGO-15100475,,,12_customs_memory_exports_by_country.csv,9개국 합계 (CN TW VN US HK JP SG MY PH)
OBS-00455,2020-03,M,export_value,multichip_mcp,korea_exports_9c,1970.5,1970.5,usd_mn,actual,KCS-DATAGO-15100475,,,12_customs_memory_exports_by_country.csv,9개국 합계 (CN TW VN US HK JP SG MY PH)
OBS-00456,2020-03,M,export_value,mco,korea_exports_9c,457.7,457.7,usd_mn,actual,KCS-DATAGO-15100475,,,12_customs_memory_exports_by_country.csv,9개국 합계 (CN TW VN US HK JP SG MY PH)
OBS-00457,2020-03,M,export_value,other,korea_exports_9c,8.7,8.7,usd_mn,actual,KCS-DATAGO-15100475,,,12_customs_memory_exports_by_country.csv,9개국 합계 (CN TW VN US HK JP SG MY PH)
OBS-00458,2020-03,M,export_value,total_memory,korea_exports_9c,4428.4,4428.4,usd_mn,actual,KCS-DATAGO-15100475,,,12_customs_memory_exports_by_country.csv,9개국 합계 (CN TW VN US HK JP SG MY PH)
OBS-00459,2020-04,M,export_value,dram,korea_exports_9c,1582.0,1582.0,usd_mn,actual,KCS-DATAGO-15100475,,,12_customs_memory_exports_by_country.csv,9개국 합계 (CN TW VN US HK JP SG MY PH)
OBS-00460,2020-04,M,export_value,flash,korea_exports_9c,526.7,526.7,usd_mn,actual,KCS-DATAGO-15100475,,,12_customs_memory_exports_by_country.csv,9개국 합계 (CN TW VN US HK JP SG MY PH)
OBS-00461,2020-04,M,export_value,multichip_mcp,korea_exports_9c,1422.7,1422.7,usd_mn,actual,KCS-DATAGO-15100475,,,12_customs_memory_exports_by_country.csv,9개국 합계 (CN TW VN US HK JP SG MY PH)
OBS-00462,2020-04,M,export_value,mco,korea_exports_9c,276.3,276.3,usd_mn,actual,KCS-DATAGO-15100475,,,12_customs_memory_exports_by_country.csv,9개국 합계 (CN TW VN US HK JP SG MY PH)
OBS-00463,2020-04,M,export_value,other,korea_exports_9c,5.5,5.5,usd_mn,actual,KCS-DATAGO-15100475,,,12_customs_memory_exports_by_country.csv,9개국 합계 (CN TW VN US HK JP SG MY PH)
OBS-00464,2020-04,M,export_value,total_memory,korea_exports_9c,3813.3,3813.3,usd_mn,actual,KCS-DATAGO-15100475,,,12_customs_memory_exports_by_country.csv,9개국 합계 (CN TW VN US HK JP SG MY PH)
OBS-00465,2020-05,M,export_value,dram,korea_exports_9c,1710.0,1710.0,usd_mn,actual,KCS-DATAGO-15100475,,,12_customs_memory_exports_by_country.csv,9개국 합계 (CN TW VN US HK JP SG MY PH)
OBS-00466,2020-05,M,export_value,flash,korea_exports_9c,471.4,471.4,usd_mn,actual,KCS-DATAGO-15100475,,,12_customs_memory_exports_by_country.csv,9개국 합계 (CN TW VN US HK JP SG MY PH)
OBS-00467,2020-05,M,export_value,multichip_mcp,korea_exports_9c,2022.8,2022.8,usd_mn,actual,KCS-DATAGO-15100475,,,12_customs_memory_exports_by_country.csv,9개국 합계 (CN TW VN US HK JP SG MY PH)
OBS-00468,2020-05,M,export_value,mco,korea_exports_9c,338.0,338.0,usd_mn,actual,KCS-DATAGO-15100475,,,12_customs_memory_exports_by_country.csv,9개국 합계 (CN TW VN US HK JP SG MY PH)
OBS-00469,2020-05,M,export_value,other,korea_exports_9c,5.4,5.4,usd_mn,actual,KCS-DATAGO-15100475,,,12_customs_memory_exports_by_country.csv,9개국 합계 (CN TW VN US HK JP SG MY PH)
OBS-00470,2020-05,M,export_value,total_memory,korea_exports_9c,4547.7,4547.7,usd_mn,actual,KCS-DATAGO-15100475,,,12_customs_memory_exports_by_country.csv,9개국 합계 (CN TW VN US HK JP SG MY PH)
OBS-00471,2020-06,M,export_value,dram,korea_exports_9c,1711.5,1711.5,usd_mn,actual,KCS-DATAGO-15100475,,,12_customs_memory_exports_by_country.csv,9개국 합계 (CN TW VN US HK JP SG MY PH)
OBS-00472,2020-06,M,export_value,flash,korea_exports_9c,468.0,468.0,usd_mn,actual,KCS-DATAGO-15100475,,,12_customs_memory_exports_by_country.csv,9개국 합계 (CN TW VN US HK JP SG MY PH)
OBS-00473,2020-06,M,export_value,multichip_mcp,korea_exports_9c,1800.1,1800.1,usd_mn,actual,KCS-DATAGO-15100475,,,12_customs_memory_exports_by_country.csv,9개국 합계 (CN TW VN US HK JP SG MY PH)
OBS-00474,2020-06,M,export_value,mco,korea_exports_9c,405.0,405.0,usd_mn,actual,KCS-DATAGO-15100475,,,12_customs_memory_exports_by_country.csv,9개국 합계 (CN TW VN US HK JP SG MY PH)
OBS-00475,2020-06,M,export_value,other,korea_exports_9c,8.3,8.3,usd_mn,actual,KCS-DATAGO-15100475,,,12_customs_memory_exports_by_country.csv,9개국 합계 (CN TW VN US HK JP SG MY PH)
OBS-00476,2020-06,M,export_value,total_memory,korea_exports_9c,4392.9,4392.9,usd_mn,actual,KCS-DATAGO-15100475,,,12_customs_memory_exports_by_country.csv,9개국 합계 (CN TW VN US HK JP SG MY PH)
OBS-00477,2020-07,M,export_value,dram,korea_exports_9c,1689.4,1689.4,usd_mn,actual,KCS-DATAGO-15100475,,,12_customs_memory_exports_by_country.csv,9개국 합계 (CN TW VN US HK JP SG MY PH)
OBS-00478,2020-07,M,export_value,flash,korea_exports_9c,486.0,486.0,usd_mn,actual,KCS-DATAGO-15100475,,,12_customs_memory_exports_by_country.csv,9개국 합계 (CN TW VN US HK JP SG MY PH)
OBS-00479,2020-07,M,export_value,multichip_mcp,korea_exports_9c,1498.6,1498.6,usd_mn,actual,KCS-DATAGO-15100475,,,12_customs_memory_exports_by_country.csv,9개국 합계 (CN TW VN US HK JP SG MY PH)
OBS-00480,2020-07,M,export_value,mco,korea_exports_9c,336.3,336.3,usd_mn,actual,KCS-DATAGO-15100475,,,12_customs_memory_exports_by_country.csv,9개국 합계 (CN TW VN US HK JP SG MY PH)
OBS-00481,2020-07,M,export_value,other,korea_exports_9c,12.7,12.7,usd_mn,actual,KCS-DATAGO-15100475,,,12_customs_memory_exports_by_country.csv,9개국 합계 (CN TW VN US HK JP SG MY PH)
OBS-00482,2020-07,M,export_value,total_memory,korea_exports_9c,4023.2,4023.2,usd_mn,actual,KCS-DATAGO-15100475,,,12_customs_memory_exports_by_country.csv,9개국 합계 (CN TW VN US HK JP SG MY PH)
OBS-00483,2020-08,M,export_value,dram,korea_exports_9c,1632.0,1632.0,usd_mn,actual,KCS-DATAGO-15100475,,,12_customs_memory_exports_by_country.csv,9개국 합계 (CN TW VN US HK JP SG MY PH)
OBS-00484,2020-08,M,export_value,flash,korea_exports_9c,496.2,496.2,usd_mn,actual,KCS-DATAGO-15100475,,,12_customs_memory_exports_by_country.csv,9개국 합계 (CN TW VN US HK JP SG MY PH)
OBS-00485,2020-08,M,export_value,multichip_mcp,korea_exports_9c,1682.4,1682.4,usd_mn,actual,KCS-DATAGO-15100475,,,12_customs_memory_exports_by_country.csv,9개국 합계 (CN TW VN US HK JP SG MY PH)
OBS-00486,2020-08,M,export_value,mco,korea_exports_9c,311.9,311.9,usd_mn,actual,KCS-DATAGO-15100475,,,12_customs_memory_exports_by_country.csv,9개국 합계 (CN TW VN US HK JP SG MY PH)
OBS-00487,2020-08,M,export_value,other,korea_exports_9c,10.9,10.9,usd_mn,actual,KCS-DATAGO-15100475,,,12_customs_memory_exports_by_country.csv,9개국 합계 (CN TW VN US HK JP SG MY PH)
OBS-00488,2020-08,M,export_value,total_memory,korea_exports_9c,4133.6,4133.6,usd_mn,actual,KCS-DATAGO-15100475,,,12_customs_memory_exports_by_country.csv,9개국 합계 (CN TW VN US HK JP SG MY PH)
OBS-00489,2020-09,M,export_value,dram,korea_exports_9c,1688.5,1688.5,usd_mn,actual,KCS-DATAGO-15100475,,,12_customs_memory_exports_by_country.csv,9개국 합계 (CN TW VN US HK JP SG MY PH)
OBS-00490,2020-09,M,export_value,flash,korea_exports_9c,569.2,569.2,usd_mn,actual,KCS-DATAGO-15100475,,,12_customs_memory_exports_by_country.csv,9개국 합계 (CN TW VN US HK JP SG MY PH)
OBS-00491,2020-09,M,export_value,multichip_mcp,korea_exports_9c,2148.8,2148.8,usd_mn,actual,KCS-DATAGO-15100475,,,12_customs_memory_exports_by_country.csv,9개국 합계 (CN TW VN US HK JP SG MY PH)
OBS-00492,2020-09,M,export_value,mco,korea_exports_9c,356.4,356.4,usd_mn,actual,KCS-DATAGO-15100475,,,12_customs_memory_exports_by_country.csv,9개국 합계 (CN TW VN US HK JP SG MY PH)
OBS-00493,2020-09,M,export_value,other,korea_exports_9c,15.9,15.9,usd_mn,actual,KCS-DATAGO-15100475,,,12_customs_memory_exports_by_country.csv,9개국 합계 (CN TW VN US HK JP SG MY PH)
OBS-00494,2020-09,M,export_value,total_memory,korea_exports_9c,4778.7,4778.7,usd_mn,actual,KCS-DATAGO-15100475,,,12_customs_memory_exports_by_country.csv,9개국 합계 (CN TW VN US HK JP SG MY PH)
OBS-00495,2020-10,M,export_value,dram,korea_exports_9c,1682.2,1682.2,usd_mn,actual,KCS-DATAGO-15100475,,,12_customs_memory_exports_by_country.csv,9개국 합계 (CN TW VN US HK JP SG MY PH)
OBS-00496,2020-10,M,export_value,flash,korea_exports_9c,497.2,497.2,usd_mn,actual,KCS-DATAGO-15100475,,,12_customs_memory_exports_by_country.csv,9개국 합계 (CN TW VN US HK JP SG MY PH)
OBS-00497,2020-10,M,export_value,multichip_mcp,korea_exports_9c,1873.9,1873.9,usd_mn,actual,KCS-DATAGO-15100475,,,12_customs_memory_exports_by_country.csv,9개국 합계 (CN TW VN US HK JP SG MY PH)
OBS-00498,2020-10,M,export_value,mco,korea_exports_9c,387.3,387.3,usd_mn,actual,KCS-DATAGO-15100475,,,12_customs_memory_exports_by_country.csv,9개국 합계 (CN TW VN US HK JP SG MY PH)
OBS-00499,2020-10,M,export_value,other,korea_exports_9c,12.1,12.1,usd_mn,actual,KCS-DATAGO-15100475,,,12_customs_memory_exports_by_country.csv,9개국 합계 (CN TW VN US HK JP SG MY PH)
OBS-00500,2020-10,M,export_value,total_memory,korea_exports_9c,4453.0,4453.0,usd_mn,actual,KCS-DATAGO-15100475,,,12_customs_memory_exports_by_country.csv,9개국 합계 (CN TW VN US HK JP SG MY PH)
OBS-00501,2020-11,M,export_value,dram,korea_exports_9c,1515.7,1515.7,usd_mn,actual,KCS-DATAGO-15100475,,,12_customs_memory_exports_by_country.csv,9개국 합계 (CN TW VN US HK JP SG MY PH)
OBS-00502,2020-11,M,export_value,flash,korea_exports_9c,487.7,487.7,usd_mn,actual,KCS-DATAGO-15100475,,,12_customs_memory_exports_by_country.csv,9개국 합계 (CN TW VN US HK JP SG MY PH)
OBS-00503,2020-11,M,export_value,multichip_mcp,korea_exports_9c,1863.9,1863.9,usd_mn,actual,KCS-DATAGO-15100475,,,12_customs_memory_exports_by_country.csv,9개국 합계 (CN TW VN US HK JP SG MY PH)
OBS-00504,2020-11,M,export_value,mco,korea_exports_9c,345.3,345.3,usd_mn,actual,KCS-DATAGO-15100475,,,12_customs_memory_exports_by_country.csv,9개국 합계 (CN TW VN US HK JP SG MY PH)
OBS-00505,2020-11,M,export_value,other,korea_exports_9c,13.8,13.8,usd_mn,actual,KCS-DATAGO-15100475,,,12_customs_memory_exports_by_country.csv,9개국 합계 (CN TW VN US HK JP SG MY PH)
OBS-00506,2020-11,M,export_value,total_memory,korea_exports_9c,4226.6,4226.6,usd_mn,actual,KCS-DATAGO-15100475,,,12_customs_memory_exports_by_country.csv,9개국 합계 (CN TW VN US HK JP SG MY PH)
OBS-00507,2020-12,M,export_value,dram,korea_exports_9c,1331.0,1331.0,usd_mn,actual,KCS-DATAGO-15100475,,,12_customs_memory_exports_by_country.csv,9개국 합계 (CN TW VN US HK JP SG MY PH)
OBS-00508,2020-12,M,export_value,flash,korea_exports_9c,670.4,670.4,usd_mn,actual,KCS-DATAGO-15100475,,,12_customs_memory_exports_by_country.csv,9개국 합계 (CN TW VN US HK JP SG MY PH)
OBS-00509,2020-12,M,export_value,multichip_mcp,korea_exports_9c,2320.1,2320.1,usd_mn,actual,KCS-DATAGO-15100475,,,12_customs_memory_exports_by_country.csv,9개국 합계 (CN TW VN US HK JP SG MY PH)
OBS-00510,2020-12,M,export_value,mco,korea_exports_9c,381.9,381.9,usd_mn,actual,KCS-DATAGO-15100475,,,12_customs_memory_exports_by_country.csv,9개국 합계 (CN TW VN US HK JP SG MY PH)
OBS-00511,2020-12,M,export_value,other,korea_exports_9c,12.7,12.7,usd_mn,actual,KCS-DATAGO-15100475,,,12_customs_memory_exports_by_country.csv,9개국 합계 (CN TW VN US HK JP SG MY PH)
OBS-00512,2020-12,M,export_value,total_memory,korea_exports_9c,4716.1,4716.1,usd_mn,actual,KCS-DATAGO-15100475,,,12_customs_memory_exports_by_country.csv,9개국 합계 (CN TW VN US HK JP SG MY PH)
OBS-00513,2021-01,M,export_value,dram,korea_exports_9c,1463.5,1463.5,usd_mn,actual,KCS-DATAGO-15100475,,,12_customs_memory_exports_by_country.csv,9개국 합계 (CN TW VN US HK JP SG MY PH)
OBS-00514,2021-01,M,export_value,flash,korea_exports_9c,473.0,473.0,usd_mn,actual,KCS-DATAGO-15100475,,,12_customs_memory_exports_by_country.csv,9개국 합계 (CN TW VN US HK JP SG MY PH)
OBS-00515,2021-01,M,export_value,multichip_mcp,korea_exports_9c,1954.1,1954.1,usd_mn,actual,KCS-DATAGO-15100475,,,12_customs_memory_exports_by_country.csv,9개국 합계 (CN TW VN US HK JP SG MY PH)
OBS-00516,2021-01,M,export_value,mco,korea_exports_9c,327.0,327.0,usd_mn,actual,KCS-DATAGO-15100475,,,12_customs_memory_exports_by_country.csv,9개국 합계 (CN TW VN US HK JP SG MY PH)
OBS-00517,2021-01,M,export_value,other,korea_exports_9c,10.7,10.7,usd_mn,actual,KCS-DATAGO-15100475,,,12_customs_memory_exports_by_country.csv,9개국 합계 (CN TW VN US HK JP SG MY PH)
OBS-00518,2021-01,M,export_value,total_memory,korea_exports_9c,4228.4,4228.4,usd_mn,actual,KCS-DATAGO-15100475,,,12_customs_memory_exports_by_country.csv,9개국 합계 (CN TW VN US HK JP SG MY PH)
OBS-00519,2021-02,M,export_value,dram,korea_exports_9c,1500.8,1500.8,usd_mn,actual,KCS-DATAGO-15100475,,,12_customs_memory_exports_by_country.csv,9개국 합계 (CN TW VN US HK JP SG MY PH)
OBS-00520,2021-02,M,export_value,flash,korea_exports_9c,447.7,447.7,usd_mn,actual,KCS-DATAGO-15100475,,,12_customs_memory_exports_by_country.csv,9개국 합계 (CN TW VN US HK JP SG MY PH)
OBS-00521,2021-02,M,export_value,multichip_mcp,korea_exports_9c,1993.2,1993.2,usd_mn,actual,KCS-DATAGO-15100475,,,12_customs_memory_exports_by_country.csv,9개국 합계 (CN TW VN US HK JP SG MY PH)
OBS-00522,2021-02,M,export_value,mco,korea_exports_9c,316.4,316.4,usd_mn,actual,KCS-DATAGO-15100475,,,12_customs_memory_exports_by_country.csv,9개국 합계 (CN TW VN US HK JP SG MY PH)
OBS-00523,2021-02,M,export_value,other,korea_exports_9c,9.9,9.9,usd_mn,actual,KCS-DATAGO-15100475,,,12_customs_memory_exports_by_country.csv,9개국 합계 (CN TW VN US HK JP SG MY PH)
OBS-00524,2021-02,M,export_value,total_memory,korea_exports_9c,4268.1,4268.1,usd_mn,actual,KCS-DATAGO-15100475,,,12_customs_memory_exports_by_country.csv,9개국 합계 (CN TW VN US HK JP SG MY PH)
OBS-00525,2021-03,M,export_value,dram,korea_exports_9c,1734.7,1734.7,usd_mn,actual,KCS-DATAGO-15100475,,,12_customs_memory_exports_by_country.csv,9개국 합계 (CN TW VN US HK JP SG MY PH)
OBS-00526,2021-03,M,export_value,flash,korea_exports_9c,428.2,428.2,usd_mn,actual,KCS-DATAGO-15100475,,,12_customs_memory_exports_by_country.csv,9개국 합계 (CN TW VN US HK JP SG MY PH)
OBS-00527,2021-03,M,export_value,multichip_mcp,korea_exports_9c,2432.9,2432.9,usd_mn,actual,KCS-DATAGO-15100475,,,12_customs_memory_exports_by_country.csv,9개국 합계 (CN TW VN US HK JP SG MY PH)
OBS-00528,2021-03,M,export_value,mco,korea_exports_9c,411.0,411.0,usd_mn,actual,KCS-DATAGO-15100475,,,12_customs_memory_exports_by_country.csv,9개국 합계 (CN TW VN US HK JP SG MY PH)
OBS-00529,2021-03,M,export_value,other,korea_exports_9c,11.2,11.2,usd_mn,actual,KCS-DATAGO-15100475,,,12_customs_memory_exports_by_country.csv,9개국 합계 (CN TW VN US HK JP SG MY PH)
OBS-00530,2021-03,M,export_value,total_memory,korea_exports_9c,5017.9,5017.9,usd_mn,actual,KCS-DATAGO-15100475,,,12_customs_memory_exports_by_country.csv,9개국 합계 (CN TW VN US HK JP SG MY PH)
OBS-00531,2021-04,M,export_value,dram,korea_exports_9c,1827.5,1827.5,usd_mn,actual,KCS-DATAGO-15100475,,,12_customs_memory_exports_by_country.csv,9개국 합계 (CN TW VN US HK JP SG MY PH)
OBS-00532,2021-04,M,export_value,flash,korea_exports_9c,479.1,479.1,usd_mn,actual,KCS-DATAGO-15100475,,,12_customs_memory_exports_by_country.csv,9개국 합계 (CN TW VN US HK JP SG MY PH)
OBS-00533,2021-04,M,export_value,multichip_mcp,korea_exports_9c,2054.6,2054.6,usd_mn,actual,KCS-DATAGO-15100475,,,12_customs_memory_exports_by_country.csv,9개국 합계 (CN TW VN US HK JP SG MY PH)
OBS-00534,2021-04,M,export_value,mco,korea_exports_9c,343.0,343.0,usd_mn,actual,KCS-DATAGO-15100475,,,12_customs_memory_exports_by_country.csv,9개국 합계 (CN TW VN US HK JP SG MY PH)
OBS-00535,2021-04,M,export_value,other,korea_exports_9c,13.5,13.5,usd_mn,actual,KCS-DATAGO-15100475,,,12_customs_memory_exports_by_country.csv,9개국 합계 (CN TW VN US HK JP SG MY PH)
OBS-00536,2021-04,M,export_value,total_memory,korea_exports_9c,4718.1,4718.1,usd_mn,actual,KCS-DATAGO-15100475,,,12_customs_memory_exports_by_country.csv,9개국 합계 (CN TW VN US HK JP SG MY PH)
OBS-00537,2021-05,M,export_value,dram,korea_exports_9c,1922.3,1922.3,usd_mn,actual,KCS-DATAGO-15100475,,,12_customs_memory_exports_by_country.csv,9개국 합계 (CN TW VN US HK JP SG MY PH)
OBS-00538,2021-05,M,export_value,flash,korea_exports_9c,568.4,568.4,usd_mn,actual,KCS-DATAGO-15100475,,,12_customs_memory_exports_by_country.csv,9개국 합계 (CN TW VN US HK JP SG MY PH)
OBS-00539,2021-05,M,export_value,multichip_mcp,korea_exports_9c,2636.8,2636.8,usd_mn,actual,KCS-DATAGO-15100475,,,12_customs_memory_exports_by_country.csv,9개국 합계 (CN TW VN US HK JP SG MY PH)
OBS-00540,2021-05,M,export_value,mco,korea_exports_9c,328.8,328.8,usd_mn,actual,KCS-DATAGO-15100475,,,12_customs_memory_exports_by_country.csv,9개국 합계 (CN TW VN US HK JP SG MY PH)
OBS-00541,2021-05,M,export_value,other,korea_exports_9c,10.2,10.2,usd_mn,actual,KCS-DATAGO-15100475,,,12_customs_memory_exports_by_country.csv,9개국 합계 (CN TW VN US HK JP SG MY PH)
OBS-00542,2021-05,M,export_value,total_memory,korea_exports_9c,5466.6,5466.6,usd_mn,actual,KCS-DATAGO-15100475,,,12_customs_memory_exports_by_country.csv,9개국 합계 (CN TW VN US HK JP SG MY PH)
OBS-00543,2021-06,M,export_value,dram,korea_exports_9c,2127.4,2127.4,usd_mn,actual,KCS-DATAGO-15100475,,,12_customs_memory_exports_by_country.csv,9개국 합계 (CN TW VN US HK JP SG MY PH)
OBS-00544,2021-06,M,export_value,flash,korea_exports_9c,579.5,579.5,usd_mn,actual,KCS-DATAGO-15100475,,,12_customs_memory_exports_by_country.csv,9개국 합계 (CN TW VN US HK JP SG MY PH)
OBS-00545,2021-06,M,export_value,multichip_mcp,korea_exports_9c,3072.2,3072.2,usd_mn,actual,KCS-DATAGO-15100475,,,12_customs_memory_exports_by_country.csv,9개국 합계 (CN TW VN US HK JP SG MY PH)
OBS-00546,2021-06,M,export_value,mco,korea_exports_9c,333.3,333.3,usd_mn,actual,KCS-DATAGO-15100475,,,12_customs_memory_exports_by_country.csv,9개국 합계 (CN TW VN US HK JP SG MY PH)
OBS-00547,2021-06,M,export_value,other,korea_exports_9c,13.0,13.0,usd_mn,actual,KCS-DATAGO-15100475,,,12_customs_memory_exports_by_country.csv,9개국 합계 (CN TW VN US HK JP SG MY PH)
OBS-00548,2021-06,M,export_value,total_memory,korea_exports_9c,6125.2,6125.2,usd_mn,actual,KCS-DATAGO-15100475,,,12_customs_memory_exports_by_country.csv,9개국 합계 (CN TW VN US HK JP SG MY PH)
OBS-00549,2021-07,M,export_value,dram,korea_exports_9c,2253.3,2253.3,usd_mn,actual,KCS-DATAGO-15100475,,,12_customs_memory_exports_by_country.csv,9개국 합계 (CN TW VN US HK JP SG MY PH)
OBS-00550,2021-07,M,export_value,flash,korea_exports_9c,480.8,480.8,usd_mn,actual,KCS-DATAGO-15100475,,,12_customs_memory_exports_by_country.csv,9개국 합계 (CN TW VN US HK JP SG MY PH)
OBS-00551,2021-07,M,export_value,multichip_mcp,korea_exports_9c,2555.6,2555.6,usd_mn,actual,KCS-DATAGO-15100475,,,12_customs_memory_exports_by_country.csv,9개국 합계 (CN TW VN US HK JP SG MY PH)
OBS-00552,2021-07,M,export_value,mco,korea_exports_9c,387.3,387.3,usd_mn,actual,KCS-DATAGO-15100475,,,12_customs_memory_exports_by_country.csv,9개국 합계 (CN TW VN US HK JP SG MY PH)
OBS-00553,2021-07,M,export_value,other,korea_exports_9c,12.6,12.6,usd_mn,actual,KCS-DATAGO-15100475,,,12_customs_memory_exports_by_country.csv,9개국 합계 (CN TW VN US HK JP SG MY PH)
OBS-00554,2021-07,M,export_value,total_memory,korea_exports_9c,5689.8,5689.8,usd_mn,actual,KCS-DATAGO-15100475,,,12_customs_memory_exports_by_country.csv,9개국 합계 (CN TW VN US HK JP SG MY PH)
OBS-00555,2021-08,M,export_value,dram,korea_exports_9c,2541.2,2541.2,usd_mn,actual,KCS-DATAGO-15100475,,,12_customs_memory_exports_by_country.csv,9개국 합계 (CN TW VN US HK JP SG MY PH)
OBS-00556,2021-08,M,export_value,flash,korea_exports_9c,549.3,549.3,usd_mn,actual,KCS-DATAGO-15100475,,,12_customs_memory_exports_by_country.csv,9개국 합계 (CN TW VN US HK JP SG MY PH)
OBS-00557,2021-08,M,export_value,multichip_mcp,korea_exports_9c,2647.8,2647.8,usd_mn,actual,KCS-DATAGO-15100475,,,12_customs_memory_exports_by_country.csv,9개국 합계 (CN TW VN US HK JP SG MY PH)
OBS-00558,2021-08,M,export_value,mco,korea_exports_9c,452.7,452.7,usd_mn,actual,KCS-DATAGO-15100475,,,12_customs_memory_exports_by_country.csv,9개국 합계 (CN TW VN US HK JP SG MY PH)
OBS-00559,2021-08,M,export_value,other,korea_exports_9c,11.5,11.5,usd_mn,actual,KCS-DATAGO-15100475,,,12_customs_memory_exports_by_country.csv,9개국 합계 (CN TW VN US HK JP SG MY PH)
OBS-00560,2021-08,M,export_value,total_memory,korea_exports_9c,6202.5,6202.5,usd_mn,actual,KCS-DATAGO-15100475,,,12_customs_memory_exports_by_country.csv,9개국 합계 (CN TW VN US HK JP SG MY PH)
OBS-00561,2021-09,M,export_value,dram,korea_exports_9c,2539.4,2539.4,usd_mn,actual,KCS-DATAGO-15100475,,,12_customs_memory_exports_by_country.csv,9개국 합계 (CN TW VN US HK JP SG MY PH)
OBS-00562,2021-09,M,export_value,flash,korea_exports_9c,646.6,646.6,usd_mn,actual,KCS-DATAGO-15100475,,,12_customs_memory_exports_by_country.csv,9개국 합계 (CN TW VN US HK JP SG MY PH)
OBS-00563,2021-09,M,export_value,multichip_mcp,korea_exports_9c,2885.3,2885.3,usd_mn,actual,KCS-DATAGO-15100475,,,12_customs_memory_exports_by_country.csv,9개국 합계 (CN TW VN US HK JP SG MY PH)
OBS-00564,2021-09,M,export_value,mco,korea_exports_9c,459.2,459.2,usd_mn,actual,KCS-DATAGO-15100475,,,12_customs_memory_exports_by_country.csv,9개국 합계 (CN TW VN US HK JP SG MY PH)
OBS-00565,2021-09,M,export_value,other,korea_exports_9c,12.3,12.3,usd_mn,actual,KCS-DATAGO-15100475,,,12_customs_memory_exports_by_country.csv,9개국 합계 (CN TW VN US HK JP SG MY PH)
OBS-00566,2021-09,M,export_value,total_memory,korea_exports_9c,6543.0,6543.0,usd_mn,actual,KCS-DATAGO-15100475,,,12_customs_memory_exports_by_country.csv,9개국 합계 (CN TW VN US HK JP SG MY PH)
OBS-00567,2021-10,M,export_value,dram,korea_exports_9c,2443.3,2443.3,usd_mn,actual,KCS-DATAGO-15100475,,,12_customs_memory_exports_by_country.csv,9개국 합계 (CN TW VN US HK JP SG MY PH)
OBS-00568,2021-10,M,export_value,flash,korea_exports_9c,622.5,622.5,usd_mn,actual,KCS-DATAGO-15100475,,,12_customs_memory_exports_by_country.csv,9개국 합계 (CN TW VN US HK JP SG MY PH)
OBS-00569,2021-10,M,export_value,multichip_mcp,korea_exports_9c,2234.3,2234.3,usd_mn,actual,KCS-DATAGO-15100475,,,12_customs_memory_exports_by_country.csv,9개국 합계 (CN TW VN US HK JP SG MY PH)
OBS-00570,2021-10,M,export_value,mco,korea_exports_9c,360.4,360.4,usd_mn,actual,KCS-DATAGO-15100475,,,12_customs_memory_exports_by_country.csv,9개국 합계 (CN TW VN US HK JP SG MY PH)
OBS-00571,2021-10,M,export_value,other,korea_exports_9c,10.9,10.9,usd_mn,actual,KCS-DATAGO-15100475,,,12_customs_memory_exports_by_country.csv,9개국 합계 (CN TW VN US HK JP SG MY PH)
OBS-00572,2021-10,M,export_value,total_memory,korea_exports_9c,5671.4,5671.4,usd_mn,actual,KCS-DATAGO-15100475,,,12_customs_memory_exports_by_country.csv,9개국 합계 (CN TW VN US HK JP SG MY PH)
OBS-00573,2021-11,M,export_value,dram,korea_exports_9c,2422.1,2422.1,usd_mn,actual,KCS-DATAGO-15100475,,,12_customs_memory_exports_by_country.csv,9개국 합계 (CN TW VN US HK JP SG MY PH)
OBS-00574,2021-11,M,export_value,flash,korea_exports_9c,613.0,613.0,usd_mn,actual,KCS-DATAGO-15100475,,,12_customs_memory_exports_by_country.csv,9개국 합계 (CN TW VN US HK JP SG MY PH)
OBS-00575,2021-11,M,export_value,multichip_mcp,korea_exports_9c,2861.8,2861.8,usd_mn,actual,KCS-DATAGO-15100475,,,12_customs_memory_exports_by_country.csv,9개국 합계 (CN TW VN US HK JP SG MY PH)
OBS-00576,2021-11,M,export_value,mco,korea_exports_9c,253.4,253.4,usd_mn,actual,KCS-DATAGO-15100475,,,12_customs_memory_exports_by_country.csv,9개국 합계 (CN TW VN US HK JP SG MY PH)
OBS-00577,2021-11,M,export_value,other,korea_exports_9c,11.9,11.9,usd_mn,actual,KCS-DATAGO-15100475,,,12_customs_memory_exports_by_country.csv,9개국 합계 (CN TW VN US HK JP SG MY PH)
OBS-00578,2021-11,M,export_value,total_memory,korea_exports_9c,6162.5,6162.5,usd_mn,actual,KCS-DATAGO-15100475,,,12_customs_memory_exports_by_country.csv,9개국 합계 (CN TW VN US HK JP SG MY PH)
OBS-00579,2021-12,M,export_value,dram,korea_exports_9c,2527.5,2527.5,usd_mn,actual,KCS-DATAGO-15100475,,,12_customs_memory_exports_by_country.csv,9개국 합계 (CN TW VN US HK JP SG MY PH)
OBS-00580,2021-12,M,export_value,flash,korea_exports_9c,627.2,627.2,usd_mn,actual,KCS-DATAGO-15100475,,,12_customs_memory_exports_by_country.csv,9개국 합계 (CN TW VN US HK JP SG MY PH)
OBS-00581,2021-12,M,export_value,multichip_mcp,korea_exports_9c,3002.0,3002.0,usd_mn,actual,KCS-DATAGO-15100475,,,12_customs_memory_exports_by_country.csv,9개국 합계 (CN TW VN US HK JP SG MY PH)
OBS-00582,2021-12,M,export_value,mco,korea_exports_9c,458.9,458.9,usd_mn,actual,KCS-DATAGO-15100475,,,12_customs_memory_exports_by_country.csv,9개국 합계 (CN TW VN US HK JP SG MY PH)
OBS-00583,2021-12,M,export_value,other,korea_exports_9c,8.9,8.9,usd_mn,actual,KCS-DATAGO-15100475,,,12_customs_memory_exports_by_country.csv,9개국 합계 (CN TW VN US HK JP SG MY PH)
OBS-00584,2021-12,M,export_value,total_memory,korea_exports_9c,6624.7,6624.7,usd_mn,actual,KCS-DATAGO-15100475,,,12_customs_memory_exports_by_country.csv,9개국 합계 (CN TW VN US HK JP SG MY PH)
OBS-00585,2022-01,M,export_value,dram,korea_exports_9c,2226.2,2226.2,usd_mn,actual,KCS-DATAGO-15100475,,,12_customs_memory_exports_by_country.csv,9개국 합계 (CN TW VN US HK JP SG MY PH)
OBS-00586,2022-01,M,export_value,flash,korea_exports_9c,510.0,510.0,usd_mn,actual,KCS-DATAGO-15100475,,,12_customs_memory_exports_by_country.csv,9개국 합계 (CN TW VN US HK JP SG MY PH)
OBS-00587,2022-01,M,export_value,multichip_mcp,korea_exports_9c,2221.5,2221.5,usd_mn,actual,KCS-DATAGO-15100475,,,12_customs_memory_exports_by_country.csv,9개국 합계 (CN TW VN US HK JP SG MY PH)
OBS-00588,2022-01,M,export_value,mco,korea_exports_9c,308.4,308.4,usd_mn,actual,KCS-DATAGO-15100475,,,12_customs_memory_exports_by_country.csv,9개국 합계 (CN TW VN US HK JP SG MY PH)
OBS-00589,2022-01,M,export_value,other,korea_exports_9c,6.9,6.9,usd_mn,actual,KCS-DATAGO-15100475,,,12_customs_memory_exports_by_country.csv,9개국 합계 (CN TW VN US HK JP SG MY PH)
OBS-00590,2022-01,M,export_value,total_memory,korea_exports_9c,5273.1,5273.1,usd_mn,actual,KCS-DATAGO-15100475,,,12_customs_memory_exports_by_country.csv,9개국 합계 (CN TW VN US HK JP SG MY PH)
OBS-00591,2022-02,M,export_value,dram,korea_exports_9c,2121.1,2121.1,usd_mn,actual,KCS-DATAGO-15100475,,,12_customs_memory_exports_by_country.csv,9개국 합계 (CN TW VN US HK JP SG MY PH)
OBS-00592,2022-02,M,export_value,flash,korea_exports_9c,617.9,617.9,usd_mn,actual,KCS-DATAGO-15100475,,,12_customs_memory_exports_by_country.csv,9개국 합계 (CN TW VN US HK JP SG MY PH)
OBS-00593,2022-02,M,export_value,multichip_mcp,korea_exports_9c,1985.0,1985.0,usd_mn,actual,KCS-DATAGO-15100475,,,12_customs_memory_exports_by_country.csv,9개국 합계 (CN TW VN US HK JP SG MY PH)
OBS-00594,2022-02,M,export_value,mco,korea_exports_9c,332.0,332.0,usd_mn,actual,KCS-DATAGO-15100475,,,12_customs_memory_exports_by_country.csv,9개국 합계 (CN TW VN US HK JP SG MY PH)
OBS-00595,2022-02,M,export_value,other,korea_exports_9c,7.4,7.4,usd_mn,actual,KCS-DATAGO-15100475,,,12_customs_memory_exports_by_country.csv,9개국 합계 (CN TW VN US HK JP SG MY PH)
OBS-00596,2022-02,M,export_value,total_memory,korea_exports_9c,5063.4,5063.4,usd_mn,actual,KCS-DATAGO-15100475,,,12_customs_memory_exports_by_country.csv,9개국 합계 (CN TW VN US HK JP SG MY PH)
OBS-00597,2022-03,M,export_value,dram,korea_exports_9c,2430.3,2430.3,usd_mn,actual,KCS-DATAGO-15100475,,,12_customs_memory_exports_by_country.csv,9개국 합계 (CN TW VN US HK JP SG MY PH)
OBS-00598,2022-03,M,export_value,flash,korea_exports_9c,731.2,731.2,usd_mn,actual,KCS-DATAGO-15100475,,,12_customs_memory_exports_by_country.csv,9개국 합계 (CN TW VN US HK JP SG MY PH)
OBS-00599,2022-03,M,export_value,multichip_mcp,korea_exports_9c,2847.9,2847.9,usd_mn,actual,KCS-DATAGO-15100475,,,12_customs_memory_exports_by_country.csv,9개국 합계 (CN TW VN US HK JP SG MY PH)
OBS-00600,2022-03,M,export_value,mco,korea_exports_9c,435.5,435.5,usd_mn,actual,KCS-DATAGO-15100475,,,12_customs_memory_exports_by_country.csv,9개국 합계 (CN TW VN US HK JP SG MY PH)
OBS-00601,2022-03,M,export_value,other,korea_exports_9c,9.4,9.4,usd_mn,actual,KCS-DATAGO-15100475,,,12_customs_memory_exports_by_country.csv,9개국 합계 (CN TW VN US HK JP SG MY PH)
OBS-00602,2022-03,M,export_value,total_memory,korea_exports_9c,6454.5,6454.5,usd_mn,actual,KCS-DATAGO-15100475,,,12_customs_memory_exports_by_country.csv,9개국 합계 (CN TW VN US HK JP SG MY PH)
OBS-00603,2022-04,M,export_value,dram,korea_exports_9c,2145.1,2145.1,usd_mn,actual,KCS-DATAGO-15100475,,,12_customs_memory_exports_by_country.csv,9개국 합계 (CN TW VN US HK JP SG MY PH)
OBS-00604,2022-04,M,export_value,flash,korea_exports_9c,733.5,733.5,usd_mn,actual,KCS-DATAGO-15100475,,,12_customs_memory_exports_by_country.csv,9개국 합계 (CN TW VN US HK JP SG MY PH)
OBS-00605,2022-04,M,export_value,multichip_mcp,korea_exports_9c,1830.9,1830.9,usd_mn,actual,KCS-DATAGO-15100475,,,12_customs_memory_exports_by_country.csv,9개국 합계 (CN TW VN US HK JP SG MY PH)
OBS-00606,2022-04,M,export_value,mco,korea_exports_9c,330.8,330.8,usd_mn,actual,KCS-DATAGO-15100475,,,12_customs_memory_exports_by_country.csv,9개국 합계 (CN TW VN US HK JP SG MY PH)
OBS-00607,2022-04,M,export_value,other,korea_exports_9c,9.5,9.5,usd_mn,actual,KCS-DATAGO-15100475,,,12_customs_memory_exports_by_country.csv,9개국 합계 (CN TW VN US HK JP SG MY PH)
OBS-00608,2022-04,M,export_value,total_memory,korea_exports_9c,5049.5,5049.5,usd_mn,actual,KCS-DATAGO-15100475,,,12_customs_memory_exports_by_country.csv,9개국 합계 (CN TW VN US HK JP SG MY PH)
OBS-00609,2022-05,M,export_value,dram,korea_exports_9c,2439.2,2439.2,usd_mn,actual,KCS-DATAGO-15100475,,,12_customs_memory_exports_by_country.csv,9개국 합계 (CN TW VN US HK JP SG MY PH)
OBS-00610,2022-05,M,export_value,flash,korea_exports_9c,791.2,791.2,usd_mn,actual,KCS-DATAGO-15100475,,,12_customs_memory_exports_by_country.csv,9개국 합계 (CN TW VN US HK JP SG MY PH)
OBS-00611,2022-05,M,export_value,multichip_mcp,korea_exports_9c,2262.8,2262.8,usd_mn,actual,KCS-DATAGO-15100475,,,12_customs_memory_exports_by_country.csv,9개국 합계 (CN TW VN US HK JP SG MY PH)
OBS-00612,2022-05,M,export_value,mco,korea_exports_9c,311.8,311.8,usd_mn,actual,KCS-DATAGO-15100475,,,12_customs_memory_exports_by_country.csv,9개국 합계 (CN TW VN US HK JP SG MY PH)
OBS-00613,2022-05,M,export_value,other,korea_exports_9c,6.3,6.3,usd_mn,actual,KCS-DATAGO-15100475,,,12_customs_memory_exports_by_country.csv,9개국 합계 (CN TW VN US HK JP SG MY PH)
OBS-00614,2022-05,M,export_value,total_memory,korea_exports_9c,5811.5,5811.5,usd_mn,actual,KCS-DATAGO-15100475,,,12_customs_memory_exports_by_country.csv,9개국 합계 (CN TW VN US HK JP SG MY PH)
OBS-00615,2022-06,M,export_value,dram,korea_exports_9c,2455.9,2455.9,usd_mn,actual,KCS-DATAGO-15100475,,,12_customs_memory_exports_by_country.csv,9개국 합계 (CN TW VN US HK JP SG MY PH)
OBS-00616,2022-06,M,export_value,flash,korea_exports_9c,773.7,773.7,usd_mn,actual,KCS-DATAGO-15100475,,,12_customs_memory_exports_by_country.csv,9개국 합계 (CN TW VN US HK JP SG MY PH)
OBS-00617,2022-06,M,export_value,multichip_mcp,korea_exports_9c,2419.1,2419.1,usd_mn,actual,KCS-DATAGO-15100475,,,12_customs_memory_exports_by_country.csv,9개국 합계 (CN TW VN US HK JP SG MY PH)
OBS-00618,2022-06,M,export_value,mco,korea_exports_9c,559.8,559.8,usd_mn,actual,KCS-DATAGO-15100475,,,12_customs_memory_exports_by_country.csv,9개국 합계 (CN TW VN US HK JP SG MY PH)
OBS-00619,2022-06,M,export_value,other,korea_exports_9c,13.8,13.8,usd_mn,actual,KCS-DATAGO-15100475,,,12_customs_memory_exports_by_country.csv,9개국 합계 (CN TW VN US HK JP SG MY PH)
OBS-00620,2022-06,M,export_value,total_memory,korea_exports_9c,6222.3,6222.3,usd_mn,actual,KCS-DATAGO-15100475,,,12_customs_memory_exports_by_country.csv,9개국 합계 (CN TW VN US HK JP SG MY PH)
OBS-00621,2022-07,M,export_value,dram,korea_exports_9c,2347.6,2347.6,usd_mn,actual,KCS-DATAGO-15100475,,,12_customs_memory_exports_by_country.csv,9개국 합계 (CN TW VN US HK JP SG MY PH)
OBS-00622,2022-07,M,export_value,flash,korea_exports_9c,727.1,727.1,usd_mn,actual,KCS-DATAGO-15100475,,,12_customs_memory_exports_by_country.csv,9개국 합계 (CN TW VN US HK JP SG MY PH)
OBS-00623,2022-07,M,export_value,multichip_mcp,korea_exports_9c,1725.3,1725.3,usd_mn,actual,KCS-DATAGO-15100475,,,12_customs_memory_exports_by_country.csv,9개국 합계 (CN TW VN US HK JP SG MY PH)
OBS-00624,2022-07,M,export_value,mco,korea_exports_9c,306.8,306.8,usd_mn,actual,KCS-DATAGO-15100475,,,12_customs_memory_exports_by_country.csv,9개국 합계 (CN TW VN US HK JP SG MY PH)
OBS-00625,2022-07,M,export_value,other,korea_exports_9c,15.1,15.1,usd_mn,actual,KCS-DATAGO-15100475,,,12_customs_memory_exports_by_country.csv,9개국 합계 (CN TW VN US HK JP SG MY PH)
OBS-00626,2022-07,M,export_value,total_memory,korea_exports_9c,5121.9,5121.9,usd_mn,actual,KCS-DATAGO-15100475,,,12_customs_memory_exports_by_country.csv,9개국 합계 (CN TW VN US HK JP SG MY PH)
OBS-00627,2022-08,M,export_value,dram,korea_exports_9c,1979.1,1979.1,usd_mn,actual,KCS-DATAGO-15100475,,,12_customs_memory_exports_by_country.csv,9개국 합계 (CN TW VN US HK JP SG MY PH)
OBS-00628,2022-08,M,export_value,flash,korea_exports_9c,611.2,611.2,usd_mn,actual,KCS-DATAGO-15100475,,,12_customs_memory_exports_by_country.csv,9개국 합계 (CN TW VN US HK JP SG MY PH)
OBS-00629,2022-08,M,export_value,multichip_mcp,korea_exports_9c,1929.4,1929.4,usd_mn,actual,KCS-DATAGO-15100475,,,12_customs_memory_exports_by_country.csv,9개국 합계 (CN TW VN US HK JP SG MY PH)
OBS-00630,2022-08,M,export_value,mco,korea_exports_9c,209.0,209.0,usd_mn,actual,KCS-DATAGO-15100475,,,12_customs_memory_exports_by_country.csv,9개국 합계 (CN TW VN US HK JP SG MY PH)
OBS-00631,2022-08,M,export_value,other,korea_exports_9c,14.2,14.2,usd_mn,actual,KCS-DATAGO-15100475,,,12_customs_memory_exports_by_country.csv,9개국 합계 (CN TW VN US HK JP SG MY PH)
OBS-00632,2022-08,M,export_value,total_memory,korea_exports_9c,4743.1,4743.1,usd_mn,actual,KCS-DATAGO-15100475,,,12_customs_memory_exports_by_country.csv,9개국 합계 (CN TW VN US HK JP SG MY PH)
OBS-00633,2022-09,M,export_value,dram,korea_exports_9c,1802.2,1802.2,usd_mn,actual,KCS-DATAGO-15100475,,,12_customs_memory_exports_by_country.csv,9개국 합계 (CN TW VN US HK JP SG MY PH)
OBS-00634,2022-09,M,export_value,flash,korea_exports_9c,661.2,661.2,usd_mn,actual,KCS-DATAGO-15100475,,,12_customs_memory_exports_by_country.csv,9개국 합계 (CN TW VN US HK JP SG MY PH)
OBS-00635,2022-09,M,export_value,multichip_mcp,korea_exports_9c,2317.6,2317.6,usd_mn,actual,KCS-DATAGO-15100475,,,12_customs_memory_exports_by_country.csv,9개국 합계 (CN TW VN US HK JP SG MY PH)
OBS-00636,2022-09,M,export_value,mco,korea_exports_9c,309.1,309.1,usd_mn,actual,KCS-DATAGO-15100475,,,12_customs_memory_exports_by_country.csv,9개국 합계 (CN TW VN US HK JP SG MY PH)
OBS-00637,2022-09,M,export_value,other,korea_exports_9c,13.7,13.7,usd_mn,actual,KCS-DATAGO-15100475,,,12_customs_memory_exports_by_country.csv,9개국 합계 (CN TW VN US HK JP SG MY PH)
OBS-00638,2022-09,M,export_value,total_memory,korea_exports_9c,5103.8,5103.8,usd_mn,actual,KCS-DATAGO-15100475,,,12_customs_memory_exports_by_country.csv,9개국 합계 (CN TW VN US HK JP SG MY PH)
OBS-00639,2022-10,M,export_value,dram,korea_exports_9c,1553.3,1553.3,usd_mn,actual,KCS-DATAGO-15100475,,,12_customs_memory_exports_by_country.csv,9개국 합계 (CN TW VN US HK JP SG MY PH)
OBS-00640,2022-10,M,export_value,flash,korea_exports_9c,561.5,561.5,usd_mn,actual,KCS-DATAGO-15100475,,,12_customs_memory_exports_by_country.csv,9개국 합계 (CN TW VN US HK JP SG MY PH)
OBS-00641,2022-10,M,export_value,multichip_mcp,korea_exports_9c,1543.9,1543.9,usd_mn,actual,KCS-DATAGO-15100475,,,12_customs_memory_exports_by_country.csv,9개국 합계 (CN TW VN US HK JP SG MY PH)
OBS-00642,2022-10,M,export_value,mco,korea_exports_9c,103.1,103.1,usd_mn,actual,KCS-DATAGO-15100475,,,12_customs_memory_exports_by_country.csv,9개국 합계 (CN TW VN US HK JP SG MY PH)
OBS-00643,2022-10,M,export_value,other,korea_exports_9c,11.1,11.1,usd_mn,actual,KCS-DATAGO-15100475,,,12_customs_memory_exports_by_country.csv,9개국 합계 (CN TW VN US HK JP SG MY PH)
OBS-00644,2022-10,M,export_value,total_memory,korea_exports_9c,3772.8,3772.8,usd_mn,actual,KCS-DATAGO-15100475,,,12_customs_memory_exports_by_country.csv,9개국 합계 (CN TW VN US HK JP SG MY PH)
OBS-00645,2022-11,M,export_value,dram,korea_exports_9c,1386.7,1386.7,usd_mn,actual,KCS-DATAGO-15100475,,,12_customs_memory_exports_by_country.csv,9개국 합계 (CN TW VN US HK JP SG MY PH)
OBS-00646,2022-11,M,export_value,flash,korea_exports_9c,510.9,510.9,usd_mn,actual,KCS-DATAGO-15100475,,,12_customs_memory_exports_by_country.csv,9개국 합계 (CN TW VN US HK JP SG MY PH)
OBS-00647,2022-11,M,export_value,multichip_mcp,korea_exports_9c,1264.2,1264.2,usd_mn,actual,KCS-DATAGO-15100475,,,12_customs_memory_exports_by_country.csv,9개국 합계 (CN TW VN US HK JP SG MY PH)
OBS-00648,2022-11,M,export_value,mco,korea_exports_9c,100.6,100.6,usd_mn,actual,KCS-DATAGO-15100475,,,12_customs_memory_exports_by_country.csv,9개국 합계 (CN TW VN US HK JP SG MY PH)
OBS-00649,2022-11,M,export_value,other,korea_exports_9c,14.9,14.9,usd_mn,actual,KCS-DATAGO-15100475,,,12_customs_memory_exports_by_country.csv,9개국 합계 (CN TW VN US HK JP SG MY PH)
OBS-00650,2022-11,M,export_value,total_memory,korea_exports_9c,3277.3,3277.3,usd_mn,actual,KCS-DATAGO-15100475,,,12_customs_memory_exports_by_country.csv,9개국 합계 (CN TW VN US HK JP SG MY PH)
OBS-00651,2022-12,M,export_value,dram,korea_exports_9c,1406.2,1406.2,usd_mn,actual,KCS-DATAGO-15100475,,,12_customs_memory_exports_by_country.csv,9개국 합계 (CN TW VN US HK JP SG MY PH)
OBS-00652,2022-12,M,export_value,flash,korea_exports_9c,341.7,341.7,usd_mn,actual,KCS-DATAGO-15100475,,,12_customs_memory_exports_by_country.csv,9개국 합계 (CN TW VN US HK JP SG MY PH)
OBS-00653,2022-12,M,export_value,multichip_mcp,korea_exports_9c,1404.2,1404.2,usd_mn,actual,KCS-DATAGO-15100475,,,12_customs_memory_exports_by_country.csv,9개국 합계 (CN TW VN US HK JP SG MY PH)
OBS-00654,2022-12,M,export_value,mco,korea_exports_9c,134.4,134.4,usd_mn,actual,KCS-DATAGO-15100475,,,12_customs_memory_exports_by_country.csv,9개국 합계 (CN TW VN US HK JP SG MY PH)
OBS-00655,2022-12,M,export_value,other,korea_exports_9c,8.2,8.2,usd_mn,actual,KCS-DATAGO-15100475,,,12_customs_memory_exports_by_country.csv,9개국 합계 (CN TW VN US HK JP SG MY PH)
OBS-00656,2022-12,M,export_value,total_memory,korea_exports_9c,3295.2,3295.2,usd_mn,actual,KCS-DATAGO-15100475,,,12_customs_memory_exports_by_country.csv,9개국 합계 (CN TW VN US HK JP SG MY PH)
OBS-00657,2023-01,M,export_value,dram,korea_exports_9c,878.0,878.0,usd_mn,actual,KCS-DATAGO-15100475,,,12_customs_memory_exports_by_country.csv,9개국 합계 (CN TW VN US HK JP SG MY PH)
OBS-00658,2023-01,M,export_value,flash,korea_exports_9c,359.3,359.3,usd_mn,actual,KCS-DATAGO-15100475,,,12_customs_memory_exports_by_country.csv,9개국 합계 (CN TW VN US HK JP SG MY PH)
OBS-00659,2023-01,M,export_value,multichip_mcp,korea_exports_9c,998.3,998.3,usd_mn,actual,KCS-DATAGO-15100475,,,12_customs_memory_exports_by_country.csv,9개국 합계 (CN TW VN US HK JP SG MY PH)
OBS-00660,2023-01,M,export_value,mco,korea_exports_9c,91.7,91.7,usd_mn,actual,KCS-DATAGO-15100475,,,12_customs_memory_exports_by_country.csv,9개국 합계 (CN TW VN US HK JP SG MY PH)
OBS-00661,2023-01,M,export_value,other,korea_exports_9c,6.8,6.8,usd_mn,actual,KCS-DATAGO-15100475,,,12_customs_memory_exports_by_country.csv,9개국 합계 (CN TW VN US HK JP SG MY PH)
OBS-00662,2023-01,M,export_value,total_memory,korea_exports_9c,2334.3,2334.3,usd_mn,actual,KCS-DATAGO-15100475,,,12_customs_memory_exports_by_country.csv,9개국 합계 (CN TW VN US HK JP SG MY PH)
OBS-00663,2023-02,M,export_value,dram,korea_exports_9c,935.6,935.6,usd_mn,actual,KCS-DATAGO-15100475,,,12_customs_memory_exports_by_country.csv,9개국 합계 (CN TW VN US HK JP SG MY PH)
OBS-00664,2023-02,M,export_value,flash,korea_exports_9c,488.2,488.2,usd_mn,actual,KCS-DATAGO-15100475,,,12_customs_memory_exports_by_country.csv,9개국 합계 (CN TW VN US HK JP SG MY PH)
OBS-00665,2023-02,M,export_value,multichip_mcp,korea_exports_9c,962.8,962.8,usd_mn,actual,KCS-DATAGO-15100475,,,12_customs_memory_exports_by_country.csv,9개국 합계 (CN TW VN US HK JP SG MY PH)
OBS-00666,2023-02,M,export_value,mco,korea_exports_9c,82.4,82.4,usd_mn,actual,KCS-DATAGO-15100475,,,12_customs_memory_exports_by_country.csv,9개국 합계 (CN TW VN US HK JP SG MY PH)
OBS-00667,2023-02,M,export_value,other,korea_exports_9c,7.9,7.9,usd_mn,actual,KCS-DATAGO-15100475,,,12_customs_memory_exports_by_country.csv,9개국 합계 (CN TW VN US HK JP SG MY PH)
OBS-00668,2023-02,M,export_value,total_memory,korea_exports_9c,2477.1,2477.1,usd_mn,actual,KCS-DATAGO-15100475,,,12_customs_memory_exports_by_country.csv,9개국 합계 (CN TW VN US HK JP SG MY PH)
OBS-00669,2023-03,M,export_value,dram,korea_exports_9c,1118.5,1118.5,usd_mn,actual,KCS-DATAGO-15100475,,,12_customs_memory_exports_by_country.csv,9개국 합계 (CN TW VN US HK JP SG MY PH)
OBS-00670,2023-03,M,export_value,flash,korea_exports_9c,630.7,630.7,usd_mn,actual,KCS-DATAGO-15100475,,,12_customs_memory_exports_by_country.csv,9개국 합계 (CN TW VN US HK JP SG MY PH)
OBS-00671,2023-03,M,export_value,multichip_mcp,korea_exports_9c,1440.6,1440.6,usd_mn,actual,KCS-DATAGO-15100475,,,12_customs_memory_exports_by_country.csv,9개국 합계 (CN TW VN US HK JP SG MY PH)
OBS-00672,2023-03,M,export_value,mco,korea_exports_9c,293.8,293.8,usd_mn,actual,KCS-DATAGO-15100475,,,12_customs_memory_exports_by_country.csv,9개국 합계 (CN TW VN US HK JP SG MY PH)
OBS-00673,2023-03,M,export_value,other,korea_exports_9c,9.6,9.6,usd_mn,actual,KCS-DATAGO-15100475,,,12_customs_memory_exports_by_country.csv,9개국 합계 (CN TW VN US HK JP SG MY PH)
OBS-00674,2023-03,M,export_value,total_memory,korea_exports_9c,3493.0,3493.0,usd_mn,actual,KCS-DATAGO-15100475,,,12_customs_memory_exports_by_country.csv,9개국 합계 (CN TW VN US HK JP SG MY PH)
OBS-00675,2023-04,M,export_value,dram,korea_exports_9c,1150.1,1150.1,usd_mn,actual,KCS-DATAGO-15100475,,,12_customs_memory_exports_by_country.csv,9개국 합계 (CN TW VN US HK JP SG MY PH)
OBS-00676,2023-04,M,export_value,flash,korea_exports_9c,348.1,348.1,usd_mn,actual,KCS-DATAGO-15100475,,,12_customs_memory_exports_by_country.csv,9개국 합계 (CN TW VN US HK JP SG MY PH)
OBS-00677,2023-04,M,export_value,multichip_mcp,korea_exports_9c,946.3,946.3,usd_mn,actual,KCS-DATAGO-15100475,,,12_customs_memory_exports_by_country.csv,9개국 합계 (CN TW VN US HK JP SG MY PH)
OBS-00678,2023-04,M,export_value,mco,korea_exports_9c,100.6,100.6,usd_mn,actual,KCS-DATAGO-15100475,,,12_customs_memory_exports_by_country.csv,9개국 합계 (CN TW VN US HK JP SG MY PH)
OBS-00679,2023-04,M,export_value,other,korea_exports_9c,10.6,10.6,usd_mn,actual,KCS-DATAGO-15100475,,,12_customs_memory_exports_by_country.csv,9개국 합계 (CN TW VN US HK JP SG MY PH)
OBS-00680,2023-04,M,export_value,total_memory,korea_exports_9c,2555.4,2555.4,usd_mn,actual,KCS-DATAGO-15100475,,,12_customs_memory_exports_by_country.csv,9개국 합계 (CN TW VN US HK JP SG MY PH)
OBS-00681,2023-05,M,export_value,dram,korea_exports_9c,1180.4,1180.4,usd_mn,actual,KCS-DATAGO-15100475,,,12_customs_memory_exports_by_country.csv,9개국 합계 (CN TW VN US HK JP SG MY PH)
OBS-00682,2023-05,M,export_value,flash,korea_exports_9c,359.1,359.1,usd_mn,actual,KCS-DATAGO-15100475,,,12_customs_memory_exports_by_country.csv,9개국 합계 (CN TW VN US HK JP SG MY PH)
OBS-00683,2023-05,M,export_value,multichip_mcp,korea_exports_9c,1217.0,1217.0,usd_mn,actual,KCS-DATAGO-15100475,,,12_customs_memory_exports_by_country.csv,9개국 합계 (CN TW VN US HK JP SG MY PH)
OBS-00684,2023-05,M,export_value,mco,korea_exports_9c,164.6,164.6,usd_mn,actual,KCS-DATAGO-15100475,,,12_customs_memory_exports_by_country.csv,9개국 합계 (CN TW VN US HK JP SG MY PH)
OBS-00685,2023-05,M,export_value,other,korea_exports_9c,11.2,11.2,usd_mn,actual,KCS-DATAGO-15100475,,,12_customs_memory_exports_by_country.csv,9개국 합계 (CN TW VN US HK JP SG MY PH)
OBS-00686,2023-05,M,export_value,total_memory,korea_exports_9c,2932.8,2932.8,usd_mn,actual,KCS-DATAGO-15100475,,,12_customs_memory_exports_by_country.csv,9개국 합계 (CN TW VN US HK JP SG MY PH)
OBS-00687,2023-06,M,export_value,dram,korea_exports_9c,1150.3,1150.3,usd_mn,actual,KCS-DATAGO-15100475,,,12_customs_memory_exports_by_country.csv,9개국 합계 (CN TW VN US HK JP SG MY PH)
OBS-00688,2023-06,M,export_value,flash,korea_exports_9c,462.4,462.4,usd_mn,actual,KCS-DATAGO-15100475,,,12_customs_memory_exports_by_country.csv,9개국 합계 (CN TW VN US HK JP SG MY PH)
OBS-00689,2023-06,M,export_value,multichip_mcp,korea_exports_9c,2043.9,2043.9,usd_mn,actual,KCS-DATAGO-15100475,,,12_customs_memory_exports_by_country.csv,9개국 합계 (CN TW VN US HK JP SG MY PH)
OBS-00690,2023-06,M,export_value,mco,korea_exports_9c,209.0,209.0,usd_mn,actual,KCS-DATAGO-15100475,,,12_customs_memory_exports_by_country.csv,9개국 합계 (CN TW VN US HK JP SG MY PH)
OBS-00691,2023-06,M,export_value,other,korea_exports_9c,10.9,10.9,usd_mn,actual,KCS-DATAGO-15100475,,,12_customs_memory_exports_by_country.csv,9개국 합계 (CN TW VN US HK JP SG MY PH)
OBS-00692,2023-06,M,export_value,total_memory,korea_exports_9c,3876.8,3876.8,usd_mn,actual,KCS-DATAGO-15100475,,,12_customs_memory_exports_by_country.csv,9개국 합계 (CN TW VN US HK JP SG MY PH)
OBS-00693,2023-07,M,export_value,dram,korea_exports_9c,1125.8,1125.8,usd_mn,actual,KCS-DATAGO-15100475,,,12_customs_memory_exports_by_country.csv,9개국 합계 (CN TW VN US HK JP SG MY PH)
OBS-00694,2023-07,M,export_value,flash,korea_exports_9c,347.1,347.1,usd_mn,actual,KCS-DATAGO-15100475,,,12_customs_memory_exports_by_country.csv,9개국 합계 (CN TW VN US HK JP SG MY PH)
OBS-00695,2023-07,M,export_value,multichip_mcp,korea_exports_9c,1380.2,1380.2,usd_mn,actual,KCS-DATAGO-15100475,,,12_customs_memory_exports_by_country.csv,9개국 합계 (CN TW VN US HK JP SG MY PH)
OBS-00696,2023-07,M,export_value,mco,korea_exports_9c,91.1,91.1,usd_mn,actual,KCS-DATAGO-15100475,,,12_customs_memory_exports_by_country.csv,9개국 합계 (CN TW VN US HK JP SG MY PH)
OBS-00697,2023-07,M,export_value,other,korea_exports_9c,13.9,13.9,usd_mn,actual,KCS-DATAGO-15100475,,,12_customs_memory_exports_by_country.csv,9개국 합계 (CN TW VN US HK JP SG MY PH)
OBS-00698,2023-07,M,export_value,total_memory,korea_exports_9c,2958.1,2958.1,usd_mn,actual,KCS-DATAGO-15100475,,,12_customs_memory_exports_by_country.csv,9개국 합계 (CN TW VN US HK JP SG MY PH)
OBS-00699,2023-08,M,export_value,dram,korea_exports_9c,1265.8,1265.8,usd_mn,actual,KCS-DATAGO-15100475,,,12_customs_memory_exports_by_country.csv,9개국 합계 (CN TW VN US HK JP SG MY PH)
OBS-00700,2023-08,M,export_value,flash,korea_exports_9c,556.2,556.2,usd_mn,actual,KCS-DATAGO-15100475,,,12_customs_memory_exports_by_country.csv,9개국 합계 (CN TW VN US HK JP SG MY PH)
OBS-00701,2023-08,M,export_value,multichip_mcp,korea_exports_9c,1582.2,1582.2,usd_mn,actual,KCS-DATAGO-15100475,,,12_customs_memory_exports_by_country.csv,9개국 합계 (CN TW VN US HK JP SG MY PH)
OBS-00702,2023-08,M,export_value,mco,korea_exports_9c,163.2,163.2,usd_mn,actual,KCS-DATAGO-15100475,,,12_customs_memory_exports_by_country.csv,9개국 합계 (CN TW VN US HK JP SG MY PH)
OBS-00703,2023-08,M,export_value,other,korea_exports_9c,11.7,11.7,usd_mn,actual,KCS-DATAGO-15100475,,,12_customs_memory_exports_by_country.csv,9개국 합계 (CN TW VN US HK JP SG MY PH)
OBS-00704,2023-08,M,export_value,total_memory,korea_exports_9c,3578.7,3578.7,usd_mn,actual,KCS-DATAGO-15100475,,,12_customs_memory_exports_by_country.csv,9개국 합계 (CN TW VN US HK JP SG MY PH)
OBS-00705,2023-09,M,export_value,dram,korea_exports_9c,1161.1,1161.1,usd_mn,actual,KCS-DATAGO-15100475,,,12_customs_memory_exports_by_country.csv,9개국 합계 (CN TW VN US HK JP SG MY PH)
OBS-00706,2023-09,M,export_value,flash,korea_exports_9c,704.9,704.9,usd_mn,actual,KCS-DATAGO-15100475,,,12_customs_memory_exports_by_country.csv,9개국 합계 (CN TW VN US HK JP SG MY PH)
OBS-00707,2023-09,M,export_value,multichip_mcp,korea_exports_9c,1964.4,1964.4,usd_mn,actual,KCS-DATAGO-15100475,,,12_customs_memory_exports_by_country.csv,9개국 합계 (CN TW VN US HK JP SG MY PH)
OBS-00708,2023-09,M,export_value,mco,korea_exports_9c,242.6,242.6,usd_mn,actual,KCS-DATAGO-15100475,,,12_customs_memory_exports_by_country.csv,9개국 합계 (CN TW VN US HK JP SG MY PH)
OBS-00709,2023-09,M,export_value,other,korea_exports_9c,11.6,11.6,usd_mn,actual,KCS-DATAGO-15100475,,,12_customs_memory_exports_by_country.csv,9개국 합계 (CN TW VN US HK JP SG MY PH)
OBS-00710,2023-09,M,export_value,total_memory,korea_exports_9c,4084.7,4084.7,usd_mn,actual,KCS-DATAGO-15100475,,,12_customs_memory_exports_by_country.csv,9개국 합계 (CN TW VN US HK JP SG MY PH)
OBS-00711,2023-10,M,export_value,dram,korea_exports_9c,1121.1,1121.1,usd_mn,actual,KCS-DATAGO-15100475,,,12_customs_memory_exports_by_country.csv,9개국 합계 (CN TW VN US HK JP SG MY PH)
OBS-00712,2023-10,M,export_value,flash,korea_exports_9c,555.6,555.6,usd_mn,actual,KCS-DATAGO-15100475,,,12_customs_memory_exports_by_country.csv,9개국 합계 (CN TW VN US HK JP SG MY PH)
OBS-00713,2023-10,M,export_value,multichip_mcp,korea_exports_9c,1756.1,1756.1,usd_mn,actual,KCS-DATAGO-15100475,,,12_customs_memory_exports_by_country.csv,9개국 합계 (CN TW VN US HK JP SG MY PH)
OBS-00714,2023-10,M,export_value,mco,korea_exports_9c,161.9,161.9,usd_mn,actual,KCS-DATAGO-15100475,,,12_customs_memory_exports_by_country.csv,9개국 합계 (CN TW VN US HK JP SG MY PH)
OBS-00715,2023-10,M,export_value,other,korea_exports_9c,14.2,14.2,usd_mn,actual,KCS-DATAGO-15100475,,,12_customs_memory_exports_by_country.csv,9개국 합계 (CN TW VN US HK JP SG MY PH)
OBS-00716,2023-10,M,export_value,total_memory,korea_exports_9c,3609.0,3609.0,usd_mn,actual,KCS-DATAGO-15100475,,,12_customs_memory_exports_by_country.csv,9개국 합계 (CN TW VN US HK JP SG MY PH)
OBS-00717,2023-11,M,export_value,dram,korea_exports_9c,1322.4,1322.4,usd_mn,actual,KCS-DATAGO-15100475,,,12_customs_memory_exports_by_country.csv,9개국 합계 (CN TW VN US HK JP SG MY PH)
OBS-00718,2023-11,M,export_value,flash,korea_exports_9c,569.5,569.5,usd_mn,actual,KCS-DATAGO-15100475,,,12_customs_memory_exports_by_country.csv,9개국 합계 (CN TW VN US HK JP SG MY PH)
OBS-00719,2023-11,M,export_value,multichip_mcp,korea_exports_9c,1929.3,1929.3,usd_mn,actual,KCS-DATAGO-15100475,,,12_customs_memory_exports_by_country.csv,9개국 합계 (CN TW VN US HK JP SG MY PH)
OBS-00720,2023-11,M,export_value,mco,korea_exports_9c,285.2,285.2,usd_mn,actual,KCS-DATAGO-15100475,,,12_customs_memory_exports_by_country.csv,9개국 합계 (CN TW VN US HK JP SG MY PH)
OBS-00721,2023-11,M,export_value,other,korea_exports_9c,19.2,19.2,usd_mn,actual,KCS-DATAGO-15100475,,,12_customs_memory_exports_by_country.csv,9개국 합계 (CN TW VN US HK JP SG MY PH)
OBS-00722,2023-11,M,export_value,total_memory,korea_exports_9c,4125.5,4125.5,usd_mn,actual,KCS-DATAGO-15100475,,,12_customs_memory_exports_by_country.csv,9개국 합계 (CN TW VN US HK JP SG MY PH)
OBS-00723,2023-12,M,export_value,dram,korea_exports_9c,1432.9,1432.9,usd_mn,actual,KCS-DATAGO-15100475,,,12_customs_memory_exports_by_country.csv,9개국 합계 (CN TW VN US HK JP SG MY PH)
OBS-00724,2023-12,M,export_value,flash,korea_exports_9c,615.9,615.9,usd_mn,actual,KCS-DATAGO-15100475,,,12_customs_memory_exports_by_country.csv,9개국 합계 (CN TW VN US HK JP SG MY PH)
OBS-00725,2023-12,M,export_value,multichip_mcp,korea_exports_9c,2401.2,2401.2,usd_mn,actual,KCS-DATAGO-15100475,,,12_customs_memory_exports_by_country.csv,9개국 합계 (CN TW VN US HK JP SG MY PH)
OBS-00726,2023-12,M,export_value,mco,korea_exports_9c,549.4,549.4,usd_mn,actual,KCS-DATAGO-15100475,,,12_customs_memory_exports_by_country.csv,9개국 합계 (CN TW VN US HK JP SG MY PH)
OBS-00727,2023-12,M,export_value,other,korea_exports_9c,16.7,16.7,usd_mn,actual,KCS-DATAGO-15100475,,,12_customs_memory_exports_by_country.csv,9개국 합계 (CN TW VN US HK JP SG MY PH)
OBS-00728,2023-12,M,export_value,total_memory,korea_exports_9c,5016.5,5016.5,usd_mn,actual,KCS-DATAGO-15100475,,,12_customs_memory_exports_by_country.csv,9개국 합계 (CN TW VN US HK JP SG MY PH)
OBS-00729,2024-01,M,export_value,dram,korea_exports_9c,1389.6,1389.6,usd_mn,actual,KCS-DATAGO-15100475,,,12_customs_memory_exports_by_country.csv,9개국 합계 (CN TW VN US HK JP SG MY PH)
OBS-00730,2024-01,M,export_value,flash,korea_exports_9c,848.1,848.1,usd_mn,actual,KCS-DATAGO-15100475,,,12_customs_memory_exports_by_country.csv,9개국 합계 (CN TW VN US HK JP SG MY PH)
OBS-00731,2024-01,M,export_value,multichip_mcp,korea_exports_9c,1874.6,1874.6,usd_mn,actual,KCS-DATAGO-15100475,,,12_customs_memory_exports_by_country.csv,9개국 합계 (CN TW VN US HK JP SG MY PH)
OBS-00732,2024-01,M,export_value,mco,korea_exports_9c,251.1,251.1,usd_mn,actual,KCS-DATAGO-15100475,,,12_customs_memory_exports_by_country.csv,9개국 합계 (CN TW VN US HK JP SG MY PH)
OBS-00733,2024-01,M,export_value,other,korea_exports_9c,19.5,19.5,usd_mn,actual,KCS-DATAGO-15100475,,,12_customs_memory_exports_by_country.csv,9개국 합계 (CN TW VN US HK JP SG MY PH)
OBS-00734,2024-01,M,export_value,total_memory,korea_exports_9c,4383.0,4383.0,usd_mn,actual,KCS-DATAGO-15100475,,,12_customs_memory_exports_by_country.csv,9개국 합계 (CN TW VN US HK JP SG MY PH)
OBS-00735,2024-02,M,export_value,dram,korea_exports_9c,1472.6,1472.6,usd_mn,actual,KCS-DATAGO-15100475,,,12_customs_memory_exports_by_country.csv,9개국 합계 (CN TW VN US HK JP SG MY PH)
OBS-00736,2024-02,M,export_value,flash,korea_exports_9c,877.9,877.9,usd_mn,actual,KCS-DATAGO-15100475,,,12_customs_memory_exports_by_country.csv,9개국 합계 (CN TW VN US HK JP SG MY PH)
OBS-00737,2024-02,M,export_value,multichip_mcp,korea_exports_9c,2180.1,2180.1,usd_mn,actual,KCS-DATAGO-15100475,,,12_customs_memory_exports_by_country.csv,9개국 합계 (CN TW VN US HK JP SG MY PH)
OBS-00738,2024-02,M,export_value,mco,korea_exports_9c,375.2,375.2,usd_mn,actual,KCS-DATAGO-15100475,,,12_customs_memory_exports_by_country.csv,9개국 합계 (CN TW VN US HK JP SG MY PH)
OBS-00739,2024-02,M,export_value,other,korea_exports_9c,14.1,14.1,usd_mn,actual,KCS-DATAGO-15100475,,,12_customs_memory_exports_by_country.csv,9개국 합계 (CN TW VN US HK JP SG MY PH)
OBS-00740,2024-02,M,export_value,total_memory,korea_exports_9c,4919.8,4919.8,usd_mn,actual,KCS-DATAGO-15100475,,,12_customs_memory_exports_by_country.csv,9개국 합계 (CN TW VN US HK JP SG MY PH)
OBS-00741,2024-03,M,export_value,dram,korea_exports_9c,1607.2,1607.2,usd_mn,actual,KCS-DATAGO-15100475,,,12_customs_memory_exports_by_country.csv,9개국 합계 (CN TW VN US HK JP SG MY PH)
OBS-00742,2024-03,M,export_value,flash,korea_exports_9c,806.3,806.3,usd_mn,actual,KCS-DATAGO-15100475,,,12_customs_memory_exports_by_country.csv,9개국 합계 (CN TW VN US HK JP SG MY PH)
OBS-00743,2024-03,M,export_value,multichip_mcp,korea_exports_9c,2560.1,2560.1,usd_mn,actual,KCS-DATAGO-15100475,,,12_customs_memory_exports_by_country.csv,9개국 합계 (CN TW VN US HK JP SG MY PH)
OBS-00744,2024-03,M,export_value,mco,korea_exports_9c,490.3,490.3,usd_mn,actual,KCS-DATAGO-15100475,,,12_customs_memory_exports_by_country.csv,9개국 합계 (CN TW VN US HK JP SG MY PH)
OBS-00745,2024-03,M,export_value,other,korea_exports_9c,12.7,12.7,usd_mn,actual,KCS-DATAGO-15100475,,,12_customs_memory_exports_by_country.csv,9개국 합계 (CN TW VN US HK JP SG MY PH)
OBS-00746,2024-03,M,export_value,total_memory,korea_exports_9c,5476.8,5476.8,usd_mn,actual,KCS-DATAGO-15100475,,,12_customs_memory_exports_by_country.csv,9개국 합계 (CN TW VN US HK JP SG MY PH)
OBS-00747,2024-04,M,export_value,dram,korea_exports_9c,1573.8,1573.8,usd_mn,actual,KCS-DATAGO-15100475,,,12_customs_memory_exports_by_country.csv,9개국 합계 (CN TW VN US HK JP SG MY PH)
OBS-00748,2024-04,M,export_value,flash,korea_exports_9c,608.7,608.7,usd_mn,actual,KCS-DATAGO-15100475,,,12_customs_memory_exports_by_country.csv,9개국 합계 (CN TW VN US HK JP SG MY PH)
OBS-00749,2024-04,M,export_value,multichip_mcp,korea_exports_9c,2056.3,2056.3,usd_mn,actual,KCS-DATAGO-15100475,,,12_customs_memory_exports_by_country.csv,9개국 합계 (CN TW VN US HK JP SG MY PH)
OBS-00750,2024-04,M,export_value,mco,korea_exports_9c,414.6,414.6,usd_mn,actual,KCS-DATAGO-15100475,,,12_customs_memory_exports_by_country.csv,9개국 합계 (CN TW VN US HK JP SG MY PH)
OBS-00751,2024-04,M,export_value,other,korea_exports_9c,22.3,22.3,usd_mn,actual,KCS-DATAGO-15100475,,,12_customs_memory_exports_by_country.csv,9개국 합계 (CN TW VN US HK JP SG MY PH)
OBS-00752,2024-04,M,export_value,total_memory,korea_exports_9c,4675.8,4675.8,usd_mn,actual,KCS-DATAGO-15100475,,,12_customs_memory_exports_by_country.csv,9개국 합계 (CN TW VN US HK JP SG MY PH)
OBS-00753,2024-05,M,export_value,dram,korea_exports_9c,1745.3,1745.3,usd_mn,actual,KCS-DATAGO-15100475,,,12_customs_memory_exports_by_country.csv,9개국 합계 (CN TW VN US HK JP SG MY PH)
OBS-00754,2024-05,M,export_value,flash,korea_exports_9c,675.2,675.2,usd_mn,actual,KCS-DATAGO-15100475,,,12_customs_memory_exports_by_country.csv,9개국 합계 (CN TW VN US HK JP SG MY PH)
OBS-00755,2024-05,M,export_value,multichip_mcp,korea_exports_9c,2577.6,2577.6,usd_mn,actual,KCS-DATAGO-15100475,,,12_customs_memory_exports_by_country.csv,9개국 합계 (CN TW VN US HK JP SG MY PH)
OBS-00756,2024-05,M,export_value,mco,korea_exports_9c,467.5,467.5,usd_mn,actual,KCS-DATAGO-15100475,,,12_customs_memory_exports_by_country.csv,9개국 합계 (CN TW VN US HK JP SG MY PH)
OBS-00757,2024-05,M,export_value,other,korea_exports_9c,25.4,25.4,usd_mn,actual,KCS-DATAGO-15100475,,,12_customs_memory_exports_by_country.csv,9개국 합계 (CN TW VN US HK JP SG MY PH)
OBS-00758,2024-05,M,export_value,total_memory,korea_exports_9c,5491.3,5491.3,usd_mn,actual,KCS-DATAGO-15100475,,,12_customs_memory_exports_by_country.csv,9개국 합계 (CN TW VN US HK JP SG MY PH)
OBS-00759,2024-06,M,export_value,dram,korea_exports_9c,1874.4,1874.4,usd_mn,actual,KCS-DATAGO-15100475,,,12_customs_memory_exports_by_country.csv,9개국 합계 (CN TW VN US HK JP SG MY PH)
OBS-00760,2024-06,M,export_value,flash,korea_exports_9c,667.6,667.6,usd_mn,actual,KCS-DATAGO-15100475,,,12_customs_memory_exports_by_country.csv,9개국 합계 (CN TW VN US HK JP SG MY PH)
OBS-00761,2024-06,M,export_value,multichip_mcp,korea_exports_9c,3567.8,3567.8,usd_mn,actual,KCS-DATAGO-15100475,,,12_customs_memory_exports_by_country.csv,9개국 합계 (CN TW VN US HK JP SG MY PH)
OBS-00762,2024-06,M,export_value,mco,korea_exports_9c,616.7,616.7,usd_mn,actual,KCS-DATAGO-15100475,,,12_customs_memory_exports_by_country.csv,9개국 합계 (CN TW VN US HK JP SG MY PH)
OBS-00763,2024-06,M,export_value,other,korea_exports_9c,30.7,30.7,usd_mn,actual,KCS-DATAGO-15100475,,,12_customs_memory_exports_by_country.csv,9개국 합계 (CN TW VN US HK JP SG MY PH)
OBS-00764,2024-06,M,export_value,total_memory,korea_exports_9c,6757.3,6757.3,usd_mn,actual,KCS-DATAGO-15100475,,,12_customs_memory_exports_by_country.csv,9개국 합계 (CN TW VN US HK JP SG MY PH)
OBS-00765,2024-07,M,export_value,dram,korea_exports_9c,1964.0,1964.0,usd_mn,actual,KCS-DATAGO-15100475,,,12_customs_memory_exports_by_country.csv,9개국 합계 (CN TW VN US HK JP SG MY PH)
OBS-00766,2024-07,M,export_value,flash,korea_exports_9c,516.9,516.9,usd_mn,actual,KCS-DATAGO-15100475,,,12_customs_memory_exports_by_country.csv,9개국 합계 (CN TW VN US HK JP SG MY PH)
OBS-00767,2024-07,M,export_value,multichip_mcp,korea_exports_9c,2873.8,2873.8,usd_mn,actual,KCS-DATAGO-15100475,,,12_customs_memory_exports_by_country.csv,9개국 합계 (CN TW VN US HK JP SG MY PH)
OBS-00768,2024-07,M,export_value,mco,korea_exports_9c,204.8,204.8,usd_mn,actual,KCS-DATAGO-15100475,,,12_customs_memory_exports_by_country.csv,9개국 합계 (CN TW VN US HK JP SG MY PH)
OBS-00769,2024-07,M,export_value,other,korea_exports_9c,31.6,31.6,usd_mn,actual,KCS-DATAGO-15100475,,,12_customs_memory_exports_by_country.csv,9개국 합계 (CN TW VN US HK JP SG MY PH)
OBS-00770,2024-07,M,export_value,total_memory,korea_exports_9c,5591.1,5591.1,usd_mn,actual,KCS-DATAGO-15100475,,,12_customs_memory_exports_by_country.csv,9개국 합계 (CN TW VN US HK JP SG MY PH)
OBS-00771,2024-08,M,export_value,dram,korea_exports_9c,1812.5,1812.5,usd_mn,actual,KCS-DATAGO-15100475,,,12_customs_memory_exports_by_country.csv,9개국 합계 (CN TW VN US HK JP SG MY PH)
OBS-00772,2024-08,M,export_value,flash,korea_exports_9c,373.8,373.8,usd_mn,actual,KCS-DATAGO-15100475,,,12_customs_memory_exports_by_country.csv,9개국 합계 (CN TW VN US HK JP SG MY PH)
OBS-00773,2024-08,M,export_value,multichip_mcp,korea_exports_9c,3201.8,3201.8,usd_mn,actual,KCS-DATAGO-15100475,,,12_customs_memory_exports_by_country.csv,9개국 합계 (CN TW VN US HK JP SG MY PH)
OBS-00774,2024-08,M,export_value,mco,korea_exports_9c,326.6,326.6,usd_mn,actual,KCS-DATAGO-15100475,,,12_customs_memory_exports_by_country.csv,9개국 합계 (CN TW VN US HK JP SG MY PH)
OBS-00775,2024-08,M,export_value,other,korea_exports_9c,30.1,30.1,usd_mn,actual,KCS-DATAGO-15100475,,,12_customs_memory_exports_by_country.csv,9개국 합계 (CN TW VN US HK JP SG MY PH)
OBS-00776,2024-08,M,export_value,total_memory,korea_exports_9c,5744.8,5744.8,usd_mn,actual,KCS-DATAGO-15100475,,,12_customs_memory_exports_by_country.csv,9개국 합계 (CN TW VN US HK JP SG MY PH)
OBS-00777,2024-09,M,export_value,dram,korea_exports_9c,1863.5,1863.5,usd_mn,actual,KCS-DATAGO-15100475,,,12_customs_memory_exports_by_country.csv,9개국 합계 (CN TW VN US HK JP SG MY PH)
OBS-00778,2024-09,M,export_value,flash,korea_exports_9c,616.8,616.8,usd_mn,actual,KCS-DATAGO-15100475,,,12_customs_memory_exports_by_country.csv,9개국 합계 (CN TW VN US HK JP SG MY PH)
OBS-00779,2024-09,M,export_value,multichip_mcp,korea_exports_9c,3694.0,3694.0,usd_mn,actual,KCS-DATAGO-15100475,,,12_customs_memory_exports_by_country.csv,9개국 합계 (CN TW VN US HK JP SG MY PH)
OBS-00780,2024-09,M,export_value,mco,korea_exports_9c,521.2,521.2,usd_mn,actual,KCS-DATAGO-15100475,,,12_customs_memory_exports_by_country.csv,9개국 합계 (CN TW VN US HK JP SG MY PH)
OBS-00781,2024-09,M,export_value,other,korea_exports_9c,26.1,26.1,usd_mn,actual,KCS-DATAGO-15100475,,,12_customs_memory_exports_by_country.csv,9개국 합계 (CN TW VN US HK JP SG MY PH)
OBS-00782,2024-09,M,export_value,total_memory,korea_exports_9c,6721.8,6721.8,usd_mn,actual,KCS-DATAGO-15100475,,,12_customs_memory_exports_by_country.csv,9개국 합계 (CN TW VN US HK JP SG MY PH)
OBS-00783,2024-10,M,export_value,dram,korea_exports_9c,1890.8,1890.8,usd_mn,actual,KCS-DATAGO-15100475,,,12_customs_memory_exports_by_country.csv,9개국 합계 (CN TW VN US HK JP SG MY PH)
OBS-00784,2024-10,M,export_value,flash,korea_exports_9c,430.0,430.0,usd_mn,actual,KCS-DATAGO-15100475,,,12_customs_memory_exports_by_country.csv,9개국 합계 (CN TW VN US HK JP SG MY PH)
OBS-00785,2024-10,M,export_value,multichip_mcp,korea_exports_9c,3383.4,3383.4,usd_mn,actual,KCS-DATAGO-15100475,,,12_customs_memory_exports_by_country.csv,9개국 합계 (CN TW VN US HK JP SG MY PH)
OBS-00786,2024-10,M,export_value,mco,korea_exports_9c,296.3,296.3,usd_mn,actual,KCS-DATAGO-15100475,,,12_customs_memory_exports_by_country.csv,9개국 합계 (CN TW VN US HK JP SG MY PH)
OBS-00787,2024-10,M,export_value,other,korea_exports_9c,21.6,21.6,usd_mn,actual,KCS-DATAGO-15100475,,,12_customs_memory_exports_by_country.csv,9개국 합계 (CN TW VN US HK JP SG MY PH)
OBS-00788,2024-10,M,export_value,total_memory,korea_exports_9c,6022.2,6022.2,usd_mn,actual,KCS-DATAGO-15100475,,,12_customs_memory_exports_by_country.csv,9개국 합계 (CN TW VN US HK JP SG MY PH)
OBS-00789,2024-11,M,export_value,dram,korea_exports_9c,1801.9,1801.9,usd_mn,actual,KCS-DATAGO-15100475,,,12_customs_memory_exports_by_country.csv,9개국 합계 (CN TW VN US HK JP SG MY PH)
OBS-00790,2024-11,M,export_value,flash,korea_exports_9c,468.7,468.7,usd_mn,actual,KCS-DATAGO-15100475,,,12_customs_memory_exports_by_country.csv,9개국 합계 (CN TW VN US HK JP SG MY PH)
OBS-00791,2024-11,M,export_value,multichip_mcp,korea_exports_9c,3469.5,3469.5,usd_mn,actual,KCS-DATAGO-15100475,,,12_customs_memory_exports_by_country.csv,9개국 합계 (CN TW VN US HK JP SG MY PH)
OBS-00792,2024-11,M,export_value,mco,korea_exports_9c,447.4,447.4,usd_mn,actual,KCS-DATAGO-15100475,,,12_customs_memory_exports_by_country.csv,9개국 합계 (CN TW VN US HK JP SG MY PH)
OBS-00793,2024-11,M,export_value,other,korea_exports_9c,18.8,18.8,usd_mn,actual,KCS-DATAGO-15100475,,,12_customs_memory_exports_by_country.csv,9개국 합계 (CN TW VN US HK JP SG MY PH)
OBS-00794,2024-11,M,export_value,total_memory,korea_exports_9c,6206.4,6206.4,usd_mn,actual,KCS-DATAGO-15100475,,,12_customs_memory_exports_by_country.csv,9개국 합계 (CN TW VN US HK JP SG MY PH)
OBS-00795,2024-12,M,export_value,dram,korea_exports_9c,2076.8,2076.8,usd_mn,actual,KCS-DATAGO-15100475,,,12_customs_memory_exports_by_country.csv,9개국 합계 (CN TW VN US HK JP SG MY PH)
OBS-00796,2024-12,M,export_value,flash,korea_exports_9c,608.5,608.5,usd_mn,actual,KCS-DATAGO-15100475,,,12_customs_memory_exports_by_country.csv,9개국 합계 (CN TW VN US HK JP SG MY PH)
OBS-00797,2024-12,M,export_value,multichip_mcp,korea_exports_9c,4225.8,4225.8,usd_mn,actual,KCS-DATAGO-15100475,,,12_customs_memory_exports_by_country.csv,9개국 합계 (CN TW VN US HK JP SG MY PH)
OBS-00798,2024-12,M,export_value,mco,korea_exports_9c,312.2,312.2,usd_mn,actual,KCS-DATAGO-15100475,,,12_customs_memory_exports_by_country.csv,9개국 합계 (CN TW VN US HK JP SG MY PH)
OBS-00799,2024-12,M,export_value,other,korea_exports_9c,24.0,24.0,usd_mn,actual,KCS-DATAGO-15100475,,,12_customs_memory_exports_by_country.csv,9개국 합계 (CN TW VN US HK JP SG MY PH)
OBS-00800,2024-12,M,export_value,total_memory,korea_exports_9c,7247.3,7247.3,usd_mn,actual,KCS-DATAGO-15100475,,,12_customs_memory_exports_by_country.csv,9개국 합계 (CN TW VN US HK JP SG MY PH)
OBS-00801,2025-01,M,export_value,dram,korea_exports_9c,1818.4,1818.4,usd_mn,actual,KCS-DATAGO-15100475,,,12_customs_memory_exports_by_country.csv,9개국 합계 (CN TW VN US HK JP SG MY PH)
OBS-00802,2025-01,M,export_value,flash,korea_exports_9c,300.2,300.2,usd_mn,actual,KCS-DATAGO-15100475,,,12_customs_memory_exports_by_country.csv,9개국 합계 (CN TW VN US HK JP SG MY PH)
OBS-00803,2025-01,M,export_value,multichip_mcp,korea_exports_9c,2119.6,2119.6,usd_mn,actual,KCS-DATAGO-15100475,,,12_customs_memory_exports_by_country.csv,9개국 합계 (CN TW VN US HK JP SG MY PH)
OBS-00804,2025-01,M,export_value,mco,korea_exports_9c,283.1,283.1,usd_mn,actual,KCS-DATAGO-15100475,,,12_customs_memory_exports_by_country.csv,9개국 합계 (CN TW VN US HK JP SG MY PH)
OBS-00805,2025-01,M,export_value,other,korea_exports_9c,21.0,21.0,usd_mn,actual,KCS-DATAGO-15100475,,,12_customs_memory_exports_by_country.csv,9개국 합계 (CN TW VN US HK JP SG MY PH)
OBS-00806,2025-01,M,export_value,total_memory,korea_exports_9c,4542.2,4542.2,usd_mn,actual,KCS-DATAGO-15100475,,,12_customs_memory_exports_by_country.csv,9개국 합계 (CN TW VN US HK JP SG MY PH)
OBS-00807,2025-02,M,export_value,dram,korea_exports_9c,1666.4,1666.4,usd_mn,actual,KCS-DATAGO-15100475,,,12_customs_memory_exports_by_country.csv,9개국 합계 (CN TW VN US HK JP SG MY PH)
OBS-00808,2025-02,M,export_value,flash,korea_exports_9c,286.4,286.4,usd_mn,actual,KCS-DATAGO-15100475,,,12_customs_memory_exports_by_country.csv,9개국 합계 (CN TW VN US HK JP SG MY PH)
OBS-00809,2025-02,M,export_value,multichip_mcp,korea_exports_9c,2193.2,2193.2,usd_mn,actual,KCS-DATAGO-15100475,,,12_customs_memory_exports_by_country.csv,9개국 합계 (CN TW VN US HK JP SG MY PH)
OBS-00810,2025-02,M,export_value,mco,korea_exports_9c,300.8,300.8,usd_mn,actual,KCS-DATAGO-15100475,,,12_customs_memory_exports_by_country.csv,9개국 합계 (CN TW VN US HK JP SG MY PH)
OBS-00811,2025-02,M,export_value,other,korea_exports_9c,24.6,24.6,usd_mn,actual,KCS-DATAGO-15100475,,,12_customs_memory_exports_by_country.csv,9개국 합계 (CN TW VN US HK JP SG MY PH)
OBS-00812,2025-02,M,export_value,total_memory,korea_exports_9c,4471.1,4471.1,usd_mn,actual,KCS-DATAGO-15100475,,,12_customs_memory_exports_by_country.csv,9개국 합계 (CN TW VN US HK JP SG MY PH)
OBS-00813,2025-03,M,export_value,dram,korea_exports_9c,2090.9,2090.9,usd_mn,actual,KCS-DATAGO-15100475,,,12_customs_memory_exports_by_country.csv,9개국 합계 (CN TW VN US HK JP SG MY PH)
OBS-00814,2025-03,M,export_value,flash,korea_exports_9c,517.3,517.3,usd_mn,actual,KCS-DATAGO-15100475,,,12_customs_memory_exports_by_country.csv,9개국 합계 (CN TW VN US HK JP SG MY PH)
OBS-00815,2025-03,M,export_value,multichip_mcp,korea_exports_9c,3557.0,3557.0,usd_mn,actual,KCS-DATAGO-15100475,,,12_customs_memory_exports_by_country.csv,9개국 합계 (CN TW VN US HK JP SG MY PH)
OBS-00816,2025-03,M,export_value,mco,korea_exports_9c,305.9,305.9,usd_mn,actual,KCS-DATAGO-15100475,,,12_customs_memory_exports_by_country.csv,9개국 합계 (CN TW VN US HK JP SG MY PH)
OBS-00817,2025-03,M,export_value,other,korea_exports_9c,27.0,27.0,usd_mn,actual,KCS-DATAGO-15100475,,,12_customs_memory_exports_by_country.csv,9개국 합계 (CN TW VN US HK JP SG MY PH)
OBS-00818,2025-03,M,export_value,total_memory,korea_exports_9c,6497.8,6497.8,usd_mn,actual,KCS-DATAGO-15100475,,,12_customs_memory_exports_by_country.csv,9개국 합계 (CN TW VN US HK JP SG MY PH)
OBS-00819,2025-04,M,export_value,dram,korea_exports_9c,2079.4,2079.4,usd_mn,actual,KCS-DATAGO-15100475,,,12_customs_memory_exports_by_country.csv,9개국 합계 (CN TW VN US HK JP SG MY PH)
OBS-00820,2025-04,M,export_value,flash,korea_exports_9c,421.3,421.3,usd_mn,actual,KCS-DATAGO-15100475,,,12_customs_memory_exports_by_country.csv,9개국 합계 (CN TW VN US HK JP SG MY PH)
OBS-00821,2025-04,M,export_value,multichip_mcp,korea_exports_9c,2741.0,2741.0,usd_mn,actual,KCS-DATAGO-15100475,,,12_customs_memory_exports_by_country.csv,9개국 합계 (CN TW VN US HK JP SG MY PH)
OBS-00822,2025-04,M,export_value,mco,korea_exports_9c,264.8,264.8,usd_mn,actual,KCS-DATAGO-15100475,,,12_customs_memory_exports_by_country.csv,9개국 합계 (CN TW VN US HK JP SG MY PH)
OBS-00823,2025-04,M,export_value,other,korea_exports_9c,25.8,25.8,usd_mn,actual,KCS-DATAGO-15100475,,,12_customs_memory_exports_by_country.csv,9개국 합계 (CN TW VN US HK JP SG MY PH)
OBS-00824,2025-04,M,export_value,total_memory,korea_exports_9c,5532.2,5532.2,usd_mn,actual,KCS-DATAGO-15100475,,,12_customs_memory_exports_by_country.csv,9개국 합계 (CN TW VN US HK JP SG MY PH)
OBS-00825,2025-05,M,export_value,dram,korea_exports_9c,2225.9,2225.9,usd_mn,actual,KCS-DATAGO-15100475,,,12_customs_memory_exports_by_country.csv,9개국 합계 (CN TW VN US HK JP SG MY PH)
OBS-00826,2025-05,M,export_value,flash,korea_exports_9c,555.3,555.3,usd_mn,actual,KCS-DATAGO-15100475,,,12_customs_memory_exports_by_country.csv,9개국 합계 (CN TW VN US HK JP SG MY PH)
OBS-00827,2025-05,M,export_value,multichip_mcp,korea_exports_9c,3869.8,3869.8,usd_mn,actual,KCS-DATAGO-15100475,,,12_customs_memory_exports_by_country.csv,9개국 합계 (CN TW VN US HK JP SG MY PH)
OBS-00828,2025-05,M,export_value,mco,korea_exports_9c,400.7,400.7,usd_mn,actual,KCS-DATAGO-15100475,,,12_customs_memory_exports_by_country.csv,9개국 합계 (CN TW VN US HK JP SG MY PH)
OBS-00829,2025-05,M,export_value,other,korea_exports_9c,30.4,30.4,usd_mn,actual,KCS-DATAGO-15100475,,,12_customs_memory_exports_by_country.csv,9개국 합계 (CN TW VN US HK JP SG MY PH)
OBS-00830,2025-05,M,export_value,total_memory,korea_exports_9c,7082.5,7082.5,usd_mn,actual,KCS-DATAGO-15100475,,,12_customs_memory_exports_by_country.csv,9개국 합계 (CN TW VN US HK JP SG MY PH)
OBS-00831,2025-06,M,export_value,dram,korea_exports_9c,2265.3,2265.3,usd_mn,actual,KCS-DATAGO-15100475,,,12_customs_memory_exports_by_country.csv,9개국 합계 (CN TW VN US HK JP SG MY PH)
OBS-00832,2025-06,M,export_value,flash,korea_exports_9c,618.3,618.3,usd_mn,actual,KCS-DATAGO-15100475,,,12_customs_memory_exports_by_country.csv,9개국 합계 (CN TW VN US HK JP SG MY PH)
OBS-00833,2025-06,M,export_value,multichip_mcp,korea_exports_9c,4566.1,4566.1,usd_mn,actual,KCS-DATAGO-15100475,,,12_customs_memory_exports_by_country.csv,9개국 합계 (CN TW VN US HK JP SG MY PH)
OBS-00834,2025-06,M,export_value,mco,korea_exports_9c,504.9,504.9,usd_mn,actual,KCS-DATAGO-15100475,,,12_customs_memory_exports_by_country.csv,9개국 합계 (CN TW VN US HK JP SG MY PH)
OBS-00835,2025-06,M,export_value,other,korea_exports_9c,28.0,28.0,usd_mn,actual,KCS-DATAGO-15100475,,,12_customs_memory_exports_by_country.csv,9개국 합계 (CN TW VN US HK JP SG MY PH)
OBS-00836,2025-06,M,export_value,total_memory,korea_exports_9c,7982.7,7982.7,usd_mn,actual,KCS-DATAGO-15100475,,,12_customs_memory_exports_by_country.csv,9개국 합계 (CN TW VN US HK JP SG MY PH)
OBS-00837,2025-07,M,export_value,dram,korea_exports_9c,2369.1,2369.1,usd_mn,actual,KCS-DATAGO-15100475,,,12_customs_memory_exports_by_country.csv,9개국 합계 (CN TW VN US HK JP SG MY PH)
OBS-00838,2025-07,M,export_value,flash,korea_exports_9c,455.7,455.7,usd_mn,actual,KCS-DATAGO-15100475,,,12_customs_memory_exports_by_country.csv,9개국 합계 (CN TW VN US HK JP SG MY PH)
OBS-00839,2025-07,M,export_value,multichip_mcp,korea_exports_9c,4069.2,4069.2,usd_mn,actual,KCS-DATAGO-15100475,,,12_customs_memory_exports_by_country.csv,9개국 합계 (CN TW VN US HK JP SG MY PH)
OBS-00840,2025-07,M,export_value,mco,korea_exports_9c,391.5,391.5,usd_mn,actual,KCS-DATAGO-15100475,,,12_customs_memory_exports_by_country.csv,9개국 합계 (CN TW VN US HK JP SG MY PH)
OBS-00841,2025-07,M,export_value,other,korea_exports_9c,37.7,37.7,usd_mn,actual,KCS-DATAGO-15100475,,,12_customs_memory_exports_by_country.csv,9개국 합계 (CN TW VN US HK JP SG MY PH)
OBS-00842,2025-07,M,export_value,total_memory,korea_exports_9c,7323.7,7323.7,usd_mn,actual,KCS-DATAGO-15100475,,,12_customs_memory_exports_by_country.csv,9개국 합계 (CN TW VN US HK JP SG MY PH)
OBS-00843,2025-08,M,export_value,dram,korea_exports_9c,2587.5,2587.5,usd_mn,actual,KCS-DATAGO-15100475,,,12_customs_memory_exports_by_country.csv,9개국 합계 (CN TW VN US HK JP SG MY PH)
OBS-00844,2025-08,M,export_value,flash,korea_exports_9c,635.9,635.9,usd_mn,actual,KCS-DATAGO-15100475,,,12_customs_memory_exports_by_country.csv,9개국 합계 (CN TW VN US HK JP SG MY PH)
OBS-00845,2025-08,M,export_value,multichip_mcp,korea_exports_9c,4485.9,4485.9,usd_mn,actual,KCS-DATAGO-15100475,,,12_customs_memory_exports_by_country.csv,9개국 합계 (CN TW VN US HK JP SG MY PH)
OBS-00846,2025-08,M,export_value,mco,korea_exports_9c,452.6,452.6,usd_mn,actual,KCS-DATAGO-15100475,,,12_customs_memory_exports_by_country.csv,9개국 합계 (CN TW VN US HK JP SG MY PH)
OBS-00847,2025-08,M,export_value,other,korea_exports_9c,29.8,29.8,usd_mn,actual,KCS-DATAGO-15100475,,,12_customs_memory_exports_by_country.csv,9개국 합계 (CN TW VN US HK JP SG MY PH)
OBS-00848,2025-08,M,export_value,total_memory,korea_exports_9c,8191.6,8191.6,usd_mn,actual,KCS-DATAGO-15100475,,,12_customs_memory_exports_by_country.csv,9개국 합계 (CN TW VN US HK JP SG MY PH)
OBS-00849,2025-09,M,export_value,dram,korea_exports_9c,2636.3,2636.3,usd_mn,actual,KCS-DATAGO-15100475,,,12_customs_memory_exports_by_country.csv,9개국 합계 (CN TW VN US HK JP SG MY PH)
OBS-00850,2025-09,M,export_value,flash,korea_exports_9c,702.9,702.9,usd_mn,actual,KCS-DATAGO-15100475,,,12_customs_memory_exports_by_country.csv,9개국 합계 (CN TW VN US HK JP SG MY PH)
OBS-00851,2025-09,M,export_value,multichip_mcp,korea_exports_9c,5051.5,5051.5,usd_mn,actual,KCS-DATAGO-15100475,,,12_customs_memory_exports_by_country.csv,9개국 합계 (CN TW VN US HK JP SG MY PH)
OBS-00852,2025-09,M,export_value,mco,korea_exports_9c,568.1,568.1,usd_mn,actual,KCS-DATAGO-15100475,,,12_customs_memory_exports_by_country.csv,9개국 합계 (CN TW VN US HK JP SG MY PH)
OBS-00853,2025-09,M,export_value,other,korea_exports_9c,30.6,30.6,usd_mn,actual,KCS-DATAGO-15100475,,,12_customs_memory_exports_by_country.csv,9개국 합계 (CN TW VN US HK JP SG MY PH)
OBS-00854,2025-09,M,export_value,total_memory,korea_exports_9c,8989.4,8989.4,usd_mn,actual,KCS-DATAGO-15100475,,,12_customs_memory_exports_by_country.csv,9개국 합계 (CN TW VN US HK JP SG MY PH)
OBS-00855,2025-10,M,export_value,dram,korea_exports_9c,2830.7,2830.7,usd_mn,actual,KCS-DATAGO-15100475,,,12_customs_memory_exports_by_country.csv,9개국 합계 (CN TW VN US HK JP SG MY PH)
OBS-00856,2025-10,M,export_value,flash,korea_exports_9c,663.4,663.4,usd_mn,actual,KCS-DATAGO-15100475,,,12_customs_memory_exports_by_country.csv,9개국 합계 (CN TW VN US HK JP SG MY PH)
OBS-00857,2025-10,M,export_value,multichip_mcp,korea_exports_9c,4591.7,4591.7,usd_mn,actual,KCS-DATAGO-15100475,,,12_customs_memory_exports_by_country.csv,9개국 합계 (CN TW VN US HK JP SG MY PH)
OBS-00858,2025-10,M,export_value,mco,korea_exports_9c,474.1,474.1,usd_mn,actual,KCS-DATAGO-15100475,,,12_customs_memory_exports_by_country.csv,9개국 합계 (CN TW VN US HK JP SG MY PH)
OBS-00859,2025-10,M,export_value,other,korea_exports_9c,34.6,34.6,usd_mn,actual,KCS-DATAGO-15100475,,,12_customs_memory_exports_by_country.csv,9개국 합계 (CN TW VN US HK JP SG MY PH)
OBS-00860,2025-10,M,export_value,total_memory,korea_exports_9c,8594.4,8594.4,usd_mn,actual,KCS-DATAGO-15100475,,,12_customs_memory_exports_by_country.csv,9개국 합계 (CN TW VN US HK JP SG MY PH)
OBS-00861,2025-11,M,export_value,dram,korea_exports_9c,3555.6,3555.6,usd_mn,actual,KCS-DATAGO-15100475,,,12_customs_memory_exports_by_country.csv,9개국 합계 (CN TW VN US HK JP SG MY PH)
OBS-00862,2025-11,M,export_value,flash,korea_exports_9c,1093.2,1093.2,usd_mn,actual,KCS-DATAGO-15100475,,,12_customs_memory_exports_by_country.csv,9개국 합계 (CN TW VN US HK JP SG MY PH)
OBS-00863,2025-11,M,export_value,multichip_mcp,korea_exports_9c,4451.6,4451.6,usd_mn,actual,KCS-DATAGO-15100475,,,12_customs_memory_exports_by_country.csv,9개국 합계 (CN TW VN US HK JP SG MY PH)
OBS-00864,2025-11,M,export_value,mco,korea_exports_9c,586.6,586.6,usd_mn,actual,KCS-DATAGO-15100475,,,12_customs_memory_exports_by_country.csv,9개국 합계 (CN TW VN US HK JP SG MY PH)
OBS-00865,2025-11,M,export_value,other,korea_exports_9c,31.0,31.0,usd_mn,actual,KCS-DATAGO-15100475,,,12_customs_memory_exports_by_country.csv,9개국 합계 (CN TW VN US HK JP SG MY PH)
OBS-00866,2025-11,M,export_value,total_memory,korea_exports_9c,9718.3,9718.3,usd_mn,actual,KCS-DATAGO-15100475,,,12_customs_memory_exports_by_country.csv,9개국 합계 (CN TW VN US HK JP SG MY PH)
OBS-00867,2025-12,M,export_value,dram,korea_exports_9c,4118.5,4118.5,usd_mn,actual,KCS-DATAGO-15100475,,,12_customs_memory_exports_by_country.csv,9개국 합계 (CN TW VN US HK JP SG MY PH)
OBS-00868,2025-12,M,export_value,flash,korea_exports_9c,1271.5,1271.5,usd_mn,actual,KCS-DATAGO-15100475,,,12_customs_memory_exports_by_country.csv,9개국 합계 (CN TW VN US HK JP SG MY PH)
OBS-00869,2025-12,M,export_value,multichip_mcp,korea_exports_9c,6017.8,6017.8,usd_mn,actual,KCS-DATAGO-15100475,,,12_customs_memory_exports_by_country.csv,9개국 합계 (CN TW VN US HK JP SG MY PH)
OBS-00870,2025-12,M,export_value,mco,korea_exports_9c,776.6,776.6,usd_mn,actual,KCS-DATAGO-15100475,,,12_customs_memory_exports_by_country.csv,9개국 합계 (CN TW VN US HK JP SG MY PH)
OBS-00871,2025-12,M,export_value,other,korea_exports_9c,54.0,54.0,usd_mn,actual,KCS-DATAGO-15100475,,,12_customs_memory_exports_by_country.csv,9개국 합계 (CN TW VN US HK JP SG MY PH)
OBS-00872,2025-12,M,export_value,total_memory,korea_exports_9c,12238.8,12238.8,usd_mn,actual,KCS-DATAGO-15100475,,,12_customs_memory_exports_by_country.csv,9개국 합계 (CN TW VN US HK JP SG MY PH)
OBS-00873,2026-01,M,export_value,dram,korea_exports_9c,5014.5,5014.5,usd_mn,actual,KCS-DATAGO-15100475,,,12_customs_memory_exports_by_country.csv,9개국 합계 (CN TW VN US HK JP SG MY PH)
OBS-00874,2026-01,M,export_value,flash,korea_exports_9c,1426.5,1426.5,usd_mn,actual,KCS-DATAGO-15100475,,,12_customs_memory_exports_by_country.csv,9개국 합계 (CN TW VN US HK JP SG MY PH)
OBS-00875,2026-01,M,export_value,multichip_mcp,korea_exports_9c,4540.0,4540.0,usd_mn,actual,KCS-DATAGO-15100475,,,12_customs_memory_exports_by_country.csv,9개국 합계 (CN TW VN US HK JP SG MY PH)
OBS-00876,2026-01,M,export_value,mco,korea_exports_9c,536.8,536.8,usd_mn,actual,KCS-DATAGO-15100475,,,12_customs_memory_exports_by_country.csv,9개국 합계 (CN TW VN US HK JP SG MY PH)
OBS-00877,2026-01,M,export_value,other,korea_exports_9c,36.8,36.8,usd_mn,actual,KCS-DATAGO-15100475,,,12_customs_memory_exports_by_country.csv,9개국 합계 (CN TW VN US HK JP SG MY PH)
OBS-00878,2026-01,M,export_value,total_memory,korea_exports_9c,11554.9,11554.9,usd_mn,actual,KCS-DATAGO-15100475,,,12_customs_memory_exports_by_country.csv,9개국 합계 (CN TW VN US HK JP SG MY PH)
OBS-00879,2026-02,M,export_value,dram,korea_exports_9c,6423.6,6423.6,usd_mn,actual,KCS-DATAGO-15100475,,,12_customs_memory_exports_by_country.csv,9개국 합계 (CN TW VN US HK JP SG MY PH)
OBS-00880,2026-02,M,export_value,flash,korea_exports_9c,1386.6,1386.6,usd_mn,actual,KCS-DATAGO-15100475,,,12_customs_memory_exports_by_country.csv,9개국 합계 (CN TW VN US HK JP SG MY PH)
OBS-00881,2026-02,M,export_value,multichip_mcp,korea_exports_9c,6511.1,6511.1,usd_mn,actual,KCS-DATAGO-15100475,,,12_customs_memory_exports_by_country.csv,9개국 합계 (CN TW VN US HK JP SG MY PH)
OBS-00882,2026-02,M,export_value,mco,korea_exports_9c,850.8,850.8,usd_mn,actual,KCS-DATAGO-15100475,,,12_customs_memory_exports_by_country.csv,9개국 합계 (CN TW VN US HK JP SG MY PH)
OBS-00883,2026-02,M,export_value,other,korea_exports_9c,28.9,28.9,usd_mn,actual,KCS-DATAGO-15100475,,,12_customs_memory_exports_by_country.csv,9개국 합계 (CN TW VN US HK JP SG MY PH)
OBS-00884,2026-02,M,export_value,total_memory,korea_exports_9c,15201.0,15201.0,usd_mn,actual,KCS-DATAGO-15100475,,,12_customs_memory_exports_by_country.csv,9개국 합계 (CN TW VN US HK JP SG MY PH)
OBS-00885,2026-03,M,export_value,dram,korea_exports_9c,7910.7,7910.7,usd_mn,actual,KCS-DATAGO-15100475,,,12_customs_memory_exports_by_country.csv,9개국 합계 (CN TW VN US HK JP SG MY PH)
OBS-00886,2026-03,M,export_value,flash,korea_exports_9c,2529.6,2529.6,usd_mn,actual,KCS-DATAGO-15100475,,,12_customs_memory_exports_by_country.csv,9개국 합계 (CN TW VN US HK JP SG MY PH)
OBS-00887,2026-03,M,export_value,multichip_mcp,korea_exports_9c,8282.2,8282.2,usd_mn,actual,KCS-DATAGO-15100475,,,12_customs_memory_exports_by_country.csv,9개국 합계 (CN TW VN US HK JP SG MY PH)
OBS-00888,2026-03,M,export_value,mco,korea_exports_9c,1280.3,1280.3,usd_mn,actual,KCS-DATAGO-15100475,,,12_customs_memory_exports_by_country.csv,9개국 합계 (CN TW VN US HK JP SG MY PH)
OBS-00889,2026-03,M,export_value,other,korea_exports_9c,53.6,53.6,usd_mn,actual,KCS-DATAGO-15100475,,,12_customs_memory_exports_by_country.csv,9개국 합계 (CN TW VN US HK JP SG MY PH)
OBS-00890,2026-03,M,export_value,total_memory,korea_exports_9c,20056.2,20056.2,usd_mn,actual,KCS-DATAGO-15100475,,,12_customs_memory_exports_by_country.csv,9개국 합계 (CN TW VN US HK JP SG MY PH)
OBS-00891,2026-04,M,export_value,dram,korea_exports_9c,9157.1,9157.1,usd_mn,actual,KCS-DATAGO-15100475,,,12_customs_memory_exports_by_country.csv,9개국 합계 (CN TW VN US HK JP SG MY PH)
OBS-00892,2026-04,M,export_value,flash,korea_exports_9c,1654.7,1654.7,usd_mn,actual,KCS-DATAGO-15100475,,,12_customs_memory_exports_by_country.csv,9개국 합계 (CN TW VN US HK JP SG MY PH)
OBS-00893,2026-04,M,export_value,multichip_mcp,korea_exports_9c,7714.1,7714.1,usd_mn,actual,KCS-DATAGO-15100475,,,12_customs_memory_exports_by_country.csv,9개국 합계 (CN TW VN US HK JP SG MY PH)
OBS-00894,2026-04,M,export_value,mco,korea_exports_9c,1125.6,1125.6,usd_mn,actual,KCS-DATAGO-15100475,,,12_customs_memory_exports_by_country.csv,9개국 합계 (CN TW VN US HK JP SG MY PH)
OBS-00895,2026-04,M,export_value,other,korea_exports_9c,56.5,56.5,usd_mn,actual,KCS-DATAGO-15100475,,,12_customs_memory_exports_by_country.csv,9개국 합계 (CN TW VN US HK JP SG MY PH)
OBS-00896,2026-04,M,export_value,total_memory,korea_exports_9c,19708.4,19708.4,usd_mn,actual,KCS-DATAGO-15100475,,,12_customs_memory_exports_by_country.csv,9개국 합계 (CN TW VN US HK JP SG MY PH)
OBS-00897,2026-05,M,export_value,dram,korea_exports_9c,11298.7,11298.7,usd_mn,actual,KCS-DATAGO-15100475,,,12_customs_memory_exports_by_country.csv,9개국 합계 (CN TW VN US HK JP SG MY PH)
OBS-00898,2026-05,M,export_value,flash,korea_exports_9c,1698.5,1698.5,usd_mn,actual,KCS-DATAGO-15100475,,,12_customs_memory_exports_by_country.csv,9개국 합계 (CN TW VN US HK JP SG MY PH)
OBS-00899,2026-05,M,export_value,multichip_mcp,korea_exports_9c,9322.9,9322.9,usd_mn,actual,KCS-DATAGO-15100475,,,12_customs_memory_exports_by_country.csv,9개국 합계 (CN TW VN US HK JP SG MY PH)
OBS-00900,2026-05,M,export_value,mco,korea_exports_9c,1717.5,1717.5,usd_mn,actual,KCS-DATAGO-15100475,,,12_customs_memory_exports_by_country.csv,9개국 합계 (CN TW VN US HK JP SG MY PH)
OBS-00901,2026-05,M,export_value,other,korea_exports_9c,42.5,42.5,usd_mn,actual,KCS-DATAGO-15100475,,,12_customs_memory_exports_by_country.csv,9개국 합계 (CN TW VN US HK JP SG MY PH)
OBS-00902,2026-05,M,export_value,total_memory,korea_exports_9c,24080.4,24080.4,usd_mn,actual,KCS-DATAGO-15100475,,,12_customs_memory_exports_by_country.csv,9개국 합계 (CN TW VN US HK JP SG MY PH)
OBS-00903,2026-06,M,export_value,dram,korea_exports_9c,11004.5,11004.5,usd_mn,actual,KCS-DATAGO-15100475,,,12_customs_memory_exports_by_country.csv,9개국 합계 (CN TW VN US HK JP SG MY PH)
OBS-00904,2026-06,M,export_value,flash,korea_exports_9c,2457.4,2457.4,usd_mn,actual,KCS-DATAGO-15100475,,,12_customs_memory_exports_by_country.csv,9개국 합계 (CN TW VN US HK JP SG MY PH)
OBS-00905,2026-06,M,export_value,multichip_mcp,korea_exports_9c,12379.9,12379.9,usd_mn,actual,KCS-DATAGO-15100475,,,12_customs_memory_exports_by_country.csv,9개국 합계 (CN TW VN US HK JP SG MY PH)
OBS-00906,2026-06,M,export_value,mco,korea_exports_9c,2152.7,2152.7,usd_mn,actual,KCS-DATAGO-15100475,,,12_customs_memory_exports_by_country.csv,9개국 합계 (CN TW VN US HK JP SG MY PH)
OBS-00907,2026-06,M,export_value,other,korea_exports_9c,44.8,44.8,usd_mn,actual,KCS-DATAGO-15100475,,,12_customs_memory_exports_by_country.csv,9개국 합계 (CN TW VN US HK JP SG MY PH)
OBS-00908,2026-06,M,export_value,total_memory,korea_exports_9c,28039.3,28039.3,usd_mn,actual,KCS-DATAGO-15100475,,,12_customs_memory_exports_by_country.csv,9개국 합계 (CN TW VN US HK JP SG MY PH)
OBS-00909,2026-07,M,export_value,dram,korea_exports_9c,13429.2,13429.2,usd_mn,actual,KCS-DATAGO-15100475,,,12_customs_memory_exports_by_country.csv,9개국 합계 (CN TW VN US HK JP SG MY PH)
OBS-00910,2026-07,M,export_value,flash,korea_exports_9c,1753.6,1753.6,usd_mn,actual,KCS-DATAGO-15100475,,,12_customs_memory_exports_by_country.csv,9개국 합계 (CN TW VN US HK JP SG MY PH)
OBS-00911,2026-07,M,export_value,multichip_mcp,korea_exports_9c,9650.6,9650.6,usd_mn,actual,KCS-DATAGO-15100475,,,12_customs_memory_exports_by_country.csv,9개국 합계 (CN TW VN US HK JP SG MY PH)
OBS-00912,2026-07,M,export_value,mco,korea_exports_9c,1699.7,1699.7,usd_mn,actual,KCS-DATAGO-15100475,,,12_customs_memory_exports_by_country.csv,9개국 합계 (CN TW VN US HK JP SG MY PH)
OBS-00913,2026-07,M,export_value,other,korea_exports_9c,108.9,108.9,usd_mn,actual,KCS-DATAGO-15100475,,,12_customs_memory_exports_by_country.csv,9개국 합계 (CN TW VN US HK JP SG MY PH)
OBS-00914,2026-07,M,export_value,total_memory,korea_exports_9c,26641.8,26641.8,usd_mn,actual,KCS-DATAGO-15100475,,,12_customs_memory_exports_by_country.csv,9개국 합계 (CN TW VN US HK JP SG MY PH)
OBS-00915,2026-08,M,export_value,dram,korea_exports_9c,15576.8,15576.8,usd_mn,actual,KCS-DATAGO-15100475,,,12_customs_memory_exports_by_country.csv,9개국 합계 (CN TW VN US HK JP SG MY PH)
OBS-00916,2026-08,M,export_value,flash,korea_exports_9c,2830.4,2830.4,usd_mn,actual,KCS-DATAGO-15100475,,,12_customs_memory_exports_by_country.csv,9개국 합계 (CN TW VN US HK JP SG MY PH)
OBS-00917,2026-08,M,export_value,multichip_mcp,korea_exports_9c,11744.3,11744.3,usd_mn,actual,KCS-DATAGO-15100475,,,12_customs_memory_exports_by_country.csv,9개국 합계 (CN TW VN US HK JP SG MY PH)
OBS-00918,2026-08,M,export_value,mco,korea_exports_9c,1597.1,1597.1,usd_mn,actual,KCS-DATAGO-15100475,,,12_customs_memory_exports_by_country.csv,9개국 합계 (CN TW VN US HK JP SG MY PH)
OBS-00919,2026-08,M,export_value,other,korea_exports_9c,58.7,58.7,usd_mn,actual,KCS-DATAGO-15100475,,,12_customs_memory_exports_by_country.csv,9개국 합계 (CN TW VN US HK JP SG MY PH)
OBS-00920,2026-08,M,export_value,total_memory,korea_exports_9c,31806.8,31806.8,usd_mn,actual,KCS-DATAGO-15100475,,,12_customs_memory_exports_by_country.csv,9개국 합계 (CN TW VN US HK JP SG MY PH)
OBS-00921,2019Q1,Q,revenue,company_total,skhynix,6.77,6.77,krw_tn,actual,DART-OPENAPI,,,11_dart_samsung_skhynix_financials.csv,
OBS-00922,2019Q1,Q,operating_income,company_total,skhynix,1.37,1.37,krw_tn,actual,DART-OPENAPI,,,11_dart_samsung_skhynix_financials.csv,
OBS-00923,2019Q2,Q,revenue,company_total,skhynix,6.45,6.45,krw_tn,actual,DART-OPENAPI,,,11_dart_samsung_skhynix_financials.csv,
OBS-00924,2019Q2,Q,operating_income,company_total,skhynix,0.64,0.64,krw_tn,actual,DART-OPENAPI,,,11_dart_samsung_skhynix_financials.csv,
OBS-00925,2019Q3,Q,revenue,company_total,skhynix,6.84,6.84,krw_tn,actual,DART-OPENAPI,,,11_dart_samsung_skhynix_financials.csv,
OBS-00926,2019Q3,Q,operating_income,company_total,skhynix,0.47,0.47,krw_tn,actual,DART-OPENAPI,,,11_dart_samsung_skhynix_financials.csv,
OBS-00927,2019Q4,Q,revenue,company_total,skhynix,6.93,6.93,krw_tn,actual,DART-OPENAPI,,,11_dart_samsung_skhynix_financials.csv,4분기 = 사업보고서 연간 - 1~3분기
OBS-00928,2019Q4,Q,operating_income,company_total,skhynix,0.24,0.24,krw_tn,actual,DART-OPENAPI,,,11_dart_samsung_skhynix_financials.csv,4분기 = 사업보고서 연간 - 1~3분기
OBS-00929,2020Q1,Q,revenue,company_total,skhynix,7.2,7.2,krw_tn,actual,DART-OPENAPI,,,11_dart_samsung_skhynix_financials.csv,
OBS-00930,2020Q1,Q,operating_income,company_total,skhynix,0.8,0.8,krw_tn,actual,DART-OPENAPI,,,11_dart_samsung_skhynix_financials.csv,
OBS-00931,2020Q2,Q,revenue,company_total,skhynix,8.61,8.61,krw_tn,actual,DART-OPENAPI,,,11_dart_samsung_skhynix_financials.csv,
OBS-00932,2020Q2,Q,operating_income,company_total,skhynix,1.95,1.95,krw_tn,actual,DART-OPENAPI,,,11_dart_samsung_skhynix_financials.csv,
OBS-00933,2020Q3,Q,revenue,company_total,skhynix,8.13,8.13,krw_tn,actual,DART-OPENAPI,,,11_dart_samsung_skhynix_financials.csv,
OBS-00934,2020Q3,Q,operating_income,company_total,skhynix,1.3,1.3,krw_tn,actual,DART-OPENAPI,,,11_dart_samsung_skhynix_financials.csv,
OBS-00935,2020Q4,Q,revenue,company_total,skhynix,7.97,7.97,krw_tn,actual,DART-OPENAPI,,,11_dart_samsung_skhynix_financials.csv,4분기 = 사업보고서 연간 - 1~3분기
OBS-00936,2020Q4,Q,operating_income,company_total,skhynix,0.97,0.97,krw_tn,actual,DART-OPENAPI,,,11_dart_samsung_skhynix_financials.csv,4분기 = 사업보고서 연간 - 1~3분기
OBS-00937,2021Q1,Q,revenue,company_total,skhynix,8.49,8.49,krw_tn,actual,DART-OPENAPI,,,11_dart_samsung_skhynix_financials.csv,
OBS-00938,2021Q1,Q,operating_income,company_total,skhynix,1.32,1.32,krw_tn,actual,DART-OPENAPI,,,11_dart_samsung_skhynix_financials.csv,
OBS-00939,2021Q2,Q,revenue,company_total,skhynix,10.32,10.32,krw_tn,actual,DART-OPENAPI,,,11_dart_samsung_skhynix_financials.csv,
OBS-00940,2021Q2,Q,operating_income,company_total,skhynix,2.69,2.69,krw_tn,actual,DART-OPENAPI,,,11_dart_samsung_skhynix_financials.csv,
OBS-00941,2021Q3,Q,revenue,company_total,skhynix,11.81,11.81,krw_tn,actual,DART-OPENAPI,,,11_dart_samsung_skhynix_financials.csv,
OBS-00942,2021Q3,Q,operating_income,company_total,skhynix,4.17,4.17,krw_tn,actual,DART-OPENAPI,,,11_dart_samsung_skhynix_financials.csv,
OBS-00943,2021Q4,Q,revenue,company_total,skhynix,12.38,12.38,krw_tn,actual,DART-OPENAPI,,,11_dart_samsung_skhynix_financials.csv,4분기 = 사업보고서 연간 - 1~3분기
OBS-00944,2021Q4,Q,operating_income,company_total,skhynix,4.22,4.22,krw_tn,actual,DART-OPENAPI,,,11_dart_samsung_skhynix_financials.csv,4분기 = 사업보고서 연간 - 1~3분기
OBS-00945,2022Q1,Q,revenue,company_total,skhynix,12.16,12.16,krw_tn,actual,DART-OPENAPI,,,11_dart_samsung_skhynix_financials.csv,
OBS-00946,2022Q1,Q,operating_income,company_total,skhynix,2.86,2.86,krw_tn,actual,DART-OPENAPI,,,11_dart_samsung_skhynix_financials.csv,
OBS-00947,2022Q2,Q,revenue,company_total,skhynix,13.81,13.81,krw_tn,actual,DART-OPENAPI,,,11_dart_samsung_skhynix_financials.csv,
OBS-00948,2022Q2,Q,operating_income,company_total,skhynix,4.19,4.19,krw_tn,actual,DART-OPENAPI,,,11_dart_samsung_skhynix_financials.csv,
OBS-00949,2022Q3,Q,revenue,company_total,skhynix,10.98,10.98,krw_tn,actual,DART-OPENAPI,,,11_dart_samsung_skhynix_financials.csv,
OBS-00950,2022Q3,Q,operating_income,company_total,skhynix,1.66,1.66,krw_tn,actual,DART-OPENAPI,,,11_dart_samsung_skhynix_financials.csv,
OBS-00951,2022Q4,Q,revenue,company_total,skhynix,7.67,7.67,krw_tn,actual,DART-OPENAPI,,,11_dart_samsung_skhynix_financials.csv,4분기 = 사업보고서 연간 - 1~3분기
OBS-00952,2022Q4,Q,operating_income,company_total,skhynix,-1.9,-1.9,krw_tn,actual,DART-OPENAPI,,,11_dart_samsung_skhynix_financials.csv,4분기 = 사업보고서 연간 - 1~3분기
OBS-00953,2023Q1,Q,revenue,company_total,skhynix,5.09,5.09,krw_tn,actual,DART-OPENAPI,,,11_dart_samsung_skhynix_financials.csv,
OBS-00954,2023Q1,Q,operating_income,company_total,skhynix,-3.4,-3.4,krw_tn,actual,DART-OPENAPI,,,11_dart_samsung_skhynix_financials.csv,
OBS-00955,2023Q2,Q,revenue,company_total,skhynix,7.31,7.31,krw_tn,actual,DART-OPENAPI,,,11_dart_samsung_skhynix_financials.csv,
OBS-00956,2023Q2,Q,operating_income,company_total,skhynix,-2.88,-2.88,krw_tn,actual,DART-OPENAPI,,,11_dart_samsung_skhynix_financials.csv,
OBS-00957,2023Q3,Q,revenue,company_total,skhynix,9.07,9.07,krw_tn,actual,DART-OPENAPI,,,11_dart_samsung_skhynix_financials.csv,
OBS-00958,2023Q3,Q,operating_income,company_total,skhynix,-1.79,-1.79,krw_tn,actual,DART-OPENAPI,,,11_dart_samsung_skhynix_financials.csv,
OBS-00959,2023Q4,Q,revenue,company_total,skhynix,11.31,11.31,krw_tn,actual,DART-OPENAPI,,,11_dart_samsung_skhynix_financials.csv,4분기 = 사업보고서 연간 - 1~3분기
OBS-00960,2023Q4,Q,operating_income,company_total,skhynix,0.35,0.35,krw_tn,actual,DART-OPENAPI,,,11_dart_samsung_skhynix_financials.csv,4분기 = 사업보고서 연간 - 1~3분기
OBS-00961,2024Q1,Q,revenue,company_total,skhynix,12.43,12.43,krw_tn,actual,DART-OPENAPI,,,11_dart_samsung_skhynix_financials.csv,
OBS-00962,2024Q1,Q,operating_income,company_total,skhynix,2.89,2.89,krw_tn,actual,DART-OPENAPI,,,11_dart_samsung_skhynix_financials.csv,
OBS-00963,2024Q2,Q,revenue,company_total,skhynix,16.42,16.42,krw_tn,actual,DART-OPENAPI,,,11_dart_samsung_skhynix_financials.csv,
OBS-00964,2024Q2,Q,operating_income,company_total,skhynix,5.47,5.47,krw_tn,actual,DART-OPENAPI,,,11_dart_samsung_skhynix_financials.csv,
OBS-00965,2024Q3,Q,revenue,company_total,skhynix,17.57,17.57,krw_tn,actual,DART-OPENAPI,,,11_dart_samsung_skhynix_financials.csv,
OBS-00966,2024Q3,Q,operating_income,company_total,skhynix,7.03,7.03,krw_tn,actual,DART-OPENAPI,,,11_dart_samsung_skhynix_financials.csv,
OBS-00967,2024Q4,Q,revenue,company_total,skhynix,19.77,19.77,krw_tn,actual,DART-OPENAPI,,,11_dart_samsung_skhynix_financials.csv,4분기 = 사업보고서 연간 - 1~3분기
OBS-00968,2024Q4,Q,operating_income,company_total,skhynix,8.08,8.08,krw_tn,actual,DART-OPENAPI,,,11_dart_samsung_skhynix_financials.csv,4분기 = 사업보고서 연간 - 1~3분기
OBS-00969,2025Q1,Q,revenue,company_total,skhynix,17.64,17.64,krw_tn,actual,DART-OPENAPI,,,11_dart_samsung_skhynix_financials.csv,
OBS-00970,2025Q1,Q,operating_income,company_total,skhynix,7.44,7.44,krw_tn,actual,DART-OPENAPI,,,11_dart_samsung_skhynix_financials.csv,
OBS-00971,2025Q2,Q,revenue,company_total,skhynix,22.23,22.23,krw_tn,actual,DART-OPENAPI,,,11_dart_samsung_skhynix_financials.csv,
OBS-00972,2025Q2,Q,operating_income,company_total,skhynix,9.21,9.21,krw_tn,actual,DART-OPENAPI,,,11_dart_samsung_skhynix_financials.csv,
OBS-00973,2025Q3,Q,revenue,company_total,skhynix,24.45,24.45,krw_tn,actual,DART-OPENAPI,,,11_dart_samsung_skhynix_financials.csv,
OBS-00974,2025Q3,Q,operating_income,company_total,skhynix,11.38,11.38,krw_tn,actual,DART-OPENAPI,,,11_dart_samsung_skhynix_financials.csv,
OBS-00975,2025Q4,Q,revenue,company_total,skhynix,32.83,32.83,krw_tn,actual,DART-OPENAPI,,,11_dart_samsung_skhynix_financials.csv,4분기 = 사업보고서 연간 - 1~3분기
OBS-00976,2025Q4,Q,operating_income,company_total,skhynix,19.17,19.17,krw_tn,actual,DART-OPENAPI,,,11_dart_samsung_skhynix_financials.csv,4분기 = 사업보고서 연간 - 1~3분기
OBS-00977,2026Q1,Q,revenue,company_total,skhynix,52.58,52.58,krw_tn,actual,DART-OPENAPI,,,11_dart_samsung_skhynix_financials.csv,
OBS-00978,2026Q1,Q,operating_income,company_total,skhynix,37.61,37.61,krw_tn,actual,DART-OPENAPI,,,11_dart_samsung_skhynix_financials.csv,
OBS-00979,2026Q2,Q,revenue,company_total,skhynix,79.32,79.32,krw_tn,actual,DART-OPENAPI,,,11_dart_samsung_skhynix_financials.csv,
OBS-00980,2026Q2,Q,operating_income,company_total,skhynix,60.54,60.54,krw_tn,actual,DART-OPENAPI,,,11_dart_samsung_skhynix_financials.csv,
OBS-00981,2019Q1,Q,revenue,company_total,samsung,52.39,52.39,krw_tn,actual,DART-OPENAPI,,,11_dart_samsung_skhynix_financials.csv,
OBS-00982,2019Q1,Q,operating_income,company_total,samsung,6.23,6.23,krw_tn,actual,DART-OPENAPI,,,11_dart_samsung_skhynix_financials.csv,
OBS-00983,2019Q2,Q,revenue,company_total,samsung,56.13,56.13,krw_tn,actual,DART-OPENAPI,,,11_dart_samsung_skhynix_financials.csv,
OBS-00984,2019Q2,Q,operating_income,company_total,samsung,6.6,6.6,krw_tn,actual,DART-OPENAPI,,,11_dart_samsung_skhynix_financials.csv,
OBS-00985,2019Q3,Q,revenue,company_total,samsung,62.0,62.0,krw_tn,actual,DART-OPENAPI,,,11_dart_samsung_skhynix_financials.csv,
OBS-00986,2019Q3,Q,operating_income,company_total,samsung,7.78,7.78,krw_tn,actual,DART-OPENAPI,,,11_dart_samsung_skhynix_financials.csv,
OBS-00987,2019Q4,Q,revenue,company_total,samsung,59.88,59.88,krw_tn,actual,DART-OPENAPI,,,11_dart_samsung_skhynix_financials.csv,4분기 = 사업보고서 연간 - 1~3분기
OBS-00988,2019Q4,Q,operating_income,company_total,samsung,7.16,7.16,krw_tn,actual,DART-OPENAPI,,,11_dart_samsung_skhynix_financials.csv,4분기 = 사업보고서 연간 - 1~3분기
OBS-00989,2020Q1,Q,revenue,company_total,samsung,55.33,55.33,krw_tn,actual,DART-OPENAPI,,,11_dart_samsung_skhynix_financials.csv,
OBS-00990,2020Q1,Q,operating_income,company_total,samsung,6.45,6.45,krw_tn,actual,DART-OPENAPI,,,11_dart_samsung_skhynix_financials.csv,
OBS-00991,2020Q2,Q,revenue,company_total,samsung,52.97,52.97,krw_tn,actual,DART-OPENAPI,,,11_dart_samsung_skhynix_financials.csv,
OBS-00992,2020Q2,Q,operating_income,company_total,samsung,8.15,8.15,krw_tn,actual,DART-OPENAPI,,,11_dart_samsung_skhynix_financials.csv,
OBS-00993,2020Q3,Q,revenue,company_total,samsung,66.96,66.96,krw_tn,actual,DART-OPENAPI,,,11_dart_samsung_skhynix_financials.csv,
OBS-00994,2020Q3,Q,operating_income,company_total,samsung,12.35,12.35,krw_tn,actual,DART-OPENAPI,,,11_dart_samsung_skhynix_financials.csv,
OBS-00995,2020Q4,Q,revenue,company_total,samsung,61.55,61.55,krw_tn,actual,DART-OPENAPI,,,11_dart_samsung_skhynix_financials.csv,4분기 = 사업보고서 연간 - 1~3분기
OBS-00996,2020Q4,Q,operating_income,company_total,samsung,9.05,9.05,krw_tn,actual,DART-OPENAPI,,,11_dart_samsung_skhynix_financials.csv,4분기 = 사업보고서 연간 - 1~3분기
OBS-00997,2021Q1,Q,revenue,company_total,samsung,65.39,65.39,krw_tn,actual,DART-OPENAPI,,,11_dart_samsung_skhynix_financials.csv,
OBS-00998,2021Q1,Q,operating_income,company_total,samsung,9.38,9.38,krw_tn,actual,DART-OPENAPI,,,11_dart_samsung_skhynix_financials.csv,
OBS-00999,2021Q2,Q,revenue,company_total,samsung,63.67,63.67,krw_tn,actual,DART-OPENAPI,,,11_dart_samsung_skhynix_financials.csv,
OBS-01000,2021Q2,Q,operating_income,company_total,samsung,12.57,12.57,krw_tn,actual,DART-OPENAPI,,,11_dart_samsung_skhynix_financials.csv,
OBS-01001,2021Q3,Q,revenue,company_total,samsung,73.98,73.98,krw_tn,actual,DART-OPENAPI,,,11_dart_samsung_skhynix_financials.csv,
OBS-01002,2021Q3,Q,operating_income,company_total,samsung,15.82,15.82,krw_tn,actual,DART-OPENAPI,,,11_dart_samsung_skhynix_financials.csv,
OBS-01003,2021Q4,Q,revenue,company_total,samsung,76.57,76.57,krw_tn,actual,DART-OPENAPI,,,11_dart_samsung_skhynix_financials.csv,4분기 = 사업보고서 연간 - 1~3분기
OBS-01004,2021Q4,Q,operating_income,company_total,samsung,13.87,13.87,krw_tn,actual,DART-OPENAPI,,,11_dart_samsung_skhynix_financials.csv,4분기 = 사업보고서 연간 - 1~3분기
OBS-01005,2022Q1,Q,revenue,company_total,samsung,77.78,77.78,krw_tn,actual,DART-OPENAPI,,,11_dart_samsung_skhynix_financials.csv,
OBS-01006,2022Q1,Q,operating_income,company_total,samsung,14.12,14.12,krw_tn,actual,DART-OPENAPI,,,11_dart_samsung_skhynix_financials.csv,
OBS-01007,2022Q2,Q,revenue,company_total,samsung,77.2,77.2,krw_tn,actual,DART-OPENAPI,,,11_dart_samsung_skhynix_financials.csv,
OBS-01008,2022Q2,Q,operating_income,company_total,samsung,14.1,14.1,krw_tn,actual,DART-OPENAPI,,,11_dart_samsung_skhynix_financials.csv,
OBS-01009,2022Q3,Q,revenue,company_total,samsung,76.78,76.78,krw_tn,actual,DART-OPENAPI,,,11_dart_samsung_skhynix_financials.csv,
OBS-01010,2022Q3,Q,operating_income,company_total,samsung,10.85,10.85,krw_tn,actual,DART-OPENAPI,,,11_dart_samsung_skhynix_financials.csv,
OBS-01011,2022Q4,Q,revenue,company_total,samsung,70.46,70.46,krw_tn,actual,DART-OPENAPI,,,11_dart_samsung_skhynix_financials.csv,4분기 = 사업보고서 연간 - 1~3분기
OBS-01012,2022Q4,Q,operating_income,company_total,samsung,4.31,4.31,krw_tn,actual,DART-OPENAPI,,,11_dart_samsung_skhynix_financials.csv,4분기 = 사업보고서 연간 - 1~3분기
OBS-01013,2023Q1,Q,revenue,company_total,samsung,63.75,63.75,krw_tn,actual,DART-OPENAPI,,,11_dart_samsung_skhynix_financials.csv,
OBS-01014,2023Q1,Q,operating_income,company_total,samsung,0.64,0.64,krw_tn,actual,DART-OPENAPI,,,11_dart_samsung_skhynix_financials.csv,
OBS-01015,2023Q2,Q,revenue,company_total,samsung,60.01,60.01,krw_tn,actual,DART-OPENAPI,,,11_dart_samsung_skhynix_financials.csv,
OBS-01016,2023Q2,Q,operating_income,company_total,samsung,0.67,0.67,krw_tn,actual,DART-OPENAPI,,,11_dart_samsung_skhynix_financials.csv,
OBS-01017,2023Q3,Q,revenue,company_total,samsung,67.4,67.4,krw_tn,actual,DART-OPENAPI,,,11_dart_samsung_skhynix_financials.csv,
OBS-01018,2023Q3,Q,operating_income,company_total,samsung,2.43,2.43,krw_tn,actual,DART-OPENAPI,,,11_dart_samsung_skhynix_financials.csv,
OBS-01019,2023Q4,Q,revenue,company_total,samsung,67.78,67.78,krw_tn,actual,DART-OPENAPI,,,11_dart_samsung_skhynix_financials.csv,4분기 = 사업보고서 연간 - 1~3분기
OBS-01020,2023Q4,Q,operating_income,company_total,samsung,2.82,2.82,krw_tn,actual,DART-OPENAPI,,,11_dart_samsung_skhynix_financials.csv,4분기 = 사업보고서 연간 - 1~3분기
OBS-01021,2024Q1,Q,revenue,company_total,samsung,71.92,71.92,krw_tn,actual,DART-OPENAPI,,,11_dart_samsung_skhynix_financials.csv,
OBS-01022,2024Q1,Q,operating_income,company_total,samsung,6.61,6.61,krw_tn,actual,DART-OPENAPI,,,11_dart_samsung_skhynix_financials.csv,
OBS-01023,2024Q2,Q,revenue,company_total,samsung,74.07,74.07,krw_tn,actual,DART-OPENAPI,,,11_dart_samsung_skhynix_financials.csv,
OBS-01024,2024Q2,Q,operating_income,company_total,samsung,10.44,10.44,krw_tn,actual,DART-OPENAPI,,,11_dart_samsung_skhynix_financials.csv,
OBS-01025,2024Q3,Q,revenue,company_total,samsung,79.1,79.1,krw_tn,actual,DART-OPENAPI,,,11_dart_samsung_skhynix_financials.csv,
OBS-01026,2024Q3,Q,operating_income,company_total,samsung,9.18,9.18,krw_tn,actual,DART-OPENAPI,,,11_dart_samsung_skhynix_financials.csv,
OBS-01027,2024Q4,Q,revenue,company_total,samsung,75.79,75.79,krw_tn,actual,DART-OPENAPI,,,11_dart_samsung_skhynix_financials.csv,4분기 = 사업보고서 연간 - 1~3분기
OBS-01028,2024Q4,Q,operating_income,company_total,samsung,6.49,6.49,krw_tn,actual,DART-OPENAPI,,,11_dart_samsung_skhynix_financials.csv,4분기 = 사업보고서 연간 - 1~3분기
OBS-01029,2025Q1,Q,revenue,company_total,samsung,79.14,79.14,krw_tn,actual,DART-OPENAPI,,,11_dart_samsung_skhynix_financials.csv,
OBS-01030,2025Q1,Q,operating_income,company_total,samsung,6.69,6.69,krw_tn,actual,DART-OPENAPI,,,11_dart_samsung_skhynix_financials.csv,
OBS-01031,2025Q2,Q,revenue,company_total,samsung,74.57,74.57,krw_tn,actual,DART-OPENAPI,,,11_dart_samsung_skhynix_financials.csv,
OBS-01032,2025Q2,Q,operating_income,company_total,samsung,4.68,4.68,krw_tn,actual,DART-OPENAPI,,,11_dart_samsung_skhynix_financials.csv,
OBS-01033,2025Q3,Q,revenue,company_total,samsung,86.06,86.06,krw_tn,actual,DART-OPENAPI,,,11_dart_samsung_skhynix_financials.csv,
OBS-01034,2025Q3,Q,operating_income,company_total,samsung,12.17,12.17,krw_tn,actual,DART-OPENAPI,,,11_dart_samsung_skhynix_financials.csv,
OBS-01035,2025Q4,Q,revenue,company_total,samsung,93.84,93.84,krw_tn,actual,DART-OPENAPI,,,11_dart_samsung_skhynix_financials.csv,4분기 = 사업보고서 연간 - 1~3분기
OBS-01036,2025Q4,Q,operating_income,company_total,samsung,20.07,20.07,krw_tn,actual,DART-OPENAPI,,,11_dart_samsung_skhynix_financials.csv,4분기 = 사업보고서 연간 - 1~3분기
OBS-01037,2026Q1,Q,revenue,company_total,samsung,133.87,133.87,krw_tn,actual,DART-OPENAPI,,,11_dart_samsung_skhynix_financials.csv,
OBS-01038,2026Q1,Q,operating_income,company_total,samsung,57.23,57.23,krw_tn,actual,DART-OPENAPI,,,11_dart_samsung_skhynix_financials.csv,
OBS-01039,2026Q2,Q,revenue,company_total,samsung,171.5,171.5,krw_tn,actual,DART-OPENAPI,,,11_dart_samsung_skhynix_financials.csv,
OBS-01040,2026Q2,Q,operating_income,company_total,samsung,89.49,89.49,krw_tn,actual,DART-OPENAPI,,,11_dart_samsung_skhynix_financials.csv,
OBS-01041,2022Q2,Q,dram_revenue,dram,industry,25.58,25.58,usd_bn,estimate,TF-20221116,,,03_dram_supplier_revenue_share_quarterly.csv,derived
OBS-01042,2022Q3,Q,dram_revenue,dram,industry,18.19,18.19,usd_bn,actual,TF-20221116,,,03_dram_supplier_revenue_share_quarterly.csv,
OBS-01043,2022Q3,Q,dram_revenue_qoq,dram,industry,-28.9,-28.9,pct,actual,TF-20221116,,,03_dram_supplier_revenue_share_quarterly.csv,
OBS-01044,2022Q3,Q,dram_revenue,dram,samsung,7.4,7.4,usd_bn,actual,TF-20221116,,,03_dram_supplier_revenue_share_quarterly.csv,share computed
OBS-01045,2022Q3,Q,dram_revenue_qoq,dram,samsung,-33.5,-33.5,pct,actual,TF-20221116,,,03_dram_supplier_revenue_share_quarterly.csv,share computed
OBS-01046,2022Q3,Q,revenue_share,dram,samsung,40.7,40.7,pct,estimate,TF-20221116,,,03_dram_supplier_revenue_share_quarterly.csv,share computed
OBS-01047,2022Q3,Q,dram_revenue,dram,skhynix,5.24,5.24,usd_bn,actual,TF-20221116,,,03_dram_supplier_revenue_share_quarterly.csv,share computed
OBS-01048,2022Q3,Q,dram_revenue_qoq,dram,skhynix,-25.2,-25.2,pct,actual,TF-20221116,,,03_dram_supplier_revenue_share_quarterly.csv,share computed
OBS-01049,2022Q3,Q,revenue_share,dram,skhynix,28.8,28.8,pct,estimate,TF-20221116,,,03_dram_supplier_revenue_share_quarterly.csv,share computed
OBS-01050,2022Q3,Q,dram_revenue,dram,micron,4.81,4.81,usd_bn,actual,TF-20221116,,,03_dram_supplier_revenue_share_quarterly.csv,share computed
OBS-01051,2022Q3,Q,revenue_share,dram,micron,26.4,26.4,pct,estimate,TF-20221116,,,03_dram_supplier_revenue_share_quarterly.csv,share computed
OBS-01052,2022Q4,Q,dram_revenue,dram,industry,12.28,12.28,usd_bn,actual,TF-20230302,,,03_dram_supplier_revenue_share_quarterly.csv,
OBS-01053,2022Q4,Q,dram_revenue_qoq,dram,industry,-32.5,-32.5,pct,actual,TF-20230302,,,03_dram_supplier_revenue_share_quarterly.csv,
OBS-01054,2022Q4,Q,dram_revenue,dram,samsung,5.54,5.54,usd_bn,actual,TF-20230302,,,03_dram_supplier_revenue_share_quarterly.csv,share computed
OBS-01055,2022Q4,Q,dram_revenue_qoq,dram,samsung,-25.1,-25.1,pct,actual,TF-20230302,,,03_dram_supplier_revenue_share_quarterly.csv,share computed
OBS-01056,2022Q4,Q,revenue_share,dram,samsung,45.1,45.1,pct,estimate,TF-20230302,,,03_dram_supplier_revenue_share_quarterly.csv,share computed
OBS-01057,2022Q4,Q,dram_revenue,dram,skhynix,3.4,3.4,usd_bn,actual,TF-20230302,,,03_dram_supplier_revenue_share_quarterly.csv,share computed
OBS-01058,2022Q4,Q,dram_revenue_qoq,dram,skhynix,-35.2,-35.2,pct,actual,TF-20230302,,,03_dram_supplier_revenue_share_quarterly.csv,share computed
OBS-01059,2022Q4,Q,revenue_share,dram,skhynix,27.7,27.7,pct,estimate,TF-20230302,,,03_dram_supplier_revenue_share_quarterly.csv,share computed
OBS-01060,2022Q4,Q,dram_revenue,dram,micron,2.83,2.83,usd_bn,actual,TF-20230302,,,03_dram_supplier_revenue_share_quarterly.csv,share computed
OBS-01061,2022Q4,Q,dram_revenue_qoq,dram,micron,-41.2,-41.2,pct,actual,TF-20230302,,,03_dram_supplier_revenue_share_quarterly.csv,share computed
OBS-01062,2022Q4,Q,revenue_share,dram,micron,23.0,23.0,pct,estimate,TF-20230302,,,03_dram_supplier_revenue_share_quarterly.csv,share computed
OBS-01063,2023Q1,Q,dram_revenue,dram,industry,9.49,9.49,usd_bn,estimate,TF-20230824,,,03_dram_supplier_revenue_share_quarterly.csv,derived
OBS-01064,2023Q2,Q,dram_revenue,dram,industry,11.43,11.43,usd_bn,actual,TF-20230824,,,03_dram_supplier_revenue_share_quarterly.csv,
OBS-01065,2023Q2,Q,dram_revenue_qoq,dram,industry,20.4,20.4,pct,actual,TF-20230824,,,03_dram_supplier_revenue_share_quarterly.csv,
OBS-01066,2023Q2,Q,dram_revenue,dram,samsung,4.53,4.53,usd_bn,actual,TF-20230824,,,03_dram_supplier_revenue_share_quarterly.csv,share computed
OBS-01067,2023Q2,Q,dram_revenue_qoq,dram,samsung,8.6,8.6,pct,actual,TF-20230824,,,03_dram_supplier_revenue_share_quarterly.csv,share computed
OBS-01068,2023Q2,Q,revenue_share,dram,samsung,39.6,39.6,pct,estimate,TF-20230824,,,03_dram_supplier_revenue_share_quarterly.csv,share computed
OBS-01069,2023Q2,Q,dram_revenue,dram,skhynix,3.44,3.44,usd_bn,actual,TF-20230824,,,03_dram_supplier_revenue_share_quarterly.csv,QoQ stated as nearly 50%; share computed
OBS-01070,2023Q2,Q,dram_revenue_qoq,dram,skhynix,49.0,49.0,pct,actual,TF-20230824,,,03_dram_supplier_revenue_share_quarterly.csv,QoQ stated as nearly 50%; share computed
OBS-01071,2023Q2,Q,revenue_share,dram,skhynix,30.1,30.1,pct,estimate,TF-20230824,,,03_dram_supplier_revenue_share_quarterly.csv,QoQ stated as nearly 50%; share computed
OBS-01072,2023Q2,Q,dram_revenue,dram,micron,2.95,2.95,usd_bn,actual,TF-20230824,,,03_dram_supplier_revenue_share_quarterly.csv,share computed
OBS-01073,2023Q2,Q,dram_revenue_qoq,dram,micron,15.7,15.7,pct,actual,TF-20230824,,,03_dram_supplier_revenue_share_quarterly.csv,share computed
OBS-01074,2023Q2,Q,revenue_share,dram,micron,25.8,25.8,pct,estimate,TF-20230824,,,03_dram_supplier_revenue_share_quarterly.csv,share computed
OBS-01075,2023Q3,Q,dram_revenue,dram,industry,13.48,13.48,usd_bn,actual,TF-20231204,,,03_dram_supplier_revenue_share_quarterly.csv,
OBS-01076,2023Q3,Q,dram_revenue_qoq,dram,industry,18.0,18.0,pct,actual,TF-20231204,,,03_dram_supplier_revenue_share_quarterly.csv,
OBS-01077,2023Q3,Q,dram_revenue,dram,samsung,5.25,5.25,usd_bn,actual,TF-20231204,,,03_dram_supplier_revenue_share_quarterly.csv,share computed
OBS-01078,2023Q3,Q,dram_revenue_qoq,dram,samsung,15.9,15.9,pct,actual,TF-20231204,,,03_dram_supplier_revenue_share_quarterly.csv,share computed
OBS-01079,2023Q3,Q,revenue_share,dram,samsung,38.9,38.9,pct,estimate,TF-20231204,,,03_dram_supplier_revenue_share_quarterly.csv,share computed
OBS-01080,2023Q3,Q,dram_revenue,dram,skhynix,4.626,4.626,usd_bn,actual,TF-20231204,,,03_dram_supplier_revenue_share_quarterly.csv,share computed
OBS-01081,2023Q3,Q,dram_revenue_qoq,dram,skhynix,34.4,34.4,pct,actual,TF-20231204,,,03_dram_supplier_revenue_share_quarterly.csv,share computed
OBS-01082,2023Q3,Q,revenue_share,dram,skhynix,34.3,34.3,pct,estimate,TF-20231204,,,03_dram_supplier_revenue_share_quarterly.csv,share computed
OBS-01083,2023Q3,Q,dram_revenue,dram,micron,3.075,3.075,usd_bn,actual,TF-20231204,,,03_dram_supplier_revenue_share_quarterly.csv,share computed
OBS-01084,2023Q3,Q,dram_revenue_qoq,dram,micron,4.2,4.2,pct,actual,TF-20231204,,,03_dram_supplier_revenue_share_quarterly.csv,share computed
OBS-01085,2023Q3,Q,revenue_share,dram,micron,22.8,22.8,pct,estimate,TF-20231204,,,03_dram_supplier_revenue_share_quarterly.csv,share computed
OBS-01086,2023Q4,Q,dram_revenue,dram,industry,17.46,17.46,usd_bn,actual,TF-20240305,,,03_dram_supplier_revenue_share_quarterly.csv,
OBS-01087,2023Q4,Q,dram_revenue_qoq,dram,industry,29.6,29.6,pct,actual,TF-20240305,,,03_dram_supplier_revenue_share_quarterly.csv,
OBS-01088,2023Q4,Q,dram_revenue,dram,samsung,7.95,7.95,usd_bn,actual,TF-20240305,,,03_dram_supplier_revenue_share_quarterly.csv,share computed
OBS-01089,2023Q4,Q,revenue_share,dram,samsung,45.5,45.5,pct,estimate,TF-20240305,,,03_dram_supplier_revenue_share_quarterly.csv,share computed
OBS-01090,2023Q4,Q,dram_revenue,dram,skhynix,5.56,5.56,usd_bn,actual,TF-20240305,,,03_dram_supplier_revenue_share_quarterly.csv,share computed
OBS-01091,2023Q4,Q,revenue_share,dram,skhynix,31.8,31.8,pct,estimate,TF-20240305,,,03_dram_supplier_revenue_share_quarterly.csv,share computed
OBS-01092,2023Q4,Q,dram_revenue,dram,micron,3.35,3.35,usd_bn,actual,TF-20240305,,,03_dram_supplier_revenue_share_quarterly.csv,share computed
OBS-01093,2023Q4,Q,revenue_share,dram,micron,19.2,19.2,pct,estimate,TF-20240305,,,03_dram_supplier_revenue_share_quarterly.csv,share computed
OBS-01094,2024Q1,Q,dram_revenue,dram,industry,18.35,18.35,usd_bn,actual,TF-20240613,,,03_dram_supplier_revenue_share_quarterly.csv,
OBS-01095,2024Q1,Q,dram_revenue_qoq,dram,industry,5.1,5.1,pct,actual,TF-20240613,,,03_dram_supplier_revenue_share_quarterly.csv,
OBS-01096,2024Q1,Q,dram_revenue,dram,samsung,8.06,8.06,usd_bn,estimate,TF-20240613,,,03_dram_supplier_revenue_share_quarterly.csv,revenue computed from share
OBS-01097,2024Q1,Q,dram_revenue_qoq,dram,samsung,1.3,1.3,pct,actual,TF-20240613,,,03_dram_supplier_revenue_share_quarterly.csv,revenue computed from share
OBS-01098,2024Q1,Q,revenue_share,dram,samsung,43.9,43.9,pct,actual,TF-20240613,,,03_dram_supplier_revenue_share_quarterly.csv,revenue computed from share
OBS-01099,2024Q1,Q,dram_revenue,dram,skhynix,5.71,5.71,usd_bn,estimate,TF-20240613,,,03_dram_supplier_revenue_share_quarterly.csv,revenue computed from share
OBS-01100,2024Q1,Q,revenue_share,dram,skhynix,31.1,31.1,pct,actual,TF-20240613,,,03_dram_supplier_revenue_share_quarterly.csv,revenue computed from share
OBS-01101,2024Q1,Q,dram_revenue,dram,micron,3.95,3.95,usd_bn,estimate,TF-20240613,,,03_dram_supplier_revenue_share_quarterly.csv,revenue computed from share
OBS-01102,2024Q1,Q,dram_revenue_qoq,dram,micron,17.8,17.8,pct,actual,TF-20240613,,,03_dram_supplier_revenue_share_quarterly.csv,revenue computed from share
OBS-01103,2024Q1,Q,revenue_share,dram,micron,21.5,21.5,pct,actual,TF-20240613,,,03_dram_supplier_revenue_share_quarterly.csv,revenue computed from share
OBS-01104,2024Q2,Q,dram_revenue,dram,industry,22.9,22.9,usd_bn,actual,TF-20240815,,,03_dram_supplier_revenue_share_quarterly.csv,
OBS-01105,2024Q2,Q,dram_revenue_qoq,dram,industry,24.8,24.8,pct,actual,TF-20240815,,,03_dram_supplier_revenue_share_quarterly.csv,
OBS-01106,2024Q2,Q,dram_revenue,dram,samsung,9.82,9.82,usd_bn,actual,TF-20240815,,,03_dram_supplier_revenue_share_quarterly.csv,share computed
OBS-01107,2024Q2,Q,dram_revenue_qoq,dram,samsung,22.0,22.0,pct,actual,TF-20240815,,,03_dram_supplier_revenue_share_quarterly.csv,share computed
OBS-01108,2024Q2,Q,revenue_share,dram,samsung,42.9,42.9,pct,estimate,TF-20240815,,,03_dram_supplier_revenue_share_quarterly.csv,share computed
OBS-01109,2024Q2,Q,dram_revenue,dram,skhynix,7.91,7.91,usd_bn,actual,TF-20240815,,,03_dram_supplier_revenue_share_quarterly.csv,share computed
OBS-01110,2024Q2,Q,dram_revenue_qoq,dram,skhynix,38.7,38.7,pct,actual,TF-20240815,,,03_dram_supplier_revenue_share_quarterly.csv,share computed
OBS-01111,2024Q2,Q,revenue_share,dram,skhynix,34.5,34.5,pct,estimate,TF-20240815,,,03_dram_supplier_revenue_share_quarterly.csv,share computed
OBS-01112,2024Q2,Q,dram_revenue,dram,micron,4.5,4.5,usd_bn,actual,TF-20240815,,,03_dram_supplier_revenue_share_quarterly.csv,share computed
OBS-01113,2024Q2,Q,dram_revenue_qoq,dram,micron,14.1,14.1,pct,actual,TF-20240815,,,03_dram_supplier_revenue_share_quarterly.csv,share computed
OBS-01114,2024Q2,Q,revenue_share,dram,micron,19.7,19.7,pct,estimate,TF-20240815,,,03_dram_supplier_revenue_share_quarterly.csv,share computed
OBS-01115,2024Q3,Q,dram_revenue,dram,industry,26.02,26.02,usd_bn,actual,TF-20241126,,,03_dram_supplier_revenue_share_quarterly.csv,
OBS-01116,2024Q3,Q,dram_revenue_qoq,dram,industry,13.6,13.6,pct,actual,TF-20241126,,,03_dram_supplier_revenue_share_quarterly.csv,
OBS-01117,2024Q3,Q,dram_revenue,dram,samsung,10.7,10.7,usd_bn,actual,TF-20241126,,,03_dram_supplier_revenue_share_quarterly.csv,share computed
OBS-01118,2024Q3,Q,dram_revenue_qoq,dram,samsung,9.0,9.0,pct,actual,TF-20241126,,,03_dram_supplier_revenue_share_quarterly.csv,share computed
OBS-01119,2024Q3,Q,revenue_share,dram,samsung,41.1,41.1,pct,estimate,TF-20241126,,,03_dram_supplier_revenue_share_quarterly.csv,share computed
OBS-01120,2024Q3,Q,dram_revenue,dram,skhynix,8.95,8.95,usd_bn,actual,TF-20241126,,,03_dram_supplier_revenue_share_quarterly.csv,share computed
OBS-01121,2024Q3,Q,dram_revenue_qoq,dram,skhynix,13.1,13.1,pct,actual,TF-20241126,,,03_dram_supplier_revenue_share_quarterly.csv,share computed
OBS-01122,2024Q3,Q,revenue_share,dram,skhynix,34.4,34.4,pct,estimate,TF-20241126,,,03_dram_supplier_revenue_share_quarterly.csv,share computed
OBS-01123,2024Q3,Q,dram_revenue,dram,micron,5.78,5.78,usd_bn,actual,TF-20241126,,,03_dram_supplier_revenue_share_quarterly.csv,share computed
OBS-01124,2024Q3,Q,dram_revenue_qoq,dram,micron,28.3,28.3,pct,actual,TF-20241126,,,03_dram_supplier_revenue_share_quarterly.csv,share computed
OBS-01125,2024Q3,Q,revenue_share,dram,micron,22.2,22.2,pct,estimate,TF-20241126,,,03_dram_supplier_revenue_share_quarterly.csv,share computed
OBS-01126,2024Q4,Q,dram_revenue,dram,industry,28.6,28.6,usd_bn,estimate,TF-20250227,,,03_dram_supplier_revenue_share_quarterly.csv,total computed as 3Q24 x 1.099 (release says over $28B)
OBS-01127,2024Q4,Q,dram_revenue_qoq,dram,industry,9.9,9.9,pct,actual,TF-20250227,,,03_dram_supplier_revenue_share_quarterly.csv,total computed as 3Q24 x 1.099 (release says over $28B)
OBS-01128,2024Q4,Q,dram_revenue,dram,samsung,11.25,11.25,usd_bn,actual,TF-20250227,,,03_dram_supplier_revenue_share_quarterly.csv,share computed
OBS-01129,2024Q4,Q,revenue_share,dram,samsung,39.3,39.3,pct,estimate,TF-20250227,,,03_dram_supplier_revenue_share_quarterly.csv,share computed
OBS-01130,2024Q4,Q,dram_revenue,dram,skhynix,10.46,10.46,usd_bn,actual,TF-20250227,,,03_dram_supplier_revenue_share_quarterly.csv,share computed
OBS-01131,2024Q4,Q,dram_revenue_qoq,dram,skhynix,16.9,16.9,pct,actual,TF-20250227,,,03_dram_supplier_revenue_share_quarterly.csv,share computed
OBS-01132,2024Q4,Q,revenue_share,dram,skhynix,36.6,36.6,pct,estimate,TF-20250227,,,03_dram_supplier_revenue_share_quarterly.csv,share computed
OBS-01133,2024Q4,Q,dram_revenue,dram,micron,6.4,6.4,usd_bn,actual,TF-20250227,,,03_dram_supplier_revenue_share_quarterly.csv,share computed
OBS-01134,2024Q4,Q,dram_revenue_qoq,dram,micron,10.8,10.8,pct,actual,TF-20250227,,,03_dram_supplier_revenue_share_quarterly.csv,share computed
OBS-01135,2024Q4,Q,revenue_share,dram,micron,22.4,22.4,pct,estimate,TF-20250227,,,03_dram_supplier_revenue_share_quarterly.csv,share computed
OBS-01136,2025Q1,Q,dram_revenue,dram,industry,27.01,27.01,usd_bn,actual,TF-20250603,,,03_dram_supplier_revenue_share_quarterly.csv,
OBS-01137,2025Q1,Q,dram_revenue_qoq,dram,industry,-5.5,-5.5,pct,actual,TF-20250603,,,03_dram_supplier_revenue_share_quarterly.csv,
OBS-01138,2025Q1,Q,dram_revenue,dram,skhynix,9.72,9.72,usd_bn,actual,TF-20250603,,,03_dram_supplier_revenue_share_quarterly.csv,share computed
OBS-01139,2025Q1,Q,dram_revenue_qoq,dram,skhynix,-7.1,-7.1,pct,actual,TF-20250603,,,03_dram_supplier_revenue_share_quarterly.csv,share computed
OBS-01140,2025Q1,Q,revenue_share,dram,skhynix,36.0,36.0,pct,estimate,TF-20250603,,,03_dram_supplier_revenue_share_quarterly.csv,share computed
OBS-01141,2025Q1,Q,dram_revenue,dram,samsung,9.1,9.1,usd_bn,actual,TF-20250603,,,03_dram_supplier_revenue_share_quarterly.csv,share computed
OBS-01142,2025Q1,Q,dram_revenue_qoq,dram,samsung,-19.0,-19.0,pct,actual,TF-20250603,,,03_dram_supplier_revenue_share_quarterly.csv,share computed
OBS-01143,2025Q1,Q,revenue_share,dram,samsung,33.7,33.7,pct,estimate,TF-20250603,,,03_dram_supplier_revenue_share_quarterly.csv,share computed
OBS-01144,2025Q1,Q,dram_revenue,dram,micron,6.58,6.58,usd_bn,actual,TF-20250603,,,03_dram_supplier_revenue_share_quarterly.csv,share computed
OBS-01145,2025Q1,Q,dram_revenue_qoq,dram,micron,2.7,2.7,pct,actual,TF-20250603,,,03_dram_supplier_revenue_share_quarterly.csv,share computed
OBS-01146,2025Q1,Q,revenue_share,dram,micron,24.4,24.4,pct,estimate,TF-20250603,,,03_dram_supplier_revenue_share_quarterly.csv,share computed
OBS-01147,2025Q2,Q,dram_revenue,dram,industry,31.63,31.63,usd_bn,actual,TF-20250902,,,03_dram_supplier_revenue_share_quarterly.csv,
OBS-01148,2025Q2,Q,dram_revenue_qoq,dram,industry,17.1,17.1,pct,actual,TF-20250902,,,03_dram_supplier_revenue_share_quarterly.csv,
OBS-01149,2025Q2,Q,dram_revenue,dram,skhynix,12.23,12.23,usd_bn,actual,TF-20250902,,,03_dram_supplier_revenue_share_quarterly.csv,
OBS-01150,2025Q2,Q,dram_revenue_qoq,dram,skhynix,25.8,25.8,pct,actual,TF-20250902,,,03_dram_supplier_revenue_share_quarterly.csv,
OBS-01151,2025Q2,Q,revenue_share,dram,skhynix,38.7,38.7,pct,actual,TF-20250902,,,03_dram_supplier_revenue_share_quarterly.csv,
OBS-01152,2025Q2,Q,dram_revenue,dram,samsung,10.35,10.35,usd_bn,actual,TF-20250902,,,03_dram_supplier_revenue_share_quarterly.csv,
OBS-01153,2025Q2,Q,dram_revenue_qoq,dram,samsung,13.7,13.7,pct,actual,TF-20250902,,,03_dram_supplier_revenue_share_quarterly.csv,
OBS-01154,2025Q2,Q,revenue_share,dram,samsung,32.7,32.7,pct,actual,TF-20250902,,,03_dram_supplier_revenue_share_quarterly.csv,
OBS-01155,2025Q2,Q,dram_revenue,dram,micron,6.95,6.95,usd_bn,actual,TF-20250902,,,03_dram_supplier_revenue_share_quarterly.csv,
OBS-01156,2025Q2,Q,dram_revenue_qoq,dram,micron,5.7,5.7,pct,actual,TF-20250902,,,03_dram_supplier_revenue_share_quarterly.csv,
OBS-01157,2025Q2,Q,revenue_share,dram,micron,22.0,22.0,pct,actual,TF-20250902,,,03_dram_supplier_revenue_share_quarterly.csv,
OBS-01158,2025Q2,Q,dram_revenue,dram,nanya,0.34,0.34,usd_bn,actual,TF-20250902,,,03_dram_supplier_revenue_share_quarterly.csv,share computed
OBS-01159,2025Q2,Q,dram_revenue_qoq,dram,nanya,56.0,56.0,pct,actual,TF-20250902,,,03_dram_supplier_revenue_share_quarterly.csv,share computed
OBS-01160,2025Q2,Q,revenue_share,dram,nanya,1.1,1.1,pct,estimate,TF-20250902,,,03_dram_supplier_revenue_share_quarterly.csv,share computed
OBS-01161,2025Q2,Q,dram_revenue,dram,winbond,0.18,0.18,usd_bn,actual,TF-20250902,,,03_dram_supplier_revenue_share_quarterly.csv,share computed
OBS-01162,2025Q2,Q,dram_revenue_qoq,dram,winbond,24.9,24.9,pct,actual,TF-20250902,,,03_dram_supplier_revenue_share_quarterly.csv,share computed
OBS-01163,2025Q2,Q,revenue_share,dram,winbond,0.6,0.6,pct,estimate,TF-20250902,,,03_dram_supplier_revenue_share_quarterly.csv,share computed
OBS-01164,2025Q3,Q,dram_revenue,dram,industry,41.4,41.4,usd_bn,actual,TF-20251126,,,03_dram_supplier_revenue_share_quarterly.csv,
OBS-01165,2025Q3,Q,dram_revenue_qoq,dram,industry,30.9,30.9,pct,actual,TF-20251126,,,03_dram_supplier_revenue_share_quarterly.csv,
OBS-01166,2025Q3,Q,dram_revenue,dram,skhynix,13.75,13.75,usd_bn,actual,TF-20251126,,,03_dram_supplier_revenue_share_quarterly.csv,
OBS-01167,2025Q3,Q,dram_revenue_qoq,dram,skhynix,12.4,12.4,pct,actual,TF-20251126,,,03_dram_supplier_revenue_share_quarterly.csv,
OBS-01168,2025Q3,Q,revenue_share,dram,skhynix,33.2,33.2,pct,actual,TF-20251126,,,03_dram_supplier_revenue_share_quarterly.csv,
OBS-01169,2025Q3,Q,dram_revenue,dram,samsung,13.5,13.5,usd_bn,actual,TF-20251126,,,03_dram_supplier_revenue_share_quarterly.csv,
OBS-01170,2025Q3,Q,dram_revenue_qoq,dram,samsung,30.4,30.4,pct,actual,TF-20251126,,,03_dram_supplier_revenue_share_quarterly.csv,
OBS-01171,2025Q3,Q,revenue_share,dram,samsung,32.6,32.6,pct,actual,TF-20251126,,,03_dram_supplier_revenue_share_quarterly.csv,
OBS-01172,2025Q3,Q,dram_revenue,dram,micron,10.65,10.65,usd_bn,actual,TF-20251126,,,03_dram_supplier_revenue_share_quarterly.csv,
OBS-01173,2025Q3,Q,dram_revenue_qoq,dram,micron,53.2,53.2,pct,actual,TF-20251126,,,03_dram_supplier_revenue_share_quarterly.csv,
OBS-01174,2025Q3,Q,revenue_share,dram,micron,25.7,25.7,pct,actual,TF-20251126,,,03_dram_supplier_revenue_share_quarterly.csv,
OBS-01175,2025Q3,Q,dram_revenue,dram,nanya,0.627,0.627,usd_bn,actual,TF-20251126,,,03_dram_supplier_revenue_share_quarterly.csv,share computed
OBS-01176,2025Q3,Q,dram_revenue_qoq,dram,nanya,84.0,84.0,pct,actual,TF-20251126,,,03_dram_supplier_revenue_share_quarterly.csv,share computed
OBS-01177,2025Q3,Q,revenue_share,dram,nanya,1.5,1.5,pct,estimate,TF-20251126,,,03_dram_supplier_revenue_share_quarterly.csv,share computed
OBS-01178,2025Q3,Q,dram_revenue,dram,winbond,0.222,0.222,usd_bn,actual,TF-20251126,,,03_dram_supplier_revenue_share_quarterly.csv,share computed
OBS-01179,2025Q3,Q,dram_revenue_qoq,dram,winbond,21.4,21.4,pct,actual,TF-20251126,,,03_dram_supplier_revenue_share_quarterly.csv,share computed
OBS-01180,2025Q3,Q,revenue_share,dram,winbond,0.5,0.5,pct,estimate,TF-20251126,,,03_dram_supplier_revenue_share_quarterly.csv,share computed
OBS-01181,2025Q4,Q,dram_revenue,dram,industry,53.58,53.58,usd_bn,actual,TF-20260226,,,03_dram_supplier_revenue_share_quarterly.csv,
OBS-01182,2025Q4,Q,dram_revenue_qoq,dram,industry,29.4,29.4,pct,actual,TF-20260226,,,03_dram_supplier_revenue_share_quarterly.csv,
OBS-01183,2025Q4,Q,dram_revenue,dram,samsung,19.3,19.3,usd_bn,actual,TF-20260226,,,03_dram_supplier_revenue_share_quarterly.csv,
OBS-01184,2025Q4,Q,dram_revenue_qoq,dram,samsung,43.0,43.0,pct,actual,TF-20260226,,,03_dram_supplier_revenue_share_quarterly.csv,
OBS-01185,2025Q4,Q,revenue_share,dram,samsung,36.0,36.0,pct,actual,TF-20260226,,,03_dram_supplier_revenue_share_quarterly.csv,
OBS-01186,2025Q4,Q,dram_revenue,dram,skhynix,17.22,17.22,usd_bn,actual,TF-20260226,,,03_dram_supplier_revenue_share_quarterly.csv,
OBS-01187,2025Q4,Q,dram_revenue_qoq,dram,skhynix,25.2,25.2,pct,actual,TF-20260226,,,03_dram_supplier_revenue_share_quarterly.csv,
OBS-01188,2025Q4,Q,revenue_share,dram,skhynix,32.1,32.1,pct,actual,TF-20260226,,,03_dram_supplier_revenue_share_quarterly.csv,
OBS-01189,2025Q4,Q,dram_revenue,dram,micron,11.98,11.98,usd_bn,actual,TF-20260226,,,03_dram_supplier_revenue_share_quarterly.csv,
OBS-01190,2025Q4,Q,dram_revenue_qoq,dram,micron,12.4,12.4,pct,actual,TF-20260226,,,03_dram_supplier_revenue_share_quarterly.csv,
OBS-01191,2025Q4,Q,revenue_share,dram,micron,22.4,22.4,pct,actual,TF-20260226,,,03_dram_supplier_revenue_share_quarterly.csv,
OBS-01192,2026Q1,Q,dram_revenue,dram,industry,97.0,97.0,usd_bn,actual,TF-20260601,,,03_dram_supplier_revenue_share_quarterly.csv,total is rounded in the release
OBS-01193,2026Q1,Q,dram_revenue_qoq,dram,industry,81.0,81.0,pct,actual,TF-20260601,,,03_dram_supplier_revenue_share_quarterly.csv,total is rounded in the release
OBS-01194,2026Q1,Q,dram_revenue,dram,samsung,37.32,37.32,usd_bn,actual,TF-20260601,,,03_dram_supplier_revenue_share_quarterly.csv,
OBS-01195,2026Q1,Q,dram_revenue_qoq,dram,samsung,93.4,93.4,pct,actual,TF-20260601,,,03_dram_supplier_revenue_share_quarterly.csv,
OBS-01196,2026Q1,Q,revenue_share,dram,samsung,38.5,38.5,pct,actual,TF-20260601,,,03_dram_supplier_revenue_share_quarterly.csv,
OBS-01197,2026Q1,Q,dram_revenue,dram,skhynix,27.98,27.98,usd_bn,actual,TF-20260601,,,03_dram_supplier_revenue_share_quarterly.csv,
OBS-01198,2026Q1,Q,dram_revenue_qoq,dram,skhynix,62.5,62.5,pct,actual,TF-20260601,,,03_dram_supplier_revenue_share_quarterly.csv,
OBS-01199,2026Q1,Q,revenue_share,dram,skhynix,28.8,28.8,pct,actual,TF-20260601,,,03_dram_supplier_revenue_share_quarterly.csv,
OBS-01200,2026Q1,Q,dram_revenue,dram,micron,21.75,21.75,usd_bn,actual,TF-20260601,,,03_dram_supplier_revenue_share_quarterly.csv,
OBS-01201,2026Q1,Q,dram_revenue_qoq,dram,micron,81.6,81.6,pct,actual,TF-20260601,,,03_dram_supplier_revenue_share_quarterly.csv,
OBS-01202,2026Q1,Q,revenue_share,dram,micron,22.4,22.4,pct,actual,TF-20260601,,,03_dram_supplier_revenue_share_quarterly.csv,
OBS-01203,2026Q1,Q,dram_revenue,dram,nanya,1.55,1.55,usd_bn,actual,TF-20260601,,,03_dram_supplier_revenue_share_quarterly.csv,share computed
OBS-01204,2026Q1,Q,dram_revenue_qoq,dram,nanya,60.0,60.0,pct,actual,TF-20260601,,,03_dram_supplier_revenue_share_quarterly.csv,share computed
OBS-01205,2026Q1,Q,revenue_share,dram,nanya,1.6,1.6,pct,estimate,TF-20260601,,,03_dram_supplier_revenue_share_quarterly.csv,share computed
OBS-01206,2026Q1,Q,dram_revenue,dram,winbond,0.568,0.568,usd_bn,actual,TF-20260601,,,03_dram_supplier_revenue_share_quarterly.csv,share computed
OBS-01207,2026Q1,Q,dram_revenue_qoq,dram,winbond,91.4,91.4,pct,actual,TF-20260601,,,03_dram_supplier_revenue_share_quarterly.csv,share computed
OBS-01208,2026Q1,Q,revenue_share,dram,winbond,0.6,0.6,pct,estimate,TF-20260601,,,03_dram_supplier_revenue_share_quarterly.csv,share computed
OBS-01209,2026Q1,Q,dram_revenue,dram,cxmt,7.37,7.37,usd_bn,estimate,SAMMY-20260918,,,03_dram_supplier_revenue_share_quarterly.csv,secondary source
OBS-01210,2026Q1,Q,revenue_share,dram,cxmt,7.6,7.6,pct,actual,SAMMY-20260918,,,03_dram_supplier_revenue_share_quarterly.csv,secondary source
OBS-01211,2026Q2,Q,dram_revenue,dram,industry,154.73,154.73,usd_bn,actual,TF-20260907,,,03_dram_supplier_revenue_share_quarterly.csv,
OBS-01212,2026Q2,Q,dram_revenue_qoq,dram,industry,59.5,59.5,pct,actual,TF-20260907,,,03_dram_supplier_revenue_share_quarterly.csv,
OBS-01213,2026Q2,Q,dram_revenue,dram,samsung,60.98,60.98,usd_bn,actual,TF-20260907,,,03_dram_supplier_revenue_share_quarterly.csv,
OBS-01214,2026Q2,Q,dram_revenue_qoq,dram,samsung,63.4,63.4,pct,actual,TF-20260907,,,03_dram_supplier_revenue_share_quarterly.csv,
OBS-01215,2026Q2,Q,revenue_share,dram,samsung,39.4,39.4,pct,actual,TF-20260907,,,03_dram_supplier_revenue_share_quarterly.csv,
OBS-01216,2026Q2,Q,dram_revenue,dram,skhynix,38.59,38.59,usd_bn,actual,TF-20260907,,,03_dram_supplier_revenue_share_quarterly.csv,
OBS-01217,2026Q2,Q,dram_revenue_qoq,dram,skhynix,37.9,37.9,pct,actual,TF-20260907,,,03_dram_supplier_revenue_share_quarterly.csv,
OBS-01218,2026Q2,Q,revenue_share,dram,skhynix,24.9,24.9,pct,actual,TF-20260907,,,03_dram_supplier_revenue_share_quarterly.csv,
OBS-01219,2026Q2,Q,dram_revenue,dram,micron,36.0,36.0,usd_bn,actual,TF-20260907,,,03_dram_supplier_revenue_share_quarterly.csv,
OBS-01220,2026Q2,Q,dram_revenue_qoq,dram,micron,65.5,65.5,pct,actual,TF-20260907,,,03_dram_supplier_revenue_share_quarterly.csv,
OBS-01221,2026Q2,Q,revenue_share,dram,micron,23.3,23.3,pct,actual,TF-20260907,,,03_dram_supplier_revenue_share_quarterly.csv,
OBS-01222,2026Q2,Q,dram_revenue,dram,nanya,2.612,2.612,usd_bn,actual,TF-20260907,,,03_dram_supplier_revenue_share_quarterly.csv,share computed
OBS-01223,2026Q2,Q,dram_revenue_qoq,dram,nanya,68.3,68.3,pct,actual,TF-20260907,,,03_dram_supplier_revenue_share_quarterly.csv,share computed
OBS-01224,2026Q2,Q,revenue_share,dram,nanya,1.7,1.7,pct,estimate,TF-20260907,,,03_dram_supplier_revenue_share_quarterly.csv,share computed
OBS-01225,2026Q2,Q,dram_revenue,dram,winbond,0.998,0.998,usd_bn,actual,TF-20260907,,,03_dram_supplier_revenue_share_quarterly.csv,share computed
OBS-01226,2026Q2,Q,dram_revenue_qoq,dram,winbond,75.8,75.8,pct,actual,TF-20260907,,,03_dram_supplier_revenue_share_quarterly.csv,share computed
OBS-01227,2026Q2,Q,revenue_share,dram,winbond,0.6,0.6,pct,estimate,TF-20260907,,,03_dram_supplier_revenue_share_quarterly.csv,share computed
OBS-01228,2026Q2,Q,dram_revenue,dram,cxmt,14.7,14.7,usd_bn,estimate,SAMMY-20260918,,,03_dram_supplier_revenue_share_quarterly.csv,secondary source
OBS-01229,2026Q2,Q,revenue_share,dram,cxmt,9.5,9.5,pct,actual,SAMMY-20260918,,,03_dram_supplier_revenue_share_quarterly.csv,secondary source
OBS-01230,2023Q1,Q,datacenter_revenue,ai_accelerator,nvidia,4.3,4.3,usd_bn,actual,VALUEADD-NVDA,,FQ1 FY24,05_demand_proxies_quarterly.csv,rounded to 0.1
OBS-01231,2023Q2,Q,datacenter_revenue,ai_accelerator,nvidia,10.3,10.3,usd_bn,actual,VALUEADD-NVDA,,FQ2 FY24,05_demand_proxies_quarterly.csv,rounded to 0.1
OBS-01232,2023Q3,Q,datacenter_revenue,ai_accelerator,nvidia,14.5,14.5,usd_bn,actual,VALUEADD-NVDA,,FQ3 FY24,05_demand_proxies_quarterly.csv,rounded to 0.1
OBS-01233,2023Q4,Q,datacenter_revenue,ai_accelerator,nvidia,18.4,18.4,usd_bn,actual,VALUEADD-NVDA,,FQ4 FY24,05_demand_proxies_quarterly.csv,rounded to 0.1
OBS-01234,2024Q1,Q,datacenter_revenue,ai_accelerator,nvidia,22.6,22.6,usd_bn,actual,VALUEADD-NVDA,,FQ1 FY25,05_demand_proxies_quarterly.csv,rounded to 0.1
OBS-01235,2024Q2,Q,datacenter_revenue,ai_accelerator,nvidia,26.3,26.3,usd_bn,actual,VALUEADD-NVDA,,FQ2 FY25,05_demand_proxies_quarterly.csv,rounded to 0.1
OBS-01236,2024Q3,Q,datacenter_revenue,ai_accelerator,nvidia,30.8,30.8,usd_bn,actual,VALUEADD-NVDA,,FQ3 FY25,05_demand_proxies_quarterly.csv,rounded to 0.1
OBS-01237,2024Q4,Q,datacenter_revenue,ai_accelerator,nvidia,35.6,35.6,usd_bn,actual,VALUEADD-NVDA,,FQ4 FY25,05_demand_proxies_quarterly.csv,rounded to 0.1
OBS-01238,2025Q1,Q,datacenter_revenue,ai_accelerator,nvidia,39.1,39.1,usd_bn,actual,VALUEADD-NVDA,,FQ1 FY26,05_demand_proxies_quarterly.csv,rounded to 0.1
OBS-01239,2025Q2,Q,datacenter_revenue,ai_accelerator,nvidia,41.1,41.1,usd_bn,actual,NVDA-FQ2FY26,,FQ2 FY26,05_demand_proxies_quarterly.csv,
OBS-01240,2025Q3,Q,datacenter_revenue,ai_accelerator,nvidia,51.2,51.2,usd_bn,actual,NVDA-FQ3FY26,,FQ3 FY26,05_demand_proxies_quarterly.csv,
OBS-01241,2025Q4,Q,datacenter_revenue,ai_accelerator,nvidia,62.3,62.3,usd_bn,actual,NVDA-FQ4FY26,,FQ4 FY26,05_demand_proxies_quarterly.csv,
OBS-01242,2026Q1,Q,datacenter_revenue,ai_accelerator,nvidia,75.2,75.2,usd_bn,actual,NVDA-FQ1FY27,,FQ1 FY27,05_demand_proxies_quarterly.csv,
OBS-01243,2026Q2,Q,datacenter_revenue,ai_accelerator,nvidia,89.0,89.0,usd_bn,actual,NVDA-FQ2FY27,,FQ2 FY27,05_demand_proxies_quarterly.csv,
OBS-01244,2026Q2,Q,shipments,pc,world,68.2,68.2,mn_units,actual,IDC-20260708,,,05_demand_proxies_quarterly.csv,
OBS-01245,2026Q2,Q,shipments_yoy,pc,world,-4.9,-4.9,pct,actual,IDC-20260708,,,05_demand_proxies_quarterly.csv,
OBS-01246,2022Q4,Q,shipments,smartphone,world,300.3,300.3,mn_units,actual,SEMITODAY-20230126,,,05_demand_proxies_quarterly.csv,
OBS-01247,2022Q4,Q,shipments_yoy,smartphone,world,-18.3,-18.3,pct,actual,SEMITODAY-20230126,,,05_demand_proxies_quarterly.csv,
OBS-01248,2022,A,shipments,smartphone,world,1210.0,1210.0,mn_units,actual,SEMITODAY-20230126,,,05_demand_proxies_quarterly.csv,
OBS-01249,2022,A,shipments_yoy,smartphone,world,-11.3,-11.3,pct,actual,SEMITODAY-20230126,,,05_demand_proxies_quarterly.csv,
OBS-01250,2024Q2,Q,shipments,smartphone,world,292.2,292.2,mn_units,actual,IDC-PR-2Q25,,,05_demand_proxies_quarterly.csv,
OBS-01251,2024Q3,Q,shipments,smartphone,world,314.6,314.6,mn_units,actual,IDC-PR-3Q25,,,05_demand_proxies_quarterly.csv,
OBS-01252,2025Q2,Q,shipments,smartphone,world,295.2,295.2,mn_units,actual,IDC-PR-2Q25,,,05_demand_proxies_quarterly.csv,
OBS-01253,2025Q2,Q,shipments_yoy,smartphone,world,1.0,1.0,pct,actual,IDC-PR-2Q25,,,05_demand_proxies_quarterly.csv,
OBS-01254,2025Q3,Q,shipments,smartphone,world,322.7,322.7,mn_units,actual,IDC-PR-3Q25,,,05_demand_proxies_quarterly.csv,
OBS-01255,2025Q3,Q,shipments_yoy,smartphone,world,2.6,2.6,pct,actual,IDC-PR-3Q25,,,05_demand_proxies_quarterly.csv,
OBS-01256,2026Q2,Q,shipments,smartphone,world,276.3,276.3,mn_units,actual,IDC-20260828,,,05_demand_proxies_quarterly.csv,
OBS-01257,2026Q2,Q,shipments_yoy,smartphone,world,-7.4,-7.4,pct,actual,IDC-20260828,,,05_demand_proxies_quarterly.csv,
OBS-01258,2026,A,shipments_yoy,smartphone,world,-16.7,-16.7,pct,forecast,IDC-BLOG-2026FCST,,,05_demand_proxies_quarterly.csv,just over 1 billion units
OBS-01259,2021Q4,Q,dram_revenue,dram,micron,5.6,5.6,usd_bn,actual,MU-FQ1-22,,FQ1-22,06_micron_dram_bits_asp_history.csv,
OBS-01260,2021Q4,Q,dram_revenue_qoq,dram,micron,-8.0,-8.0,pct,actual,MU-FQ1-22,,FQ1-22,06_micron_dram_bits_asp_history.csv,
OBS-01261,2021Q4,Q,bit_qoq,dram,micron,-6.0,-4.0,pct,actual,MU-FQ1-22,declined mid-single-digit %,FQ1-22,06_micron_dram_bits_asp_history.csv,
OBS-01262,2021Q4,Q,asp_qoq,dram,micron,-3.0,-1.0,pct,actual,MU-FQ1-22,declined lower single-digit %,FQ1-22,06_micron_dram_bits_asp_history.csv,
OBS-01263,2022Q1,Q,dram_revenue,dram,micron,5.7,5.7,usd_bn,actual,MU-FQ2-22,,FQ2-22,06_micron_dram_bits_asp_history.csv,
OBS-01264,2022Q1,Q,dram_revenue_qoq,dram,micron,2.0,2.0,pct,actual,MU-FQ2-22,,FQ2-22,06_micron_dram_bits_asp_history.csv,
OBS-01265,2022Q1,Q,bit_qoq,dram,micron,7.0,9.0,pct,actual,MU-FQ2-22,increased high single-digit %,FQ2-22,06_micron_dram_bits_asp_history.csv,
OBS-01266,2022Q1,Q,asp_qoq,dram,micron,-6.0,-4.0,pct,actual,MU-FQ2-22,declined mid single-digit %,FQ2-22,06_micron_dram_bits_asp_history.csv,
OBS-01267,2022Q2,Q,dram_revenue,dram,micron,6.3,6.3,usd_bn,actual,MU-FQ3-22,,FQ3-22,06_micron_dram_bits_asp_history.csv,
OBS-01268,2022Q2,Q,dram_revenue_qoq,dram,micron,10.0,10.0,pct,actual,MU-FQ3-22,,FQ3-22,06_micron_dram_bits_asp_history.csv,
OBS-01269,2022Q2,Q,bit_qoq,dram,micron,10.0,13.0,pct,actual,MU-FQ3-22,increased slightly over 10%,FQ3-22,06_micron_dram_bits_asp_history.csv,
OBS-01270,2022Q2,Q,asp_qoq,dram,micron,-2.0,0.0,pct,actual,MU-FQ3-22,ASPs declined slightly,FQ3-22,06_micron_dram_bits_asp_history.csv,
OBS-01271,2022Q3,Q,dram_revenue,dram,micron,4.8,4.8,usd_bn,actual,MU-FQ4-22,,FQ4-22,06_micron_dram_bits_asp_history.csv,
OBS-01272,2022Q3,Q,dram_revenue_qoq,dram,micron,-23.0,-23.0,pct,actual,MU-FQ4-22,,FQ4-22,06_micron_dram_bits_asp_history.csv,
OBS-01273,2022Q3,Q,bit_qoq,dram,micron,-12.0,-8.0,pct,actual,MU-FQ4-22,decreased roughly 10%,FQ4-22,06_micron_dram_bits_asp_history.csv,
OBS-01274,2022Q3,Q,asp_qoq,dram,micron,-13.0,-10.0,pct,actual,MU-FQ4-22,declined low-teens %,FQ4-22,06_micron_dram_bits_asp_history.csv,
OBS-01275,2022Q4,Q,dram_revenue,dram,micron,2.8,2.8,usd_bn,actual,MU-FQ1-23,,FQ1-23,06_micron_dram_bits_asp_history.csv,
OBS-01276,2022Q4,Q,dram_revenue_qoq,dram,micron,-41.0,-41.0,pct,actual,MU-FQ1-23,,FQ1-23,06_micron_dram_bits_asp_history.csv,
OBS-01277,2022Q4,Q,bit_qoq,dram,micron,-26.0,-24.0,pct,actual,MU-FQ1-23,decreased mid-20% range,FQ1-23,06_micron_dram_bits_asp_history.csv,
OBS-01278,2022Q4,Q,asp_qoq,dram,micron,-23.0,-20.0,pct,actual,MU-FQ1-23,declined low-20% range,FQ1-23,06_micron_dram_bits_asp_history.csv,
OBS-01279,2023Q1,Q,dram_revenue,dram,micron,2.7,2.7,usd_bn,actual,MU-FQ2-23,,FQ2-23,06_micron_dram_bits_asp_history.csv,
OBS-01280,2023Q1,Q,dram_revenue_qoq,dram,micron,-4.0,-4.0,pct,actual,MU-FQ2-23,,FQ2-23,06_micron_dram_bits_asp_history.csv,
OBS-01281,2023Q1,Q,bit_qoq,dram,micron,14.0,16.0,pct,actual,MU-FQ2-23,increased mid-teens %,FQ2-23,06_micron_dram_bits_asp_history.csv,
OBS-01282,2023Q1,Q,asp_qoq,dram,micron,-22.0,-18.0,pct,actual,MU-FQ2-23,declined approximately 20%,FQ2-23,06_micron_dram_bits_asp_history.csv,
OBS-01283,2023Q2,Q,dram_revenue,dram,micron,2.7,2.7,usd_bn,actual,MU-FQ3-23,,FQ3-23,06_micron_dram_bits_asp_history.csv,
OBS-01284,2023Q2,Q,dram_revenue_qoq,dram,micron,-2.0,-2.0,pct,actual,MU-FQ3-23,,FQ3-23,06_micron_dram_bits_asp_history.csv,
OBS-01285,2023Q2,Q,bit_qoq,dram,micron,8.0,12.0,pct,actual,MU-FQ3-23,increased in the 10% range,FQ3-23,06_micron_dram_bits_asp_history.csv,
OBS-01286,2023Q2,Q,asp_qoq,dram,micron,-12.0,-8.0,pct,actual,MU-FQ3-23,declined approximately 10%,FQ3-23,06_micron_dram_bits_asp_history.csv,
OBS-01287,2023Q3,Q,dram_revenue,dram,micron,2.8,2.8,usd_bn,actual,MU-FQ4-23,,FQ4-23,06_micron_dram_bits_asp_history.csv,
OBS-01288,2023Q3,Q,dram_revenue_qoq,dram,micron,3.0,3.0,pct,actual,MU-FQ4-23,,FQ4-23,06_micron_dram_bits_asp_history.csv,
OBS-01289,2023Q3,Q,bit_qoq,dram,micron,14.0,16.0,pct,actual,MU-FQ4-23,increased mid-teens %,FQ4-23,06_micron_dram_bits_asp_history.csv,
OBS-01290,2023Q3,Q,asp_qoq,dram,micron,-9.0,-7.0,pct,actual,MU-FQ4-23,declined high single-digit %,FQ4-23,06_micron_dram_bits_asp_history.csv,
OBS-01291,2023Q4,Q,dram_revenue,dram,micron,3.4,3.4,usd_bn,actual,MU-FQ1-24,,FQ1-24,06_micron_dram_bits_asp_history.csv,
OBS-01292,2023Q4,Q,dram_revenue_qoq,dram,micron,24.0,24.0,pct,actual,MU-FQ1-24,,FQ1-24,06_micron_dram_bits_asp_history.csv,
OBS-01293,2023Q4,Q,bit_qoq,dram,micron,20.0,23.0,pct,actual,MU-FQ1-24,increased low-20s %,FQ1-24,06_micron_dram_bits_asp_history.csv,
OBS-01294,2023Q4,Q,asp_qoq,dram,micron,1.0,3.0,pct,actual,MU-FQ1-24,increased low single-digit %,FQ1-24,06_micron_dram_bits_asp_history.csv,
OBS-01295,2024Q1,Q,dram_revenue,dram,micron,4.2,4.2,usd_bn,actual,MU-FQ2-24,,FQ2-24,06_micron_dram_bits_asp_history.csv,
OBS-01296,2024Q1,Q,dram_revenue_qoq,dram,micron,21.0,21.0,pct,actual,MU-FQ2-24,,FQ2-24,06_micron_dram_bits_asp_history.csv,
OBS-01297,2024Q1,Q,bit_qoq,dram,micron,1.0,3.0,pct,actual,MU-FQ2-24,increased low single-digit %,FQ2-24,06_micron_dram_bits_asp_history.csv,
OBS-01298,2024Q1,Q,asp_qoq,dram,micron,17.0,19.0,pct,actual,MU-FQ2-24,increased high teens %,FQ2-24,06_micron_dram_bits_asp_history.csv,
OBS-01299,2024Q2,Q,dram_revenue,dram,micron,4.7,4.7,usd_bn,actual,MU-FQ3-24,,FQ3-24,06_micron_dram_bits_asp_history.csv,
OBS-01300,2024Q2,Q,dram_revenue_qoq,dram,micron,13.0,13.0,pct,actual,MU-FQ3-24,,FQ3-24,06_micron_dram_bits_asp_history.csv,
OBS-01301,2024Q2,Q,bit_qoq,dram,micron,-6.0,-4.0,pct,actual,MU-FQ3-24,declined mid-single-digit %,FQ3-24,06_micron_dram_bits_asp_history.csv,
OBS-01302,2024Q2,Q,asp_qoq,dram,micron,18.0,22.0,pct,actual,MU-FQ3-24,increased approximately 20%,FQ3-24,06_micron_dram_bits_asp_history.csv,
OBS-01303,2024Q3,Q,dram_revenue,dram,micron,5.3,5.3,usd_bn,actual,MU-FQ4-24,,FQ4-24,06_micron_dram_bits_asp_history.csv,
OBS-01304,2024Q3,Q,dram_revenue_qoq,dram,micron,14.0,14.0,pct,actual,MU-FQ4-24,,FQ4-24,06_micron_dram_bits_asp_history.csv,
OBS-01305,2024Q3,Q,bit_qoq,dram,micron,-1.0,1.0,pct,actual,MU-FQ4-24,flattish,FQ4-24,06_micron_dram_bits_asp_history.csv,
OBS-01306,2024Q3,Q,asp_qoq,dram,micron,14.0,16.0,pct,actual,MU-FQ4-24,increased mid-teens %,FQ4-24,06_micron_dram_bits_asp_history.csv,
OBS-01307,2024Q4,Q,dram_revenue,dram,micron,6.4,6.4,usd_bn,actual,MU-FQ1-25,,FQ1-25,06_micron_dram_bits_asp_history.csv,
OBS-01308,2024Q4,Q,dram_revenue_qoq,dram,micron,20.0,20.0,pct,actual,MU-FQ1-25,,FQ1-25,06_micron_dram_bits_asp_history.csv,
OBS-01309,2024Q4,Q,bit_qoq,dram,micron,10.0,13.0,pct,actual,MU-FQ1-25,increased low double-digit %,FQ1-25,06_micron_dram_bits_asp_history.csv,
OBS-01310,2024Q4,Q,asp_qoq,dram,micron,7.0,9.0,pct,actual,MU-FQ1-25,increased high single-digit %,FQ1-25,06_micron_dram_bits_asp_history.csv,
OBS-01311,2025Q1,Q,dram_revenue,dram,micron,6.1,6.1,usd_bn,actual,MU-FQ2-25,,FQ2-25,06_micron_dram_bits_asp_history.csv,
OBS-01312,2025Q1,Q,dram_revenue_qoq,dram,micron,-4.0,-4.0,pct,actual,MU-FQ2-25,,FQ2-25,06_micron_dram_bits_asp_history.csv,
OBS-01313,2025Q1,Q,bit_qoq,dram,micron,-9.0,-7.0,pct,actual,MU-FQ2-25,decreased high single-digit %,FQ2-25,06_micron_dram_bits_asp_history.csv,
OBS-01314,2025Q1,Q,asp_qoq,dram,micron,4.0,6.0,pct,actual,MU-FQ2-25,increased mid-single-digit %,FQ2-25,06_micron_dram_bits_asp_history.csv,
OBS-01315,2025Q2,Q,dram_revenue,dram,micron,7.1,7.1,usd_bn,actual,MU-FQ3-25,,FQ3-25,06_micron_dram_bits_asp_history.csv,
OBS-01316,2025Q2,Q,dram_revenue_qoq,dram,micron,15.0,15.0,pct,actual,MU-FQ3-25,,FQ3-25,06_micron_dram_bits_asp_history.csv,
OBS-01317,2025Q2,Q,bit_qoq,dram,micron,20.0,23.0,pct,actual,MU-FQ3-25,increased over 20%,FQ3-25,06_micron_dram_bits_asp_history.csv,
OBS-01318,2025Q2,Q,asp_qoq,dram,micron,-3.0,-1.0,pct,actual,MU-FQ3-25,decreased low single-digit %,FQ3-25,06_micron_dram_bits_asp_history.csv,
OBS-01319,2025Q3,Q,dram_revenue,dram,micron,9.0,9.0,usd_bn,actual,MU-FQ4-25,,FQ4-25,06_micron_dram_bits_asp_history.csv,
OBS-01320,2025Q3,Q,dram_revenue_qoq,dram,micron,27.0,27.0,pct,actual,MU-FQ4-25,,FQ4-25,06_micron_dram_bits_asp_history.csv,
OBS-01321,2025Q3,Q,bit_qoq,dram,micron,10.0,13.0,pct,actual,MU-FQ4-25,increased low-teens %,FQ4-25,06_micron_dram_bits_asp_history.csv,
OBS-01322,2025Q3,Q,asp_qoq,dram,micron,10.0,13.0,pct,actual,MU-FQ4-25,increased low-double-digit %,FQ4-25,06_micron_dram_bits_asp_history.csv,
OBS-01323,2025Q4,Q,dram_revenue,dram,micron,10.8,10.8,usd_bn,actual,MU-FQ1-26,,FQ1-26,06_micron_dram_bits_asp_history.csv,
OBS-01324,2025Q4,Q,dram_revenue_qoq,dram,micron,20.0,20.0,pct,actual,MU-FQ1-26,,FQ1-26,06_micron_dram_bits_asp_history.csv,
OBS-01325,2025Q4,Q,bit_qoq,dram,micron,0.0,2.0,pct,actual,MU-FQ1-26,up slightly,FQ1-26,06_micron_dram_bits_asp_history.csv,
OBS-01326,2025Q4,Q,asp_qoq,dram,micron,18.0,22.0,pct,actual,MU-FQ1-26,increased approximately 20%,FQ1-26,06_micron_dram_bits_asp_history.csv,
OBS-01327,2026Q1,Q,dram_revenue,dram,micron,18.8,18.8,usd_bn,actual,MU-FQ2-26,,FQ2-26,06_micron_dram_bits_asp_history.csv,
OBS-01328,2026Q1,Q,dram_revenue_qoq,dram,micron,74.0,74.0,pct,actual,MU-FQ2-26,,FQ2-26,06_micron_dram_bits_asp_history.csv,
OBS-01329,2026Q1,Q,bit_qoq,dram,micron,4.0,6.0,pct,actual,MU-FQ2-26,increased mid-single-digit %,FQ2-26,06_micron_dram_bits_asp_history.csv,
OBS-01330,2026Q1,Q,asp_qoq,dram,micron,64.0,66.0,pct,actual,MU-FQ2-26,increased mid-60s %,FQ2-26,06_micron_dram_bits_asp_history.csv,
OBS-01331,2026Q2,Q,dram_revenue,dram,micron,31.3,31.3,usd_bn,actual,MU-FQ3-26,,FQ3-26,06_micron_dram_bits_asp_history.csv,
OBS-01332,2026Q2,Q,dram_revenue_qoq,dram,micron,67.0,67.0,pct,actual,MU-FQ3-26,,FQ3-26,06_micron_dram_bits_asp_history.csv,
OBS-01333,2026Q2,Q,bit_qoq,dram,micron,1.0,3.0,pct,actual,MU-FQ3-26,increased low-single-digit %,FQ3-26,06_micron_dram_bits_asp_history.csv,
OBS-01334,2026Q2,Q,asp_qoq,dram,micron,60.0,63.0,pct,actual,MU-FQ3-26,increased low-60s %,FQ3-26,06_micron_dram_bits_asp_history.csv,
OBS-01335,2023Q2,Q,bit_qoq,dram,skhynix,34.0,36.0,pct,actual,SKH-2Q23,grew mid-30%,,07_skhynix_dram_bits_asp_history.csv,
OBS-01336,2023Q2,Q,asp_qoq,dram,skhynix,7.0,9.0,pct,actual,SKH-2Q23,rose high single-digit %,,07_skhynix_dram_bits_asp_history.csv,
OBS-01337,2023Q3,Q,bit_qoq,dram,skhynix,18.0,22.0,pct,actual,SKH-3Q23,increased approximately 20%,,07_skhynix_dram_bits_asp_history.csv,
OBS-01338,2023Q3,Q,asp_qoq,dram,skhynix,8.0,12.0,pct,actual,SKH-3Q23,rose around 10%,,07_skhynix_dram_bits_asp_history.csv,
OBS-01339,2023Q4,Q,bit_qoq,dram,skhynix,1.0,3.0,pct,actual,SKH-4Q23,low single-digit increase,,07_skhynix_dram_bits_asp_history.csv,
OBS-01340,2023Q4,Q,asp_qoq,dram,skhynix,17.0,19.0,pct,actual,SKH-4Q23,rose high-teen %,,07_skhynix_dram_bits_asp_history.csv,
OBS-01341,2024Q1,Q,bit_qoq,dram,skhynix,-17.0,-13.0,pct,estimate,SKH-1Q24,decreased (transcript reads 'mid-2%'),,07_skhynix_dram_bits_asp_history.csv,TrendForce 매출 증감 +2.7%와 ASP +21%로 역산
OBS-01342,2024Q1,Q,asp_qoq,dram,skhynix,20.0,23.0,pct,actual,SKH-1Q24,increased over 20%,,07_skhynix_dram_bits_asp_history.csv,
OBS-01343,2024Q2,Q,bit_qoq,dram,skhynix,20.0,23.0,pct,actual,SKH-2Q24,grew low-20%,,07_skhynix_dram_bits_asp_history.csv,
OBS-01344,2024Q2,Q,asp_qoq,dram,skhynix,14.0,16.0,pct,actual,SKH-2Q24,rose mid-teen %,,07_skhynix_dram_bits_asp_history.csv,
OBS-01345,2024Q3,Q,bit_qoq,dram,skhynix,-2.0,0.0,pct,actual,SKH-3Q24,slight decrease,,07_skhynix_dram_bits_asp_history.csv,
OBS-01346,2024Q3,Q,asp_qoq,dram,skhynix,14.0,16.0,pct,actual,SKH-3Q24,rose mid-teen %,,07_skhynix_dram_bits_asp_history.csv,
OBS-01347,2024Q4,Q,bit_qoq,dram,skhynix,4.0,6.0,pct,actual,SKH-4Q24,mid-single-digit increase,,07_skhynix_dram_bits_asp_history.csv,
OBS-01348,2024Q4,Q,asp_qoq,dram,skhynix,8.0,12.0,pct,actual,SKH-4Q24,rose approximately 10%,,07_skhynix_dram_bits_asp_history.csv,
OBS-01349,2025Q1,Q,bit_qoq,dram,skhynix,-9.0,-7.0,pct,actual,SKH-1Q25,decreased high single-digit %,,07_skhynix_dram_bits_asp_history.csv,
OBS-01350,2025Q1,Q,asp_qoq,dram,skhynix,-1.0,1.0,pct,actual,SKH-1Q25,flat,,07_skhynix_dram_bits_asp_history.csv,
OBS-01351,2025Q2,Q,bit_qoq,dram,skhynix,24.0,26.0,pct,actual,SKH-2Q25,grew mid-20%,,07_skhynix_dram_bits_asp_history.csv,
OBS-01352,2025Q2,Q,asp_qoq,dram,skhynix,1.0,3.0,pct,actual,SKH-2Q25,rose low single-digit %,,07_skhynix_dram_bits_asp_history.csv,
OBS-01353,2025Q3,Q,bit_qoq,dram,skhynix,7.0,9.0,pct,actual,SKH-3Q25,increased high single-digit %,,07_skhynix_dram_bits_asp_history.csv,
OBS-01354,2025Q3,Q,asp_qoq,dram,skhynix,4.0,6.0,pct,actual,SKH-3Q25,rose mid-single-digit %,,07_skhynix_dram_bits_asp_history.csv,
OBS-01355,2025Q4,Q,bit_qoq,dram,skhynix,1.0,3.0,pct,actual,SKH-4Q25,grew low single-digit %,,07_skhynix_dram_bits_asp_history.csv,
OBS-01356,2025Q4,Q,asp_qoq,dram,skhynix,20.0,20.0,pct,actual,SKH-4Q25,rose 20%,,07_skhynix_dram_bits_asp_history.csv,
OBS-01357,2026Q1,Q,bit_qoq,dram,skhynix,-1.0,1.0,pct,actual,SKH-1Q26,flat,,07_skhynix_dram_bits_asp_history.csv,
OBS-01358,2026Q1,Q,asp_qoq,dram,skhynix,64.0,66.0,pct,actual,SKH-1Q26,rose mid-60%,,07_skhynix_dram_bits_asp_history.csv,
OBS-01359,2026Q2,Q,bit_qoq,dram,skhynix,7.0,9.0,pct,actual,SKH-2Q26,increased high single-digit %,,07_skhynix_dram_bits_asp_history.csv,
OBS-01360,2026Q2,Q,asp_qoq,dram,skhynix,28.0,32.0,pct,actual,SKH-2Q26,rose approximately 30%,,07_skhynix_dram_bits_asp_history.csv,
OBS-01361,2026Q3,Q,bit_qoq,dram,skhynix,8.0,12.0,pct,forecast,SKH-2Q26-SUMMARY,about 10% increase (guidance),,07_skhynix_dram_bits_asp_history.csv,
OBS-01362,2019Q1,Q,capex_cash,company_total,alphabet,4.64,4.64,usd_bn,actual,SEC-XBRL,,,16_hyperscaler_capex_quarterly.csv,tag=PaymentsToAcquirePropertyPlantAndEquipment; 금융리스 제외
OBS-01363,2019Q2,Q,capex_cash,company_total,alphabet,6.13,6.13,usd_bn,actual,SEC-XBRL,,,16_hyperscaler_capex_quarterly.csv,tag=PaymentsToAcquirePropertyPlantAndEquipment; 금융리스 제외
OBS-01364,2019Q3,Q,capex_cash,company_total,alphabet,6.73,6.73,usd_bn,actual,SEC-XBRL,,,16_hyperscaler_capex_quarterly.csv,tag=PaymentsToAcquirePropertyPlantAndEquipment; 금융리스 제외
OBS-01365,2019Q4,Q,capex_cash,company_total,alphabet,6.05,6.05,usd_bn,actual,SEC-XBRL,,,16_hyperscaler_capex_quarterly.csv,tag=PaymentsToAcquirePropertyPlantAndEquipment; 금융리스 제외
OBS-01366,2020Q1,Q,capex_cash,company_total,alphabet,6.0,6.0,usd_bn,actual,SEC-XBRL,,,16_hyperscaler_capex_quarterly.csv,tag=PaymentsToAcquirePropertyPlantAndEquipment; 금융리스 제외
OBS-01367,2020Q2,Q,capex_cash,company_total,alphabet,5.39,5.39,usd_bn,actual,SEC-XBRL,,,16_hyperscaler_capex_quarterly.csv,tag=PaymentsToAcquirePropertyPlantAndEquipment; 금융리스 제외
OBS-01368,2020Q3,Q,capex_cash,company_total,alphabet,5.41,5.41,usd_bn,actual,SEC-XBRL,,,16_hyperscaler_capex_quarterly.csv,tag=PaymentsToAcquirePropertyPlantAndEquipment; 금융리스 제외
OBS-01369,2020Q4,Q,capex_cash,company_total,alphabet,5.48,5.48,usd_bn,actual,SEC-XBRL,,,16_hyperscaler_capex_quarterly.csv,tag=PaymentsToAcquirePropertyPlantAndEquipment; 금융리스 제외
OBS-01370,2021Q1,Q,capex_cash,company_total,alphabet,5.94,5.94,usd_bn,actual,SEC-XBRL,,,16_hyperscaler_capex_quarterly.csv,tag=PaymentsToAcquirePropertyPlantAndEquipment; 금융리스 제외
OBS-01371,2021Q2,Q,capex_cash,company_total,alphabet,5.5,5.5,usd_bn,actual,SEC-XBRL,,,16_hyperscaler_capex_quarterly.csv,tag=PaymentsToAcquirePropertyPlantAndEquipment; 금융리스 제외
OBS-01372,2021Q3,Q,capex_cash,company_total,alphabet,6.82,6.82,usd_bn,actual,SEC-XBRL,,,16_hyperscaler_capex_quarterly.csv,tag=PaymentsToAcquirePropertyPlantAndEquipment; 금융리스 제외
OBS-01373,2021Q4,Q,capex_cash,company_total,alphabet,6.38,6.38,usd_bn,actual,SEC-XBRL,,,16_hyperscaler_capex_quarterly.csv,tag=PaymentsToAcquirePropertyPlantAndEquipment; 금융리스 제외
OBS-01374,2022Q1,Q,capex_cash,company_total,alphabet,9.79,9.79,usd_bn,actual,SEC-XBRL,,,16_hyperscaler_capex_quarterly.csv,tag=PaymentsToAcquirePropertyPlantAndEquipment; 금융리스 제외
OBS-01375,2022Q2,Q,capex_cash,company_total,alphabet,6.83,6.83,usd_bn,actual,SEC-XBRL,,,16_hyperscaler_capex_quarterly.csv,tag=PaymentsToAcquirePropertyPlantAndEquipment; 금융리스 제외
OBS-01376,2022Q3,Q,capex_cash,company_total,alphabet,7.28,7.28,usd_bn,actual,SEC-XBRL,,,16_hyperscaler_capex_quarterly.csv,tag=PaymentsToAcquirePropertyPlantAndEquipment; 금융리스 제외
OBS-01377,2022Q4,Q,capex_cash,company_total,alphabet,7.59,7.59,usd_bn,actual,SEC-XBRL,,,16_hyperscaler_capex_quarterly.csv,tag=PaymentsToAcquirePropertyPlantAndEquipment; 금융리스 제외
OBS-01378,2023Q1,Q,capex_cash,company_total,alphabet,6.29,6.29,usd_bn,actual,SEC-XBRL,,,16_hyperscaler_capex_quarterly.csv,tag=PaymentsToAcquirePropertyPlantAndEquipment; 금융리스 제외
OBS-01379,2023Q2,Q,capex_cash,company_total,alphabet,6.89,6.89,usd_bn,actual,SEC-XBRL,,,16_hyperscaler_capex_quarterly.csv,tag=PaymentsToAcquirePropertyPlantAndEquipment; 금융리스 제외
OBS-01380,2023Q3,Q,capex_cash,company_total,alphabet,8.05,8.05,usd_bn,actual,SEC-XBRL,,,16_hyperscaler_capex_quarterly.csv,tag=PaymentsToAcquirePropertyPlantAndEquipment; 금융리스 제외
OBS-01381,2023Q4,Q,capex_cash,company_total,alphabet,11.02,11.02,usd_bn,actual,SEC-XBRL,,,16_hyperscaler_capex_quarterly.csv,tag=PaymentsToAcquirePropertyPlantAndEquipment; 금융리스 제외
OBS-01382,2024Q1,Q,capex_cash,company_total,alphabet,12.01,12.01,usd_bn,actual,SEC-XBRL,,,16_hyperscaler_capex_quarterly.csv,tag=PaymentsToAcquirePropertyPlantAndEquipment; 금융리스 제외
OBS-01383,2024Q2,Q,capex_cash,company_total,alphabet,13.19,13.19,usd_bn,actual,SEC-XBRL,,,16_hyperscaler_capex_quarterly.csv,tag=PaymentsToAcquirePropertyPlantAndEquipment; 금융리스 제외
OBS-01384,2024Q3,Q,capex_cash,company_total,alphabet,13.06,13.06,usd_bn,actual,SEC-XBRL,,,16_hyperscaler_capex_quarterly.csv,tag=PaymentsToAcquirePropertyPlantAndEquipment; 금융리스 제외
OBS-01385,2024Q4,Q,capex_cash,company_total,alphabet,14.28,14.28,usd_bn,actual,SEC-XBRL,,,16_hyperscaler_capex_quarterly.csv,tag=PaymentsToAcquirePropertyPlantAndEquipment; 금융리스 제외
OBS-01386,2025Q1,Q,capex_cash,company_total,alphabet,17.2,17.2,usd_bn,actual,SEC-XBRL,,,16_hyperscaler_capex_quarterly.csv,tag=PaymentsToAcquirePropertyPlantAndEquipment; 금융리스 제외
OBS-01387,2025Q2,Q,capex_cash,company_total,alphabet,22.45,22.45,usd_bn,actual,SEC-XBRL,,,16_hyperscaler_capex_quarterly.csv,tag=PaymentsToAcquirePropertyPlantAndEquipment; 금융리스 제외
OBS-01388,2025Q3,Q,capex_cash,company_total,alphabet,23.95,23.95,usd_bn,actual,SEC-XBRL,,,16_hyperscaler_capex_quarterly.csv,tag=PaymentsToAcquirePropertyPlantAndEquipment; 금융리스 제외
OBS-01389,2025Q4,Q,capex_cash,company_total,alphabet,27.85,27.85,usd_bn,actual,SEC-XBRL,,,16_hyperscaler_capex_quarterly.csv,tag=PaymentsToAcquirePropertyPlantAndEquipment; 금융리스 제외
OBS-01390,2026Q1,Q,capex_cash,company_total,alphabet,35.67,35.67,usd_bn,actual,SEC-XBRL,,,16_hyperscaler_capex_quarterly.csv,tag=PaymentsToAcquirePropertyPlantAndEquipment; 금융리스 제외
OBS-01391,2026Q2,Q,capex_cash,company_total,alphabet,44.92,44.92,usd_bn,actual,SEC-XBRL,,,16_hyperscaler_capex_quarterly.csv,tag=PaymentsToAcquirePropertyPlantAndEquipment; 금융리스 제외
OBS-01392,2019Q1,Q,capex_cash,company_total,amazon,3.29,3.29,usd_bn,actual,SEC-XBRL,,,16_hyperscaler_capex_quarterly.csv,tag=PaymentsToAcquireProductiveAssets; 금융리스 제외
OBS-01393,2019Q2,Q,capex_cash,company_total,amazon,3.56,3.56,usd_bn,actual,SEC-XBRL,,,16_hyperscaler_capex_quarterly.csv,tag=PaymentsToAcquireProductiveAssets; 금융리스 제외
OBS-01394,2019Q3,Q,capex_cash,company_total,amazon,4.7,4.7,usd_bn,actual,SEC-XBRL,,,16_hyperscaler_capex_quarterly.csv,tag=PaymentsToAcquireProductiveAssets; 금융리스 제외
OBS-01395,2019Q4,Q,capex_cash,company_total,amazon,5.31,5.31,usd_bn,actual,SEC-XBRL,,,16_hyperscaler_capex_quarterly.csv,tag=PaymentsToAcquireProductiveAssets; 금융리스 제외
OBS-01396,2020Q1,Q,capex_cash,company_total,amazon,6.79,6.79,usd_bn,actual,SEC-XBRL,,,16_hyperscaler_capex_quarterly.csv,tag=PaymentsToAcquireProductiveAssets; 금융리스 제외
OBS-01397,2020Q2,Q,capex_cash,company_total,amazon,7.46,7.46,usd_bn,actual,SEC-XBRL,,,16_hyperscaler_capex_quarterly.csv,tag=PaymentsToAcquireProductiveAssets; 금융리스 제외
OBS-01398,2020Q3,Q,capex_cash,company_total,amazon,11.06,11.06,usd_bn,actual,SEC-XBRL,,,16_hyperscaler_capex_quarterly.csv,tag=PaymentsToAcquireProductiveAssets; 금융리스 제외
OBS-01399,2020Q4,Q,capex_cash,company_total,amazon,14.82,14.82,usd_bn,actual,SEC-XBRL,,,16_hyperscaler_capex_quarterly.csv,tag=PaymentsToAcquireProductiveAssets; 금융리스 제외
OBS-01400,2021Q1,Q,capex_cash,company_total,amazon,12.08,12.08,usd_bn,actual,SEC-XBRL,,,16_hyperscaler_capex_quarterly.csv,tag=PaymentsToAcquireProductiveAssets; 금융리스 제외
OBS-01401,2021Q2,Q,capex_cash,company_total,amazon,14.29,14.29,usd_bn,actual,SEC-XBRL,,,16_hyperscaler_capex_quarterly.csv,tag=PaymentsToAcquireProductiveAssets; 금융리스 제외
OBS-01402,2021Q3,Q,capex_cash,company_total,amazon,15.75,15.75,usd_bn,actual,SEC-XBRL,,,16_hyperscaler_capex_quarterly.csv,tag=PaymentsToAcquireProductiveAssets; 금융리스 제외
OBS-01403,2021Q4,Q,capex_cash,company_total,amazon,18.93,18.93,usd_bn,actual,SEC-XBRL,,,16_hyperscaler_capex_quarterly.csv,tag=PaymentsToAcquireProductiveAssets; 금융리스 제외
OBS-01404,2022Q1,Q,capex_cash,company_total,amazon,14.95,14.95,usd_bn,actual,SEC-XBRL,,,16_hyperscaler_capex_quarterly.csv,tag=PaymentsToAcquireProductiveAssets; 금융리스 제외
OBS-01405,2022Q2,Q,capex_cash,company_total,amazon,15.72,15.72,usd_bn,actual,SEC-XBRL,,,16_hyperscaler_capex_quarterly.csv,tag=PaymentsToAcquireProductiveAssets; 금융리스 제외
OBS-01406,2022Q3,Q,capex_cash,company_total,amazon,16.38,16.38,usd_bn,actual,SEC-XBRL,,,16_hyperscaler_capex_quarterly.csv,tag=PaymentsToAcquireProductiveAssets; 금융리스 제외
OBS-01407,2022Q4,Q,capex_cash,company_total,amazon,16.59,16.59,usd_bn,actual,SEC-XBRL,,,16_hyperscaler_capex_quarterly.csv,tag=PaymentsToAcquireProductiveAssets; 금융리스 제외
OBS-01408,2023Q1,Q,capex_cash,company_total,amazon,14.21,14.21,usd_bn,actual,SEC-XBRL,,,16_hyperscaler_capex_quarterly.csv,tag=PaymentsToAcquireProductiveAssets; 금융리스 제외
OBS-01409,2023Q2,Q,capex_cash,company_total,amazon,11.46,11.46,usd_bn,actual,SEC-XBRL,,,16_hyperscaler_capex_quarterly.csv,tag=PaymentsToAcquireProductiveAssets; 금융리스 제외
OBS-01410,2023Q3,Q,capex_cash,company_total,amazon,12.48,12.48,usd_bn,actual,SEC-XBRL,,,16_hyperscaler_capex_quarterly.csv,tag=PaymentsToAcquireProductiveAssets; 금융리스 제외
OBS-01411,2023Q4,Q,capex_cash,company_total,amazon,14.59,14.59,usd_bn,actual,SEC-XBRL,,,16_hyperscaler_capex_quarterly.csv,tag=PaymentsToAcquireProductiveAssets; 금융리스 제외
OBS-01412,2024Q1,Q,capex_cash,company_total,amazon,14.93,14.93,usd_bn,actual,SEC-XBRL,,,16_hyperscaler_capex_quarterly.csv,tag=PaymentsToAcquireProductiveAssets; 금융리스 제외
OBS-01413,2024Q2,Q,capex_cash,company_total,amazon,17.62,17.62,usd_bn,actual,SEC-XBRL,,,16_hyperscaler_capex_quarterly.csv,tag=PaymentsToAcquireProductiveAssets; 금융리스 제외
OBS-01414,2024Q3,Q,capex_cash,company_total,amazon,22.62,22.62,usd_bn,actual,SEC-XBRL,,,16_hyperscaler_capex_quarterly.csv,tag=PaymentsToAcquireProductiveAssets; 금융리스 제외
OBS-01415,2024Q4,Q,capex_cash,company_total,amazon,27.83,27.83,usd_bn,actual,SEC-XBRL,,,16_hyperscaler_capex_quarterly.csv,tag=PaymentsToAcquireProductiveAssets; 금융리스 제외
OBS-01416,2025Q1,Q,capex_cash,company_total,amazon,25.02,25.02,usd_bn,actual,SEC-XBRL,,,16_hyperscaler_capex_quarterly.csv,tag=PaymentsToAcquireProductiveAssets; 금융리스 제외
OBS-01417,2025Q2,Q,capex_cash,company_total,amazon,32.18,32.18,usd_bn,actual,SEC-XBRL,,,16_hyperscaler_capex_quarterly.csv,tag=PaymentsToAcquireProductiveAssets; 금융리스 제외
OBS-01418,2025Q3,Q,capex_cash,company_total,amazon,35.09,35.09,usd_bn,actual,SEC-XBRL,,,16_hyperscaler_capex_quarterly.csv,tag=PaymentsToAcquireProductiveAssets; 금융리스 제외
OBS-01419,2025Q4,Q,capex_cash,company_total,amazon,39.52,39.52,usd_bn,actual,SEC-XBRL,,,16_hyperscaler_capex_quarterly.csv,tag=PaymentsToAcquireProductiveAssets; 금융리스 제외
OBS-01420,2026Q1,Q,capex_cash,company_total,amazon,44.2,44.2,usd_bn,actual,SEC-XBRL,,,16_hyperscaler_capex_quarterly.csv,tag=PaymentsToAcquireProductiveAssets; 금융리스 제외
OBS-01421,2026Q2,Q,capex_cash,company_total,amazon,54.21,54.21,usd_bn,actual,SEC-XBRL,,,16_hyperscaler_capex_quarterly.csv,tag=PaymentsToAcquireProductiveAssets; 금융리스 제외
OBS-01422,2019Q1,Q,capex_cash,company_total,meta,3.84,3.84,usd_bn,actual,SEC-XBRL,,,16_hyperscaler_capex_quarterly.csv,tag=PaymentsToAcquirePropertyPlantAndEquipment; 금융리스 제외
OBS-01423,2019Q2,Q,capex_cash,company_total,meta,3.63,3.63,usd_bn,actual,SEC-XBRL,,,16_hyperscaler_capex_quarterly.csv,tag=PaymentsToAcquirePropertyPlantAndEquipment; 금융리스 제외
OBS-01424,2019Q3,Q,capex_cash,company_total,meta,3.53,3.53,usd_bn,actual,SEC-XBRL,,,16_hyperscaler_capex_quarterly.csv,tag=PaymentsToAcquirePropertyPlantAndEquipment; 금융리스 제외
OBS-01425,2019Q4,Q,capex_cash,company_total,meta,4.1,4.1,usd_bn,actual,SEC-XBRL,,,16_hyperscaler_capex_quarterly.csv,tag=PaymentsToAcquirePropertyPlantAndEquipment; 금융리스 제외
OBS-01426,2020Q1,Q,capex_cash,company_total,meta,3.56,3.56,usd_bn,actual,SEC-XBRL,,,16_hyperscaler_capex_quarterly.csv,tag=PaymentsToAcquirePropertyPlantAndEquipment; 금융리스 제외
OBS-01427,2020Q2,Q,capex_cash,company_total,meta,3.25,3.25,usd_bn,actual,SEC-XBRL,,,16_hyperscaler_capex_quarterly.csv,tag=PaymentsToAcquirePropertyPlantAndEquipment; 금융리스 제외
OBS-01428,2020Q3,Q,capex_cash,company_total,meta,3.69,3.69,usd_bn,actual,SEC-XBRL,,,16_hyperscaler_capex_quarterly.csv,tag=PaymentsToAcquirePropertyPlantAndEquipment; 금융리스 제외
OBS-01429,2020Q4,Q,capex_cash,company_total,meta,4.66,4.66,usd_bn,actual,SEC-XBRL,,,16_hyperscaler_capex_quarterly.csv,tag=PaymentsToAcquirePropertyPlantAndEquipment; 금융리스 제외
OBS-01430,2021Q1,Q,capex_cash,company_total,meta,4.3,4.3,usd_bn,actual,SEC-XBRL,,,16_hyperscaler_capex_quarterly.csv,tag=PaymentsToAcquirePropertyPlantAndEquipment; 금융리스 제외
OBS-01431,2021Q2,Q,capex_cash,company_total,meta,4.64,4.64,usd_bn,actual,SEC-XBRL,,,16_hyperscaler_capex_quarterly.csv,tag=PaymentsToAcquirePropertyPlantAndEquipment; 금융리스 제외
OBS-01432,2021Q3,Q,capex_cash,company_total,meta,4.35,4.35,usd_bn,actual,SEC-XBRL,,,16_hyperscaler_capex_quarterly.csv,tag=PaymentsToAcquirePropertyPlantAndEquipment; 금융리스 제외
OBS-01433,2021Q4,Q,capex_cash,company_total,meta,5.4,5.4,usd_bn,actual,SEC-XBRL,,,16_hyperscaler_capex_quarterly.csv,tag=PaymentsToAcquirePropertyPlantAndEquipment; 금융리스 제외
OBS-01434,2022Q1,Q,capex_cash,company_total,meta,5.44,5.44,usd_bn,actual,SEC-XBRL,,,16_hyperscaler_capex_quarterly.csv,tag=PaymentsToAcquirePropertyPlantAndEquipment; 금융리스 제외
OBS-01435,2022Q2,Q,capex_cash,company_total,meta,7.57,7.57,usd_bn,actual,SEC-XBRL,,,16_hyperscaler_capex_quarterly.csv,tag=PaymentsToAcquirePropertyPlantAndEquipment; 금융리스 제외
OBS-01436,2022Q3,Q,capex_cash,company_total,meta,9.38,9.38,usd_bn,actual,SEC-XBRL,,,16_hyperscaler_capex_quarterly.csv,tag=PaymentsToAcquirePropertyPlantAndEquipment; 금융리스 제외
OBS-01437,2022Q4,Q,capex_cash,company_total,meta,8.8,8.8,usd_bn,actual,SEC-XBRL,,,16_hyperscaler_capex_quarterly.csv,tag=PaymentsToAcquirePropertyPlantAndEquipment; 금융리스 제외
OBS-01438,2023Q1,Q,capex_cash,company_total,meta,6.82,6.82,usd_bn,actual,SEC-XBRL,,,16_hyperscaler_capex_quarterly.csv,tag=PaymentsToAcquirePropertyPlantAndEquipment; 금융리스 제외
OBS-01439,2023Q2,Q,capex_cash,company_total,meta,6.13,6.13,usd_bn,actual,SEC-XBRL,,,16_hyperscaler_capex_quarterly.csv,tag=PaymentsToAcquirePropertyPlantAndEquipment; 금융리스 제외
OBS-01440,2023Q3,Q,capex_cash,company_total,meta,6.5,6.5,usd_bn,actual,SEC-XBRL,,,16_hyperscaler_capex_quarterly.csv,tag=PaymentsToAcquirePropertyPlantAndEquipment; 금융리스 제외
OBS-01441,2023Q4,Q,capex_cash,company_total,meta,7.59,7.59,usd_bn,actual,SEC-XBRL,,,16_hyperscaler_capex_quarterly.csv,tag=PaymentsToAcquirePropertyPlantAndEquipment; 금융리스 제외
OBS-01442,2024Q1,Q,capex_cash,company_total,meta,6.4,6.4,usd_bn,actual,SEC-XBRL,,,16_hyperscaler_capex_quarterly.csv,tag=PaymentsToAcquirePropertyPlantAndEquipment; 금융리스 제외
OBS-01443,2024Q2,Q,capex_cash,company_total,meta,8.17,8.17,usd_bn,actual,SEC-XBRL,,,16_hyperscaler_capex_quarterly.csv,tag=PaymentsToAcquirePropertyPlantAndEquipment; 금융리스 제외
OBS-01444,2024Q3,Q,capex_cash,company_total,meta,8.26,8.26,usd_bn,actual,SEC-XBRL,,,16_hyperscaler_capex_quarterly.csv,tag=PaymentsToAcquirePropertyPlantAndEquipment; 금융리스 제외
OBS-01445,2024Q4,Q,capex_cash,company_total,meta,14.43,14.43,usd_bn,actual,SEC-XBRL,,,16_hyperscaler_capex_quarterly.csv,tag=PaymentsToAcquirePropertyPlantAndEquipment; 금융리스 제외
OBS-01446,2025Q1,Q,capex_cash,company_total,meta,12.94,12.94,usd_bn,actual,SEC-XBRL,,,16_hyperscaler_capex_quarterly.csv,tag=PaymentsToAcquirePropertyPlantAndEquipment; 금융리스 제외
OBS-01447,2025Q2,Q,capex_cash,company_total,meta,16.54,16.54,usd_bn,actual,SEC-XBRL,,,16_hyperscaler_capex_quarterly.csv,tag=PaymentsToAcquirePropertyPlantAndEquipment; 금융리스 제외
OBS-01448,2025Q3,Q,capex_cash,company_total,meta,18.83,18.83,usd_bn,actual,SEC-XBRL,,,16_hyperscaler_capex_quarterly.csv,tag=PaymentsToAcquirePropertyPlantAndEquipment; 금융리스 제외
OBS-01449,2025Q4,Q,capex_cash,company_total,meta,21.38,21.38,usd_bn,actual,SEC-XBRL,,,16_hyperscaler_capex_quarterly.csv,tag=PaymentsToAcquirePropertyPlantAndEquipment; 금융리스 제외
OBS-01450,2026Q1,Q,capex_cash,company_total,meta,19.0,19.0,usd_bn,actual,SEC-XBRL,,,16_hyperscaler_capex_quarterly.csv,tag=PaymentsToAcquirePropertyPlantAndEquipment; 금융리스 제외
OBS-01451,2026Q2,Q,capex_cash,company_total,meta,30.12,30.12,usd_bn,actual,SEC-XBRL,,,16_hyperscaler_capex_quarterly.csv,tag=PaymentsToAcquirePropertyPlantAndEquipment; 금융리스 제외
OBS-01452,2019Q1,Q,capex_cash,company_total,microsoft,2.56,2.56,usd_bn,actual,SEC-XBRL,,,16_hyperscaler_capex_quarterly.csv,tag=PaymentsToAcquirePropertyPlantAndEquipment; 금융리스 제외
OBS-01453,2019Q2,Q,capex_cash,company_total,microsoft,4.05,4.05,usd_bn,actual,SEC-XBRL,,,16_hyperscaler_capex_quarterly.csv,tag=PaymentsToAcquirePropertyPlantAndEquipment; 금융리스 제외
OBS-01454,2019Q3,Q,capex_cash,company_total,microsoft,3.38,3.38,usd_bn,actual,SEC-XBRL,,,16_hyperscaler_capex_quarterly.csv,tag=PaymentsToAcquirePropertyPlantAndEquipment; 금융리스 제외
OBS-01455,2019Q4,Q,capex_cash,company_total,microsoft,3.54,3.54,usd_bn,actual,SEC-XBRL,,,16_hyperscaler_capex_quarterly.csv,tag=PaymentsToAcquirePropertyPlantAndEquipment; 금융리스 제외
OBS-01456,2020Q1,Q,capex_cash,company_total,microsoft,3.77,3.77,usd_bn,actual,SEC-XBRL,,,16_hyperscaler_capex_quarterly.csv,tag=PaymentsToAcquirePropertyPlantAndEquipment; 금융리스 제외
OBS-01457,2020Q2,Q,capex_cash,company_total,microsoft,4.74,4.74,usd_bn,actual,SEC-XBRL,,,16_hyperscaler_capex_quarterly.csv,tag=PaymentsToAcquirePropertyPlantAndEquipment; 금융리스 제외
OBS-01458,2020Q3,Q,capex_cash,company_total,microsoft,4.91,4.91,usd_bn,actual,SEC-XBRL,,,16_hyperscaler_capex_quarterly.csv,tag=PaymentsToAcquirePropertyPlantAndEquipment; 금융리스 제외
OBS-01459,2020Q4,Q,capex_cash,company_total,microsoft,4.17,4.17,usd_bn,actual,SEC-XBRL,,,16_hyperscaler_capex_quarterly.csv,tag=PaymentsToAcquirePropertyPlantAndEquipment; 금융리스 제외
OBS-01460,2021Q1,Q,capex_cash,company_total,microsoft,5.09,5.09,usd_bn,actual,SEC-XBRL,,,16_hyperscaler_capex_quarterly.csv,tag=PaymentsToAcquirePropertyPlantAndEquipment; 금융리스 제외
OBS-01461,2021Q2,Q,capex_cash,company_total,microsoft,6.45,6.45,usd_bn,actual,SEC-XBRL,,,16_hyperscaler_capex_quarterly.csv,tag=PaymentsToAcquirePropertyPlantAndEquipment; 금융리스 제외
OBS-01462,2021Q3,Q,capex_cash,company_total,microsoft,5.81,5.81,usd_bn,actual,SEC-XBRL,,,16_hyperscaler_capex_quarterly.csv,tag=PaymentsToAcquirePropertyPlantAndEquipment; 금융리스 제외
OBS-01463,2021Q4,Q,capex_cash,company_total,microsoft,5.87,5.87,usd_bn,actual,SEC-XBRL,,,16_hyperscaler_capex_quarterly.csv,tag=PaymentsToAcquirePropertyPlantAndEquipment; 금융리스 제외
OBS-01464,2022Q1,Q,capex_cash,company_total,microsoft,5.34,5.34,usd_bn,actual,SEC-XBRL,,,16_hyperscaler_capex_quarterly.csv,tag=PaymentsToAcquirePropertyPlantAndEquipment; 금융리스 제외
OBS-01465,2022Q2,Q,capex_cash,company_total,microsoft,6.87,6.87,usd_bn,actual,SEC-XBRL,,,16_hyperscaler_capex_quarterly.csv,tag=PaymentsToAcquirePropertyPlantAndEquipment; 금융리스 제외
OBS-01466,2022Q3,Q,capex_cash,company_total,microsoft,6.28,6.28,usd_bn,actual,SEC-XBRL,,,16_hyperscaler_capex_quarterly.csv,tag=PaymentsToAcquirePropertyPlantAndEquipment; 금융리스 제외
OBS-01467,2022Q4,Q,capex_cash,company_total,microsoft,6.27,6.27,usd_bn,actual,SEC-XBRL,,,16_hyperscaler_capex_quarterly.csv,tag=PaymentsToAcquirePropertyPlantAndEquipment; 금융리스 제외
OBS-01468,2023Q1,Q,capex_cash,company_total,microsoft,6.61,6.61,usd_bn,actual,SEC-XBRL,,,16_hyperscaler_capex_quarterly.csv,tag=PaymentsToAcquirePropertyPlantAndEquipment; 금융리스 제외
OBS-01469,2023Q2,Q,capex_cash,company_total,microsoft,8.94,8.94,usd_bn,actual,SEC-XBRL,,,16_hyperscaler_capex_quarterly.csv,tag=PaymentsToAcquirePropertyPlantAndEquipment; 금융리스 제외
OBS-01470,2023Q3,Q,capex_cash,company_total,microsoft,9.92,9.92,usd_bn,actual,SEC-XBRL,,,16_hyperscaler_capex_quarterly.csv,tag=PaymentsToAcquirePropertyPlantAndEquipment; 금융리스 제외
OBS-01471,2023Q4,Q,capex_cash,company_total,microsoft,9.73,9.73,usd_bn,actual,SEC-XBRL,,,16_hyperscaler_capex_quarterly.csv,tag=PaymentsToAcquirePropertyPlantAndEquipment; 금융리스 제외
OBS-01472,2024Q1,Q,capex_cash,company_total,microsoft,10.95,10.95,usd_bn,actual,SEC-XBRL,,,16_hyperscaler_capex_quarterly.csv,tag=PaymentsToAcquirePropertyPlantAndEquipment; 금융리스 제외
OBS-01473,2024Q2,Q,capex_cash,company_total,microsoft,13.87,13.87,usd_bn,actual,SEC-XBRL,,,16_hyperscaler_capex_quarterly.csv,tag=PaymentsToAcquirePropertyPlantAndEquipment; 금융리스 제외
OBS-01474,2024Q3,Q,capex_cash,company_total,microsoft,14.92,14.92,usd_bn,actual,SEC-XBRL,,,16_hyperscaler_capex_quarterly.csv,tag=PaymentsToAcquirePropertyPlantAndEquipment; 금융리스 제외
OBS-01475,2024Q4,Q,capex_cash,company_total,microsoft,15.8,15.8,usd_bn,actual,SEC-XBRL,,,16_hyperscaler_capex_quarterly.csv,tag=PaymentsToAcquirePropertyPlantAndEquipment; 금융리스 제외
OBS-01476,2025Q1,Q,capex_cash,company_total,microsoft,16.75,16.75,usd_bn,actual,SEC-XBRL,,,16_hyperscaler_capex_quarterly.csv,tag=PaymentsToAcquirePropertyPlantAndEquipment; 금융리스 제외
OBS-01477,2025Q2,Q,capex_cash,company_total,microsoft,17.08,17.08,usd_bn,actual,SEC-XBRL,,,16_hyperscaler_capex_quarterly.csv,tag=PaymentsToAcquirePropertyPlantAndEquipment; 금융리스 제외
OBS-01478,2025Q3,Q,capex_cash,company_total,microsoft,19.39,19.39,usd_bn,actual,SEC-XBRL,,,16_hyperscaler_capex_quarterly.csv,tag=PaymentsToAcquirePropertyPlantAndEquipment; 금융리스 제외
OBS-01479,2025Q4,Q,capex_cash,company_total,microsoft,29.88,29.88,usd_bn,actual,SEC-XBRL,,,16_hyperscaler_capex_quarterly.csv,tag=PaymentsToAcquirePropertyPlantAndEquipment; 금융리스 제외
OBS-01480,2026Q1,Q,capex_cash,company_total,microsoft,30.88,30.88,usd_bn,actual,SEC-XBRL,,,16_hyperscaler_capex_quarterly.csv,tag=PaymentsToAcquirePropertyPlantAndEquipment; 금융리스 제외
OBS-01481,2026Q2,Q,capex_cash,company_total,microsoft,35.8,35.8,usd_bn,actual,SEC-XBRL,,,16_hyperscaler_capex_quarterly.csv,tag=PaymentsToAcquirePropertyPlantAndEquipment; 금융리스 제외
OBS-01482,2019Q1,Q,revenue,company_total,micron,5.84,5.84,usd_bn,actual,SEC-XBRL,,FQ ending 2019-02-28,18_micron_gross_margin_quarterly.csv,
OBS-01483,2019Q1,Q,gross_margin,company_total,micron,49.0,49.0,pct,actual,SEC-XBRL,,FQ ending 2019-02-28,18_micron_gross_margin_quarterly.csv,GAAP
OBS-01484,2019Q2,Q,revenue,company_total,micron,4.79,4.79,usd_bn,actual,SEC-XBRL,,FQ ending 2019-05-30,18_micron_gross_margin_quarterly.csv,
OBS-01485,2019Q2,Q,gross_margin,company_total,micron,38.2,38.2,pct,actual,SEC-XBRL,,FQ ending 2019-05-30,18_micron_gross_margin_quarterly.csv,GAAP
OBS-01486,2019Q3,Q,revenue,company_total,micron,4.87,4.87,usd_bn,actual,SEC-XBRL,,FQ ending 2019-08-29,18_micron_gross_margin_quarterly.csv,
OBS-01487,2019Q3,Q,gross_margin,company_total,micron,28.7,28.7,pct,actual,SEC-XBRL,,FQ ending 2019-08-29,18_micron_gross_margin_quarterly.csv,GAAP
OBS-01488,2019Q4,Q,revenue,company_total,micron,5.14,5.14,usd_bn,actual,SEC-XBRL,,FQ ending 2019-11-28,18_micron_gross_margin_quarterly.csv,
OBS-01489,2019Q4,Q,gross_margin,company_total,micron,26.7,26.7,pct,actual,SEC-XBRL,,FQ ending 2019-11-28,18_micron_gross_margin_quarterly.csv,GAAP
OBS-01490,2020Q1,Q,revenue,company_total,micron,4.8,4.8,usd_bn,actual,SEC-XBRL,,FQ ending 2020-02-27,18_micron_gross_margin_quarterly.csv,
OBS-01491,2020Q1,Q,gross_margin,company_total,micron,28.3,28.3,pct,actual,SEC-XBRL,,FQ ending 2020-02-27,18_micron_gross_margin_quarterly.csv,GAAP
OBS-01492,2020Q2,Q,revenue,company_total,micron,5.44,5.44,usd_bn,actual,SEC-XBRL,,FQ ending 2020-05-28,18_micron_gross_margin_quarterly.csv,
OBS-01493,2020Q2,Q,gross_margin,company_total,micron,32.4,32.4,pct,actual,SEC-XBRL,,FQ ending 2020-05-28,18_micron_gross_margin_quarterly.csv,GAAP
OBS-01494,2020Q3,Q,revenue,company_total,micron,6.06,6.06,usd_bn,actual,SEC-XBRL,,FQ ending 2020-09-03,18_micron_gross_margin_quarterly.csv,
OBS-01495,2020Q3,Q,gross_margin,company_total,micron,34.2,34.2,pct,actual,SEC-XBRL,,FQ ending 2020-09-03,18_micron_gross_margin_quarterly.csv,GAAP
OBS-01496,2020Q4,Q,revenue,company_total,micron,5.77,5.77,usd_bn,actual,SEC-XBRL,,FQ ending 2020-12-03,18_micron_gross_margin_quarterly.csv,
OBS-01497,2020Q4,Q,gross_margin,company_total,micron,30.2,30.2,pct,actual,SEC-XBRL,,FQ ending 2020-12-03,18_micron_gross_margin_quarterly.csv,GAAP
OBS-01498,2021Q1,Q,revenue,company_total,micron,6.24,6.24,usd_bn,actual,SEC-XBRL,,FQ ending 2021-03-04,18_micron_gross_margin_quarterly.csv,
OBS-01499,2021Q1,Q,gross_margin,company_total,micron,26.4,26.4,pct,actual,SEC-XBRL,,FQ ending 2021-03-04,18_micron_gross_margin_quarterly.csv,GAAP
OBS-01500,2021Q2,Q,revenue,company_total,micron,7.42,7.42,usd_bn,actual,SEC-XBRL,,FQ ending 2021-06-03,18_micron_gross_margin_quarterly.csv,
OBS-01501,2021Q2,Q,gross_margin,company_total,micron,42.2,42.2,pct,actual,SEC-XBRL,,FQ ending 2021-06-03,18_micron_gross_margin_quarterly.csv,GAAP
OBS-01502,2021Q3,Q,revenue,company_total,micron,8.27,8.27,usd_bn,actual,SEC-XBRL,,FQ ending 2021-09-02,18_micron_gross_margin_quarterly.csv,
OBS-01503,2021Q3,Q,gross_margin,company_total,micron,47.3,47.3,pct,actual,SEC-XBRL,,FQ ending 2021-09-02,18_micron_gross_margin_quarterly.csv,GAAP
OBS-01504,2021Q4,Q,revenue,company_total,micron,7.69,7.69,usd_bn,actual,SEC-XBRL,,FQ ending 2021-12-02,18_micron_gross_margin_quarterly.csv,
OBS-01505,2021Q4,Q,gross_margin,company_total,micron,46.3,46.3,pct,actual,SEC-XBRL,,FQ ending 2021-12-02,18_micron_gross_margin_quarterly.csv,GAAP
OBS-01506,2022Q1,Q,revenue,company_total,micron,7.79,7.79,usd_bn,actual,SEC-XBRL,,FQ ending 2022-03-03,18_micron_gross_margin_quarterly.csv,
OBS-01507,2022Q1,Q,gross_margin,company_total,micron,47.2,47.2,pct,actual,SEC-XBRL,,FQ ending 2022-03-03,18_micron_gross_margin_quarterly.csv,GAAP
OBS-01508,2022Q2,Q,revenue,company_total,micron,8.64,8.64,usd_bn,actual,SEC-XBRL,,FQ ending 2022-06-02,18_micron_gross_margin_quarterly.csv,
OBS-01509,2022Q2,Q,gross_margin,company_total,micron,46.8,46.8,pct,actual,SEC-XBRL,,FQ ending 2022-06-02,18_micron_gross_margin_quarterly.csv,GAAP
OBS-01510,2022Q3,Q,revenue,company_total,micron,6.64,6.64,usd_bn,actual,SEC-XBRL,,FQ ending 2022-09-01,18_micron_gross_margin_quarterly.csv,
OBS-01511,2022Q3,Q,gross_margin,company_total,micron,39.5,39.5,pct,actual,SEC-XBRL,,FQ ending 2022-09-01,18_micron_gross_margin_quarterly.csv,GAAP
OBS-01512,2022Q4,Q,revenue,company_total,micron,4.08,4.08,usd_bn,actual,SEC-XBRL,,FQ ending 2022-12-01,18_micron_gross_margin_quarterly.csv,
OBS-01513,2022Q4,Q,gross_margin,company_total,micron,21.8,21.8,pct,actual,SEC-XBRL,,FQ ending 2022-12-01,18_micron_gross_margin_quarterly.csv,GAAP
OBS-01514,2023Q1,Q,revenue,company_total,micron,3.69,3.69,usd_bn,actual,SEC-XBRL,,FQ ending 2023-03-02,18_micron_gross_margin_quarterly.csv,
OBS-01515,2023Q1,Q,gross_margin,company_total,micron,-32.8,-32.8,pct,actual,SEC-XBRL,,FQ ending 2023-03-02,18_micron_gross_margin_quarterly.csv,GAAP
OBS-01516,2023Q2,Q,revenue,company_total,micron,3.75,3.75,usd_bn,actual,SEC-XBRL,,FQ ending 2023-06-01,18_micron_gross_margin_quarterly.csv,
OBS-01517,2023Q2,Q,gross_margin,company_total,micron,-17.9,-17.9,pct,actual,SEC-XBRL,,FQ ending 2023-06-01,18_micron_gross_margin_quarterly.csv,GAAP
OBS-01518,2023Q3,Q,revenue,company_total,micron,4.01,4.01,usd_bn,actual,SEC-XBRL,,FQ ending 2023-08-31,18_micron_gross_margin_quarterly.csv,
OBS-01519,2023Q3,Q,gross_margin,company_total,micron,-11.0,-11.0,pct,actual,SEC-XBRL,,FQ ending 2023-08-31,18_micron_gross_margin_quarterly.csv,GAAP
OBS-01520,2023Q4,Q,revenue,company_total,micron,4.73,4.73,usd_bn,actual,SEC-XBRL,,FQ ending 2023-11-30,18_micron_gross_margin_quarterly.csv,
OBS-01521,2023Q4,Q,gross_margin,company_total,micron,-0.8,-0.8,pct,actual,SEC-XBRL,,FQ ending 2023-11-30,18_micron_gross_margin_quarterly.csv,GAAP
OBS-01522,2024Q1,Q,revenue,company_total,micron,5.82,5.82,usd_bn,actual,SEC-XBRL,,FQ ending 2024-02-29,18_micron_gross_margin_quarterly.csv,
OBS-01523,2024Q1,Q,gross_margin,company_total,micron,18.6,18.6,pct,actual,SEC-XBRL,,FQ ending 2024-02-29,18_micron_gross_margin_quarterly.csv,GAAP
OBS-01524,2024Q2,Q,revenue,company_total,micron,6.81,6.81,usd_bn,actual,SEC-XBRL,,FQ ending 2024-05-30,18_micron_gross_margin_quarterly.csv,
OBS-01525,2024Q2,Q,gross_margin,company_total,micron,26.9,26.9,pct,actual,SEC-XBRL,,FQ ending 2024-05-30,18_micron_gross_margin_quarterly.csv,GAAP
OBS-01526,2024Q3,Q,revenue,company_total,micron,7.75,7.75,usd_bn,actual,SEC-XBRL,,FQ ending 2024-08-29,18_micron_gross_margin_quarterly.csv,
OBS-01527,2024Q3,Q,gross_margin,company_total,micron,35.4,35.4,pct,actual,SEC-XBRL,,FQ ending 2024-08-29,18_micron_gross_margin_quarterly.csv,GAAP
OBS-01528,2024Q4,Q,revenue,company_total,micron,8.71,8.71,usd_bn,actual,SEC-XBRL,,FQ ending 2024-11-28,18_micron_gross_margin_quarterly.csv,
OBS-01529,2024Q4,Q,gross_margin,company_total,micron,38.5,38.5,pct,actual,SEC-XBRL,,FQ ending 2024-11-28,18_micron_gross_margin_quarterly.csv,GAAP
OBS-01530,2025Q1,Q,revenue,company_total,micron,8.05,8.05,usd_bn,actual,SEC-XBRL,,FQ ending 2025-02-27,18_micron_gross_margin_quarterly.csv,
OBS-01531,2025Q1,Q,gross_margin,company_total,micron,36.8,36.8,pct,actual,SEC-XBRL,,FQ ending 2025-02-27,18_micron_gross_margin_quarterly.csv,GAAP
OBS-01532,2025Q2,Q,revenue,company_total,micron,9.3,9.3,usd_bn,actual,SEC-XBRL,,FQ ending 2025-05-29,18_micron_gross_margin_quarterly.csv,
OBS-01533,2025Q2,Q,gross_margin,company_total,micron,37.7,37.7,pct,actual,SEC-XBRL,,FQ ending 2025-05-29,18_micron_gross_margin_quarterly.csv,GAAP
OBS-01534,2025Q3,Q,revenue,company_total,micron,11.32,11.32,usd_bn,actual,SEC-XBRL,,FQ ending 2025-08-28,18_micron_gross_margin_quarterly.csv,
OBS-01535,2025Q3,Q,gross_margin,company_total,micron,44.6,44.6,pct,actual,SEC-XBRL,,FQ ending 2025-08-28,18_micron_gross_margin_quarterly.csv,GAAP
OBS-01536,2025Q4,Q,revenue,company_total,micron,13.64,13.64,usd_bn,actual,SEC-XBRL,,FQ ending 2025-11-27,18_micron_gross_margin_quarterly.csv,
OBS-01537,2025Q4,Q,gross_margin,company_total,micron,56.1,56.1,pct,actual,SEC-XBRL,,FQ ending 2025-11-27,18_micron_gross_margin_quarterly.csv,GAAP
OBS-01538,2026Q1,Q,revenue,company_total,micron,23.86,23.86,usd_bn,actual,SEC-XBRL,,FQ ending 2026-02-26,18_micron_gross_margin_quarterly.csv,
OBS-01539,2026Q1,Q,gross_margin,company_total,micron,74.4,74.4,pct,actual,SEC-XBRL,,FQ ending 2026-02-26,18_micron_gross_margin_quarterly.csv,GAAP
OBS-01540,2026Q2,Q,revenue,company_total,micron,41.46,41.46,usd_bn,actual,SEC-XBRL,,FQ ending 2026-05-28,18_micron_gross_margin_quarterly.csv,
OBS-01541,2026Q2,Q,gross_margin,company_total,micron,84.6,84.6,pct,actual,SEC-XBRL,,FQ ending 2026-05-28,18_micron_gross_margin_quarterly.csv,GAAP
OBS-01542,2023Q1,Q,contract_price_qoq,conventional_dram,industry,-18.0,-13.0,pct,forecast,TF-20230109,QoQ Decline in DRAM ASP Will Moderate to Around 13~18% for 1Q23,,19_trendforce_contract_price_qoq.csv,
OBS-01543,2023Q2,Q,contract_price_qoq,conventional_dram,industry,-15.0,-10.0,pct,forecast,TF-20230328,Decline in DRAM ASP Narrows to 10~15% in 2Q23,,19_trendforce_contract_price_qoq.csv,
OBS-01544,2023Q3,Q,contract_price_qoq,conventional_dram,industry,-5.0,0.0,pct,forecast,TF-20230705,DRAM ASP Decline Narrows to 0~5% for 3Q23,,19_trendforce_contract_price_qoq.csv,
OBS-01545,2023Q4,Q,contract_price_qoq,conventional_dram,industry,13.0,18.0,pct,forecast,TF-20231204,Suppliers anticipate ... increases of 13-18% in Q4 contract prices,,19_trendforce_contract_price_qoq.csv,
OBS-01546,2024Q2,Q,contract_price_qoq,conventional_dram,industry,13.0,18.0,pct,actual,TF-20240815,Contract prices rose 13%-18% during Q2,,19_trendforce_contract_price_qoq.csv,
OBS-01547,2024Q3,Q,contract_price_qoq,conventional_dram,industry,8.0,13.0,pct,actual,TF-20241126,Contract prices increased 8-13% QoQ,,19_trendforce_contract_price_qoq.csv,
OBS-01548,2025Q4,Q,contract_price_qoq,conventional_dram,industry,8.0,13.0,pct,forecast,TF-20250924,8-13% QoQ in 4Q25 (13-18% including HBM),,19_trendforce_contract_price_qoq.csv,
OBS-01549,2025Q4,Q,contract_price_qoq,conventional_dram,industry,45.0,50.0,pct,forecast,TF-20251126,conventional DRAM contract prices will rise by 45-50% QoQ,,19_trendforce_contract_price_qoq.csv,
OBS-01550,2025Q4,Q,contract_price_qoq,conventional_dram,industry,45.0,50.0,pct,actual,TF-20260226,Conventional DRAM contract prices rose 45-50% QoQ,,19_trendforce_contract_price_qoq.csv,
OBS-01551,2025Q4,Q,contract_price_qoq,dram_incl_hbm,industry,50.0,55.0,pct,actual,TF-20260226,blended contract prices for conventional DRAM and HBM increased 50-55%,,19_trendforce_contract_price_qoq.csv,
OBS-01552,2026Q1,Q,contract_price_qoq,conventional_dram,industry,55.0,60.0,pct,forecast,TF-20260105,overall 55-60% conventional DRAM increase,,19_trendforce_contract_price_qoq.csv,
OBS-01553,2026Q1,Q,contract_price_qoq,ddr5,industry,60.0,63.0,pct,forecast,TF-20260105,More than 60% QoQ increase,,19_trendforce_contract_price_qoq.csv,"'over X' 규칙으로 상한 = X+3; server DRAM, DDR5가 출하의 90% 이상 (TrendForce 2Q26)"
OBS-01554,2026Q1,Q,contract_price_qoq,conventional_dram,industry,90.0,95.0,pct,forecast,TF-20260202,+90-95% QoQ,,19_trendforce_contract_price_qoq.csv,
OBS-01555,2026Q1,Q,contract_price_qoq,ddr5,industry,88.0,92.0,pct,forecast,TF-20260202,around 90% QoQ in 1Q26,,19_trendforce_contract_price_qoq.csv,"server DRAM, DDR5가 출하의 90% 이상 (TrendForce 2Q26)"
OBS-01556,2026Q1,Q,contract_price_qoq,lpddr,industry,88.0,92.0,pct,forecast,TF-20260202,around 90% QoQ in 1Q26,,19_trendforce_contract_price_qoq.csv,mobile DRAM (LPDDR4X/5X)
OBS-01557,2026Q1,Q,contract_price_qoq,pc_dram,industry,100.0,103.0,pct,forecast,TF-20260202,over 100% QoQ,,19_trendforce_contract_price_qoq.csv,'over X' 규칙으로 상한 = X+3
OBS-01558,2026Q1,Q,contract_price_qoq,conventional_dram,industry,93.0,98.0,pct,actual,TF-20260601,increased by approximately 93% to 98% QoQ,,19_trendforce_contract_price_qoq.csv,
OBS-01559,2026Q2,Q,contract_price_qoq,conventional_dram,industry,58.0,63.0,pct,forecast,TF-20260331,projected to rise by 58-63% QoQ,,19_trendforce_contract_price_qoq.csv,
OBS-01560,2026Q2,Q,contract_price_qoq,conventional_dram,industry,58.0,63.0,pct,forecast,TF-20260601,rise another 58-63% QoQ in 2Q26,,19_trendforce_contract_price_qoq.csv,
OBS-01561,2026Q3,Q,contract_price_qoq,conventional_dram,industry,13.0,18.0,pct,forecast,TF-20260703,rise 13-18% QoQ in 3Q26,,19_trendforce_contract_price_qoq.csv,
OBS-01562,2026Q3,Q,contract_price_qoq,ddr5,industry,13.0,18.0,pct,forecast,TF-20260709,server DRAM contract prices will rise by 13-18% QoQ in 3Q26,,19_trendforce_contract_price_qoq.csv,"server DRAM, DDR5가 출하의 90% 이상 (TrendForce 2Q26)"
OBS-01563,2026Q3,Q,contract_price_qoq,conventional_dram,industry,13.0,18.0,pct,forecast,TF-20260907,projected to moderate to 13-18% QoQ,,19_trendforce_contract_price_qoq.csv,
OBS-01564,2026,A,wafer_area_ratio_vs_ddr5,hbm,industry,2.5,4.0,x,estimate,TOMS-20260825,3.0,,08_hbm_assumptions.csv,widening each generation; use 3-4 in sensitivity
OBS-01565,2026,A,wafer_share,hbm,top3,22.0,22.0,pct,estimate,TF-20260602,22,,08_hbm_assumptions.csv,
OBS-01566,2026,A,bit_share,hbm,top3,9.0,9.0,pct,estimate,TF-20260602,9,,08_hbm_assumptions.csv,"22% wafers / 9% bits implies ~2.9x penalty, consistent with row 1"
OBS-01567,2027,A,wafer_share,hbm,top3,30.0,30.0,pct,forecast,TF-20260602,30,,08_hbm_assumptions.csv,projection
OBS-01568,2027,A,bit_share,hbm,top3,13.0,13.0,pct,forecast,TF-20260602,13,,08_hbm_assumptions.csv,projection
OBS-01569,2025,A,price_per_bit_ratio_vs_ddr5,hbm,industry,4.0,5.0,x,estimate,TF-20251218,4.5,,08_hbm_assumptions.csv,stated as 4-5x
OBS-01570,2026Q4,Q,price_per_bit_ratio_vs_ddr5,hbm,industry,1.0,2.0,x,forecast,TF-20251218,1.5,,08_hbm_assumptions.csv,stated as 1-2x; conventional DRAM prices caught up
OBS-01571,2025,A,wafer_share,hbm,top3,18.0,18.0,pct,estimate,TF-20260602,18,,08_hbm_assumptions.csv,approximately 18% (year-end)
OBS-01572,2025,A,bit_share,hbm,top3,8.0,8.0,pct,estimate,TF-20260602,8,,08_hbm_assumptions.csv,approximately 8%; implies ~2.5x wafer penalty in 2025
OBS-01573,2023,A,bit_share_by_application,server,industry,37.6,37.6,pct,forecast,TF-20230220,37.6,,09_market_structure_assumptions.csv,first year server passed mobile
OBS-01574,2023,A,bit_share_by_application,mobile,industry,36.8,36.8,pct,forecast,TF-20230220,36.8,,09_market_structure_assumptions.csv,
OBS-01575,2026,A,bit_share_by_application,server,industry,48.0,48.0,pct,forecast,ZDNET-20260629,48,,09_market_structure_assumptions.csv,server + HBM = 57%
OBS-01576,2026,A,bit_share_by_application,hbm,industry,9.0,9.0,pct,forecast,ZDNET-20260629,9,,09_market_structure_assumptions.csv,matches TrendForce 9% (2026-06-02)
OBS-01577,2026,A,bit_share_by_application,mobile,industry,22.0,22.0,pct,forecast,ZDNET-20260629,22,,09_market_structure_assumptions.csv,
OBS-01578,2026,A,bit_share_by_application,pc,industry,10.0,10.0,pct,forecast,ZDNET-20260629,10,,09_market_structure_assumptions.csv,
OBS-01579,2026,A,bit_share_by_application,other,industry,12.0,12.0,pct,forecast,ZDNET-20260629,12,,09_market_structure_assumptions.csv,shares sum to 101% due to rounding
OBS-01580,2026,A,revenue_share_by_application,datacenter,industry,65.0,65.0,pct,forecast,ZDNET-20260629,65,,09_market_structure_assumptions.csv,
OBS-01581,2025,A,content_per_unit,smartphone,world,8.4,8.4,gb,actual,CP-SMARTPHONE-DRAM-2025,8.4,,09_market_structure_assumptions.csv,"Omdia 1Q26 8.3GB, consistent"
OBS-01582,2026Q1,Q,content_per_unit,smartphone,world,8.3,8.3,gb,actual,TECHNOBABOY-20260714,8.3,,09_market_structure_assumptions.csv,+6.1% YoY
OBS-01583,2024,A,content_per_unit_yoy,server,world,17.3,17.3,pct,forecast,TF-20240205,17.3,,09_market_structure_assumptions.csv,
OBS-01584,2024,A,content_per_unit_yoy,smartphone,world,14.1,14.1,pct,forecast,TF-20240205,14.1,,09_market_structure_assumptions.csv,
OBS-01585,2024,A,content_per_unit_yoy,pc,world,12.4,12.4,pct,forecast,TF-20240205,12.4,,09_market_structure_assumptions.csv,
OBS-01586,2026,A,content_per_unit_yoy,server,world,25.0,25.0,pct,forecast,ETNEWS-20260127,25,,09_market_structure_assumptions.csv,server units +3%
OBS-01587,2026,A,content_per_unit_yoy,smartphone,world,16.0,16.0,pct,forecast,ETNEWS-20260127,16,,09_market_structure_assumptions.csv,Omdia shows +6.1% in 1Q26; price spike likely cut specs
OBS-01588,2026,A,content_per_unit_yoy,pc,world,15.0,15.0,pct,forecast,ETNEWS-20260127,15,,09_market_structure_assumptions.csv,forecast made before 2026 price surge
OBS-01589,2026,A,content_per_unit_yoy,auto,world,36.0,36.0,pct,forecast,ETNEWS-20260127,36,,09_market_structure_assumptions.csv,
OBS-01590,2025,A,bit_demand_yoy,dram,industry,20.0,23.0,pct,estimate,MU-FQ1-26,21,,09_market_structure_assumptions.csv,
OBS-01591,2026,A,bit_demand_yoy,dram,industry,20.0,26.0,pct,forecast,ETNEWS-20260127,23,,09_market_structure_assumptions.csv,Micron: low- to mid-20s; SK hynix: mid-20%. Three sources agree
OBS-01592,2026,A,bit_supply_yoy,dram,industry,18.0,22.0,pct,forecast,MU-FQ1-26,20,,09_market_structure_assumptions.csv,
OBS-01593,2026,A,sufficiency_ratio,dram,industry,-2.0,-1.0,pct,forecast,TF-20260730,-1.5,,09_market_structure_assumptions.csv,stated as -1% to -2%; gap widens in 2027
OBS-01594,2026,A,capacity,dram,industry,40.0,40.0,eb,forecast,TFN-20251226,40,,09_market_structure_assumptions.csv,
OBS-01595,2026,A,capacity_yoy,dram,industry,10.0,15.0,pct,forecast,TFN-20251226,12.5,,09_market_structure_assumptions.csv,stated as 10-15%
OBS-01596,2026,A,wafer_share,ai_memory,industry,20.0,20.0,pct,forecast,TFN-20251226,20,,09_market_structure_assumptions.csv,HBM alone 22% per TrendForce 2026-06-02; definitions differ
OBS-01597,2026,A,wafer_area_ratio_vs_std_dram,hbm,industry,4.0,4.0,x,estimate,TFN-20251226,4,,09_market_structure_assumptions.csv,Micron says ~3x; implied from 22%/9% is ~2.9x. Use 3-4 range
OBS-01598,2026,A,wafer_area_ratio_vs_std_dram,gddr7,industry,1.7,1.7,x,estimate,TFN-20251226,1.7,,09_market_structure_assumptions.csv,
OBS-01599,2026,A,production_yoy,smartphone,world,-2.0,-2.0,pct,forecast,TF-20251117,-2,,09_market_structure_assumptions.csv,IDC later forecast -16.7%; use IDC
OBS-01600,2026,A,production_yoy,pc,world,-2.4,-2.4,pct,forecast,TF-20251117,-2.4,,09_market_structure_assumptions.csv,forecast made before 2026 price surge
OBS-01601,2025,A,bom_share,smartphone,world,10.0,15.0,pct,estimate,TF-20251117,12.5,,09_market_structure_assumptions.csv,stated as 10-15%; IDC says 65%+ at low end in 2026
OBS-01602,2026,A,hbm_per_gpu_max,rubin,nvidia,288.0,288.0,gb,actual,NVDA-RUBIN-BLOG,288,,09_market_structure_assumptions.csv,HBM4; Rubin Ultra configuration under review per TrendForce 2026-08-04
OBS-01603,2026Q2,Q,revenue_share,dram,cxmt,10.0,10.0,pct,actual,SEDAILY-20260903,10,,09_market_structure_assumptions.csv,"TrendForce-based figure is 9.5%; 1Q26 8%, 2Q25 4%"
OBS-01604,2026Q2,Q,revenue_share_counterpoint,dram,skhynix,25.0,25.0,pct,actual,SEDAILY-20260903,25,,09_market_structure_assumptions.csv,Counterpoint 2026-08-04 release said 26%; TrendForce 24.9%
OBS-01605,2026Q2,Q,gross_margin_non_gaap,company_total,micron,84.9,84.9,pct,actual,MU-FQ3-26,84.9,,17_cost_and_contract_assumptions.csv,GAAP 84.6%
OBS-01606,2026Q3,Q,gross_margin_non_gaap,company_total,micron,85.0,87.0,pct,forecast,MU-FQ3-26,86,,17_cost_and_contract_assumptions.csv,results due 2026-09-30
OBS-01607,2025,A,cost_per_bit_yoy,dram,micron,-3.0,-1.0,pct,actual,MU-FQ4-25,-2,,17_cost_and_contract_assumptions.csv,
OBS-01608,2026,A,lta_count,dram,micron,16.0,16.0,count,actual,MU-FQ3-26,16,,17_cost_and_contract_assumptions.csv,
OBS-01609,2026,A,lta_volume_share,dram,micron,18.0,22.0,pct,actual,MU-FQ3-26,20,,17_cost_and_contract_assumptions.csv,NAND ~33%
OBS-01610,2026,A,lta_term,dram,micron,5.0,5.0,years,actual,MU-FQ3-26,5,,17_cost_and_contract_assumptions.csv,auto customers 3 years
OBS-01611,2026,A,lta_min_revenue,company_total,micron,100.0,100.0,usd_bn,actual,MU-FQ3-26,100,,17_cost_and_contract_assumptions.csv,plus ~$22B deposits
OBS-01612,2026,A,lta_count,dram,skhynix,10.0,10.0,count,actual,THELEC-LTA-2026,10,,17_cost_and_contract_assumptions.csv,
OBS-01613,2026,A,lta_term,dram,skhynix,5.0,5.0,years,actual,THELEC-LTA-2026,5,,17_cost_and_contract_assumptions.csv,Google deal extendable +2 years (TrendForce news)
OBS-01614,2026,A,lta_term,dram,samsung,3.0,3.0,years,actual,TFN-20260409,3,,17_cost_and_contract_assumptions.csv,
OBS-01615,2026,A,lta_upfront_share,dram,industry,10.0,30.0,pct,estimate,TFN-20260409,20,,17_cost_and_contract_assumptions.csv,stated as 10-30%
OBS-01616,2025,A,capex,dram,industry,53.7,53.7,usd_bn,estimate,TF-20251113,53.7,,17_cost_and_contract_assumptions.csv,
OBS-01617,2026,A,capex,dram,industry,61.3,61.3,usd_bn,forecast,TF-20251113,61.3,,17_cost_and_contract_assumptions.csv,+14% YoY; forecast made Nov 2025
OBS-01618,2026,A,capex,dram,samsung,20.0,20.0,usd_bn,forecast,TF-20251113,20.0,,17_cost_and_contract_assumptions.csv,
OBS-01619,2026,A,capex,dram,skhynix,20.5,20.5,usd_bn,forecast,TF-20251113,20.5,,17_cost_and_contract_assumptions.csv,SK hynix later raised 2026 capex to high-40 trillion KRW (all products)
OBS-01620,2026,A,capex,dram,micron,13.5,13.5,usd_bn,forecast,TF-20251113,13.5,,17_cost_and_contract_assumptions.csv,
