balPayments,expDlr,expWgt,hsCd,impDlr,impWgt,statCd,statCdCntnKor1,statKor,year,country
13060228353,25925597178,1121505,-,12865368825,655538,-,-,-,총계,CN
732749104,1155818281,39906,8542321010,423069177,30464,CN,중국,디램,2019.01,CN
6017,12115,16,8542321020,6098,7,CN,중국,에스램,2019.01,CN
304749935,358491782,23619,8542321030,53741847,5202,CN,중국,플래시 메모리,2019.01,CN
-9942798,1454715,1766,8542321090,11397513,3960,CN,중국,기타,2019.01,CN
729335,741909,458,8542322000,12574,11,CN,중국,하이브리드 집적회로,2019.01,CN
-78638278,174413599,4598,8542323000,253051877,5908,CN,중국,복합구조칩 집적회로,2019.01,CN
-132122359,45146899,1116,8542324030,177269258,4527,CN,중국,제8517호의 기기에 전용되거나 주로 사용되는 것,2019.01,CN
7752677,7752920,168,8542324060,243,0,CN,중국,제8425호ㆍ제8426호ㆍ제8428호ㆍ제8429호ㆍ제8430호ㆍ제8443.99호ㆍ8470호ㆍ제8471호ㆍ제8472호ㆍ제9026호ㆍ제9030호ㆍ제9504호의 기계 또는 기기에 전용되거나 주로 사용되는 것,2019.01,CN
24236,24236,9,8542324090,0,0,CN,중국,기타,2019.01,CN
602213838,992994972,36036,8542321010,390781134,28290,CN,중국,디램,2019.02,CN
-12483,0,0,8542321020,12483,15,CN,중국,에스램,2019.02,CN
239404841,314999388,23889,8542321030,75594547,4236,CN,중국,플래시 메모리,2019.02,CN
-10119037,1221402,1115,8542321090,11340439,2416,CN,중국,기타,2019.02,CN
123087,189272,150,8542322000,66185,14,CN,중국,하이브리드 집적회로,2019.02,CN
-30632172,195267646,3841,8542323000,225899818,5447,CN,중국,복합구조칩 집적회로,2019.02,CN
-57258769,86257876,2018,8542324030,143516645,3906,CN,중국,제8517호의 기기에 전용되거나 주로 사용되는 것,2019.02,CN
1016540,1017213,31,8542324060,673,2,CN,중국,제8425호ㆍ제8426호ㆍ제8428호ㆍ제8429호ㆍ제8430호ㆍ제8443.99호ㆍ8470호ㆍ제8471호ㆍ제8472호ㆍ제9026호ㆍ제9030호ㆍ제9504호의 기계 또는 기기에 전용되거나 주로 사용되는 것,2019.02,CN
16016,16043,7,8542324090,27,1,CN,중국,기타,2019.02,CN
991973964,1401351827,47927,8542321010,409377863,29694,CN,중국,디램,2019.03,CN
-42818,8601,11,8542321020,51419,2,CN,중국,에스램,2019.03,CN
444969575,484459771,31152,8542321030,39490196,2811,CN,중국,플래시 메모리,2019.03,CN
-6561677,2015372,2015,8542321090,8577049,3025,CN,중국,기타,2019.03,CN
572943,612990,254,8542322000,40047,87,CN,중국,하이브리드 집적회로,2019.03,CN
280837842,509036186,9101,8542323000,228198344,4995,CN,중국,복합구조칩 집적회로,2019.03,CN
-136375570,106729430,2448,8542324030,243105000,5291,CN,중국,제8517호의 기기에 전용되거나 주로 사용되는 것,2019.03,CN
6135395,6135395,172,8542324060,0,0,CN,중국,제8425호ㆍ제8426호ㆍ제8428호ㆍ제8429호ㆍ제8430호ㆍ제8443.99호ㆍ8470호ㆍ제8471호ㆍ제8472호ㆍ제9026호ㆍ제9030호ㆍ제9504호의 기계 또는 기기에 전용되거나 주로 사용되는 것,2019.03,CN
12025,12025,6,8542324090,0,0,CN,중국,기타,2019.03,CN
1050989717,1575002718,54775,8542321010,524013001,35289,CN,중국,디램,2019.04,CN
-12589,0,0,8542321020,12589,4,CN,중국,에스램,2019.04,CN
478132536,548213831,35969,8542321030,70081295,3938,CN,중국,플래시 메모리,2019.04,CN
-8068466,1661218,1749,8542321090,9729684,2920,CN,중국,기타,2019.04,CN
347612,365161,136,8542322000,17549,26,CN,중국,하이브리드 집적회로,2019.04,CN
225183509,666966113,9706,8542323000,441782604,7722,CN,중국,복합구조칩 집적회로,2019.04,CN
-78522597,130992294,2379,8542324030,209514891,5007,CN,중국,제8517호의 기기에 전용되거나 주로 사용되는 것,2019.04,CN
2620046,2620046,126,8542324060,0,0,CN,중국,제8425호ㆍ제8426호ㆍ제8428호ㆍ제8429호ㆍ제8430호ㆍ제8443.99호ㆍ8470호ㆍ제8471호ㆍ제8472호ㆍ제9026호ㆍ제9030호ㆍ제9504호의 기계 또는 기기에 전용되거나 주로 사용되는 것,2019.04,CN
641291875,1146288800,49736,8542321010,504996925,35893,CN,중국,디램,2019.05,CN
-2477,3830,4,8542321020,6307,1,CN,중국,에스램,2019.05,CN
209460455,386840255,27472,8542321030,177379800,9918,CN,중국,플래시 메모리,2019.05,CN
-5502865,1544622,1683,8542321090,7047487,3384,CN,중국,기타,2019.05,CN
353595,359601,421,8542322000,6006,7,CN,중국,하이브리드 집적회로,2019.05,CN
-79013318,299171163,6053,8542323000,378184481,7061,CN,중국,복합구조칩 집적회로,2019.05,CN
-249915382,66538869,1379,8542324030,316454251,6301,CN,중국,제8517호의 기기에 전용되거나 주로 사용되는 것,2019.05,CN
2376028,2376641,116,8542324060,613,1,CN,중국,제8425호ㆍ제8426호ㆍ제8428호ㆍ제8429호ㆍ제8430호ㆍ제8443.99호ㆍ8470호ㆍ제8471호ㆍ제8472호ㆍ제9026호ㆍ제9030호ㆍ제9504호의 기계 또는 기기에 전용되거나 주로 사용되는 것,2019.05,CN
4800,4800,1,8542324090,0,0,CN,중국,기타,2019.05,CN
850429789,1241875517,48489,8542321010,391445728,29560,CN,중국,디램,2019.06,CN
-8908,0,0,8542321020,8908,9,CN,중국,에스램,2019.06,CN
135522163,343046950,25891,8542321030,207524787,11455,CN,중국,플래시 메모리,2019.06,CN
-1821108,1105826,1299,8542321090,2926934,2804,CN,중국,기타,2019.06,CN
944655,944655,687,8542322000,0,0,CN,중국,하이브리드 집적회로,2019.06,CN
278146418,716610326,11102,8542323000,438463908,8574,CN,중국,복합구조칩 집적회로,2019.06,CN
-109248651,99899634,2035,8542324030,209148285,5160,CN,중국,제8517호의 기기에 전용되거나 주로 사용되는 것,2019.06,CN
2600911,2600950,126,8542324060,39,0,CN,중국,제8425호ㆍ제8426호ㆍ제8428호ㆍ제8429호ㆍ제8430호ㆍ제8443.99호ㆍ8470호ㆍ제8471호ㆍ제8472호ㆍ제9026호ㆍ제9030호ㆍ제9504호의 기계 또는 기기에 전용되거나 주로 사용되는 것,2019.06,CN
2522,3312,3,8542324090,790,2,CN,중국,기타,2019.06,CN
865999183,1213135504,51066,8542321010,347136321,25685,CN,중국,디램,2019.07,CN
-23567,0,0,8542321020,23567,8,CN,중국,에스램,2019.07,CN
201647106,404914600,31514,8542321030,203267494,12654,CN,중국,플래시 메모리,2019.07,CN
-3426750,1577803,1555,8542321090,5004553,3301,CN,중국,기타,2019.07,CN
384124,384124,457,8542322000,0,0,CN,중국,하이브리드 집적회로,2019.07,CN
-65050569,415440974,8590,8542323000,480491543,10641,CN,중국,복합구조칩 집적회로,2019.07,CN
-98921249,102687621,2170,8542324030,201608870,4934,CN,중국,제8517호의 기기에 전용되거나 주로 사용되는 것,2019.07,CN
-597,0,0,8542324050,597,10,CN,중국,제9031호의 기기에 전용되거나 주로 사용되는 것(반도체 제조용으로 한정한다),2019.07,CN
808954,808954,40,8542324060,0,0,CN,중국,제8425호ㆍ제8426호ㆍ제8428호ㆍ제8429호ㆍ제8430호ㆍ제8443.99호ㆍ8470호ㆍ제8471호ㆍ제8472호ㆍ제9026호ㆍ제9030호ㆍ제9504호의 기계 또는 기기에 전용되거나 주로 사용되는 것,2019.07,CN
-8193,3099,2,8542324090,11292,13,CN,중국,기타,2019.07,CN
775062655,1174819327,52012,8542321010,399756672,31883,CN,중국,디램,2019.08,CN
-16740,0,0,8542321020,16740,10,CN,중국,에스램,2019.08,CN
206959625,369535776,26937,8542321030,162576151,11386,CN,중국,플래시 메모리,2019.08,CN
-3417270,1834156,1825,8542321090,5251426,3604,CN,중국,기타,2019.08,CN
327483,343042,264,8542322000,15559,31,CN,중국,하이브리드 집적회로,2019.08,CN
183853883,571857462,10972,8542323000,388003579,8080,CN,중국,복합구조칩 집적회로,2019.08,CN
4989612,85022813,2295,8542324030,80033201,2390,CN,중국,제8517호의 기기에 전용되거나 주로 사용되는 것,2019.08,CN
248162,248262,5,8542324060,100,0,CN,중국,제8425호ㆍ제8426호ㆍ제8428호ㆍ제8429호ㆍ제8430호ㆍ제8443.99호ㆍ8470호ㆍ제8471호ㆍ제8472호ㆍ제9026호ㆍ제9030호ㆍ제9504호의 기계 또는 기기에 전용되거나 주로 사용되는 것,2019.08,CN
993,3817,8,8542324090,2824,7,CN,중국,기타,2019.08,CN
720677860,1111956777,51358,8542321010,391278917,35192,CN,중국,디램,2019.09,CN
-11101,0,0,8542321020,11101,9,CN,중국,에스램,2019.09,CN
219116908,326261423,26706,8542321030,107144515,7664,CN,중국,플래시 메모리,2019.09,CN
-2439575,2282575,1726,8542321090,4722150,3283,CN,중국,기타,2019.09,CN
41780,41780,43,8542322000,0,0,CN,중국,하이브리드 집적회로,2019.09,CN
241503459,685211277,15460,8542323000,443707818,9125,CN,중국,복합구조칩 집적회로,2019.09,CN
-258,0,0,8542324010,258,0,CN,중국,제9301호ㆍ제9306호의 물품에 전용되거나 주로 사용되는 것,2019.09,CN
3454877,97792217,1956,8542324030,94337340,2536,CN,중국,제8517호의 기기에 전용되거나 주로 사용되는 것,2019.09,CN
612299,612299,20,8542324060,0,0,CN,중국,제8425호ㆍ제8426호ㆍ제8428호ㆍ제8429호ㆍ제8430호ㆍ제8443.99호ㆍ8470호ㆍ제8471호ㆍ제8472호ㆍ제9026호ㆍ제9030호ㆍ제9504호의 기계 또는 기기에 전용되거나 주로 사용되는 것,2019.09,CN
3148,3200,1,8542324090,52,1,CN,중국,기타,2019.09,CN
738684533,1109159056,57954,8542321010,370474523,38557,CN,중국,디램,2019.10,CN
-8717,1233,3,8542321020,9950,4,CN,중국,에스램,2019.10,CN
368476661,451789743,35236,8542321030,83313082,6937,CN,중국,플래시 메모리,2019.10,CN
-2495247,2119841,2151,8542321090,4615088,2673,CN,중국,기타,2019.10,CN
612327,613799,470,8542322000,1472,1,CN,중국,하이브리드 집적회로,2019.10,CN
-38573211,464717971,12489,8542323000,503291182,10214,CN,중국,복합구조칩 집적회로,2019.10,CN
34892351,70211656,1179,8542324030,35319305,1108,CN,중국,제8517호의 기기에 전용되거나 주로 사용되는 것,2019.10,CN
1492260,1493847,46,8542324060,1587,6,CN,중국,제8425호ㆍ제8426호ㆍ제8428호ㆍ제8429호ㆍ제8430호ㆍ제8443.99호ㆍ8470호ㆍ제8471호ㆍ제8472호ㆍ제9026호ㆍ제9030호ㆍ제9504호의 기계 또는 기기에 전용되거나 주로 사용되는 것,2019.10,CN
16284,16384,3,8542324090,100,0,CN,중국,기타,2019.10,CN
692971763,1095296371,59528,8542321010,402324608,30736,CN,중국,디램,2019.11,CN
-30018,0,0,8542321020,30018,37,CN,중국,에스램,2019.11,CN
276995366,391434401,31847,8542321030,114439035,10279,CN,중국,플래시 메모리,2019.11,CN
-3178649,1581137,6483,8542321090,4759786,2981,CN,중국,기타,2019.11,CN
411139,423010,311,8542322000,11871,21,CN,중국,하이브리드 집적회로,2019.11,CN
120195127,565868245,15607,8542323000,445673118,9377,CN,중국,복합구조칩 집적회로,2019.11,CN
6574665,66756202,973,8542324030,60181537,1504,CN,중국,제8517호의 기기에 전용되거나 주로 사용되는 것,2019.11,CN
417069,417069,12,8542324060,0,0,CN,중국,제8425호ㆍ제8426호ㆍ제8428호ㆍ제8429호ㆍ제8430호ㆍ제8443.99호ㆍ8470호ㆍ제8471호ㆍ제8472호ㆍ제9026호ㆍ제9030호ㆍ제9504호의 기계 또는 기기에 전용되거나 주로 사용되는 것,2019.11,CN
512276892,990468450,48099,8542321010,478191558,34270,CN,중국,디램,2019.12,CN
-4736,0,0,8542321020,4736,2,CN,중국,에스램,2019.12,CN
258640711,337481453,28250,8542321030,78840742,6600,CN,중국,플래시 메모리,2019.12,CN
-3071250,1892757,1973,8542321090,4964007,2859,CN,중국,기타,2019.12,CN
273948,285080,513,8542322000,11132,11,CN,중국,하이브리드 집적회로,2019.12,CN
317546055,656404452,16823,8542323000,338858397,8552,CN,중국,복합구조칩 집적회로,2019.12,CN
25883990,68185882,1213,8542324030,42301892,1013,CN,중국,제8517호의 기기에 전용되거나 주로 사용되는 것,2019.12,CN
882521,882521,28,8542324060,0,0,CN,중국,제8425호ㆍ제8426호ㆍ제8428호ㆍ제8429호ㆍ제8430호ㆍ제8443.99호ㆍ8470호ㆍ제8471호ㆍ제8472호ㆍ제9026호ㆍ제9030호ㆍ제9504호의 기계 또는 기기에 전용되거나 주로 사용되는 것,2019.12,CN
98598,98739,172,8542324090,141,0,CN,중국,기타,2019.12,CN
1569699340,2206930856,169195,-,637231516,128692,-,-,-,총계,TW
78961322,88031711,6483,8542321010,9070389,5449,TW,대만,디램,2019.01,TW
-27182,3226,6,8542321020,30408,54,TW,대만,에스램,2019.01,TW
4700032,11041841,2631,8542321030,6341809,2610,TW,대만,플래시 메모리,2019.01,TW
-1009936,30710,32,8542321090,1040646,691,TW,대만,기타,2019.01,TW
106408903,167615729,2600,8542323000,61206826,2692,TW,대만,복합구조칩 집적회로,2019.01,TW
-738275,806109,70,8542324030,1544384,35,TW,대만,제8517호의 기기에 전용되거나 주로 사용되는 것,2019.01,TW
-28862,0,0,8542324090,28862,10,TW,대만,기타,2019.01,TW
55945627,64188059,9791,8542321010,8242432,3994,TW,대만,디램,2019.02,TW
-39939,5184,14,8542321020,45123,59,TW,대만,에스램,2019.02,TW
197368,8222085,1409,8542321030,8024717,3254,TW,대만,플래시 메모리,2019.02,TW
-740574,289,3,8542321090,740863,604,TW,대만,기타,2019.02,TW
46379312,74959219,1815,8542323000,28579907,2038,TW,대만,복합구조칩 집적회로,2019.02,TW
-3031955,1067456,121,8542324030,4099411,84,TW,대만,제8517호의 기기에 전용되거나 주로 사용되는 것,2019.02,TW
-28722,0,0,8542324090,28722,9,TW,대만,기타,2019.02,TW
38005599,50144902,8461,8542321010,12139303,5936,TW,대만,디램,2019.03,TW
-39328,10570,15,8542321020,49898,39,TW,대만,에스램,2019.03,TW
8142597,17567876,3517,8542321030,9425279,3640,TW,대만,플래시 메모리,2019.03,TW
-2121831,15348,6,8542321090,2137179,818,TW,대만,기타,2019.03,TW
-96,0,0,8542322000,96,0,TW,대만,하이브리드 집적회로,2019.03,TW
-48265577,27600836,627,8542323000,75866413,2386,TW,대만,복합구조칩 집적회로,2019.03,TW
-2424753,995318,58,8542324030,3420071,72,TW,대만,제8517호의 기기에 전용되거나 주로 사용되는 것,2019.03,TW
-7596,0,0,8542324090,7596,3,TW,대만,기타,2019.03,TW
30618780,37514132,7404,8542321010,6895352,4520,TW,대만,디램,2019.04,TW
-133665,3720,12,8542321020,137385,41,TW,대만,에스램,2019.04,TW
20366069,27757392,5397,8542321030,7391323,3768,TW,대만,플래시 메모리,2019.04,TW
-2677230,8491,13,8542321090,2685721,490,TW,대만,기타,2019.04,TW
9704176,41964640,1248,8542323000,32260464,2048,TW,대만,복합구조칩 집적회로,2019.04,TW
810483,1025956,43,8542324030,215473,3,TW,대만,제8517호의 기기에 전용되거나 주로 사용되는 것,2019.04,TW
-16156,3226,6,8542324090,19382,5,TW,대만,기타,2019.04,TW
31801350,41729213,8688,8542321010,9927863,5881,TW,대만,디램,2019.05,TW
-72651,5295,1,8542321020,77946,63,TW,대만,에스램,2019.05,TW
-4394397,4733923,1369,8542321030,9128320,3306,TW,대만,플래시 메모리,2019.05,TW
-3264300,6631,3,8542321090,3270931,1174,TW,대만,기타,2019.05,TW
-2935,0,0,8542322000,2935,1,TW,대만,하이브리드 집적회로,2019.05,TW
55452093,102487068,1493,8542323000,47034975,3530,TW,대만,복합구조칩 집적회로,2019.05,TW
679089,917645,58,8542324030,238556,5,TW,대만,제8517호의 기기에 전용되거나 주로 사용되는 것,2019.05,TW
-26456,0,0,8542324090,26456,9,TW,대만,기타,2019.05,TW
70982152,77045655,13609,8542321010,6063503,2580,TW,대만,디램,2019.06,TW
-60176,8014,20,8542321020,68190,45,TW,대만,에스램,2019.06,TW
10654311,18971853,4813,8542321030,8317542,3738,TW,대만,플래시 메모리,2019.06,TW
-812954,3536,1,8542321090,816490,416,TW,대만,기타,2019.06,TW
146606032,172442442,2546,8542323000,25836410,1682,TW,대만,복합구조칩 집적회로,2019.06,TW
971288,981536,48,8542324030,10248,2,TW,대만,제8517호의 기기에 전용되거나 주로 사용되는 것,2019.06,TW
31267257,37348907,7200,8542321010,6081650,3503,TW,대만,디램,2019.07,TW
-69432,4910,17,8542321020,74342,39,TW,대만,에스램,2019.07,TW
9933614,18822665,3542,8542321030,8889051,3818,TW,대만,플래시 메모리,2019.07,TW
-3528586,224,1,8542321090,3528810,980,TW,대만,기타,2019.07,TW
-13,0,0,8542322000,13,0,TW,대만,하이브리드 집적회로,2019.07,TW
67192207,92862352,1982,8542323000,25670145,1588,TW,대만,복합구조칩 집적회로,2019.07,TW
1791854,1791877,93,8542324030,23,1,TW,대만,제8517호의 기기에 전용되거나 주로 사용되는 것,2019.07,TW
-11554,0,0,8542324090,11554,4,TW,대만,기타,2019.07,TW
29443563,40094985,8025,8542321010,10651422,8767,TW,대만,디램,2019.08,TW
-107147,5849,14,8542321020,112996,39,TW,대만,에스램,2019.08,TW
4492771,12512070,2913,8542321030,8019299,3756,TW,대만,플래시 메모리,2019.08,TW
-4052951,2804,3,8542321090,4055755,940,TW,대만,기타,2019.08,TW
84859218,102285826,2103,8542323000,17426608,1430,TW,대만,복합구조칩 집적회로,2019.08,TW
1760579,1760579,80,8542324030,0,0,TW,대만,제8517호의 기기에 전용되거나 주로 사용되는 것,2019.08,TW
-18136,0,0,8542324090,18136,3,TW,대만,기타,2019.08,TW
33794461,38528235,8790,8542321010,4733774,3224,TW,대만,디램,2019.09,TW
-60959,5298,9,8542321020,66257,58,TW,대만,에스램,2019.09,TW
-3402206,3332357,1225,8542321030,6734563,3144,TW,대만,플래시 메모리,2019.09,TW
-8544757,15,1,8542321090,8544772,1452,TW,대만,기타,2019.09,TW
147418781,178340712,4065,8542323000,30921931,1550,TW,대만,복합구조칩 집적회로,2019.09,TW
1379786,1379803,57,8542324030,17,1,TW,대만,제8517호의 기기에 전용되거나 주로 사용되는 것,2019.09,TW
-28409,0,0,8542324090,28409,11,TW,대만,기타,2019.09,TW
34476531,40064127,7021,8542321010,5587596,2600,TW,대만,디램,2019.10,TW
-63877,6607,16,8542321020,70484,38,TW,대만,에스램,2019.10,TW
2311044,8569928,1856,8542321030,6258884,2796,TW,대만,플래시 메모리,2019.10,TW
-6548739,4597,19,8542321090,6553336,1145,TW,대만,기타,2019.10,TW
307448562,330328178,7223,8542323000,22879616,1987,TW,대만,복합구조칩 집적회로,2019.10,TW
1085650,1085650,40,8542324030,0,0,TW,대만,제8517호의 기기에 전용되거나 주로 사용되는 것,2019.10,TW
-5614,0,0,8542324090,5614,2,TW,대만,기타,2019.10,TW
43835035,47796593,9940,8542321010,3961558,3017,TW,대만,디램,2019.11,TW
-56370,41134,24,8542321020,97504,54,TW,대만,에스램,2019.11,TW
2572066,9368839,1979,8542321030,6796773,2947,TW,대만,플래시 메모리,2019.11,TW
-6871354,1561,1,8542321090,6872915,1425,TW,대만,기타,2019.11,TW
68327079,76118867,2339,8542323000,7791788,1313,TW,대만,복합구조칩 집적회로,2019.11,TW
299950,312875,38,8542324030,12925,1,TW,대만,제8517호의 기기에 전용되거나 주로 사용되는 것,2019.11,TW
-2037,0,0,8542324040,2037,1,TW,대만,제8528.42호ㆍ제8528.52호ㆍ제8528.62호ㆍ제8531.20호의 기기에 전용되거나 주로 사용되는 것,2019.11,TW
50381233,59953001,10977,8542321010,9571768,3034,TW,대만,디램,2019.12,TW
-94190,4734,11,8542321020,98924,90,TW,대만,에스램,2019.12,TW
1500831,6564586,1582,8542321030,5063755,3014,TW,대만,플래시 메모리,2019.12,TW
-5195229,3379,5,8542321090,5198608,1091,TW,대만,기타,2019.12,TW
35171386,57408332,1539,8542323000,22236946,2004,TW,대만,복합구조칩 집적회로,2019.12,TW
202889,301564,38,8542324030,98675,26,TW,대만,제8517호의 기기에 전용되거나 주로 사용되는 것,2019.12,TW
-6484,0,0,8542324040,6484,9,TW,대만,제8528.42호ㆍ제8528.52호ㆍ제8528.62호ㆍ제8531.20호의 기기에 전용되거나 주로 사용되는 것,2019.12,TW
3579375606,3622774051,128786,-,43398445,4749,-,-,-,총계,VN
14163078,14163574,604,8542321010,496,0,VN,베트남,디램,2019.01,VN
3196725,3197145,1773,8542321030,420,1,VN,베트남,플래시 메모리,2019.01,VN
6114294,6114486,3911,8542321090,192,4,VN,베트남,기타,2019.01,VN
237217828,239648121,3958,8542323000,2430293,74,VN,베트남,복합구조칩 집적회로,2019.01,VN
10,10,3,8542324010,0,0,VN,베트남,제9301호ㆍ제9306호의 물품에 전용되거나 주로 사용되는 것,2019.01,VN
98695743,98695869,1606,8542324030,126,0,VN,베트남,제8517호의 기기에 전용되거나 주로 사용되는 것,2019.01,VN
1329333,1329333,270,8542324090,0,0,VN,베트남,기타,2019.01,VN
26406277,26424382,1050,8542321010,18105,11,VN,베트남,디램,2019.02,VN
2478296,2555080,758,8542321030,76784,16,VN,베트남,플래시 메모리,2019.02,VN
5673958,5677900,2841,8542321090,3942,6,VN,베트남,기타,2019.02,VN
239645282,239645311,4244,8542323000,29,0,VN,베트남,복합구조칩 집적회로,2019.02,VN
113489375,113489375,1261,8542324030,0,0,VN,베트남,제8517호의 기기에 전용되거나 주로 사용되는 것,2019.02,VN
202871,202871,37,8542324090,0,0,VN,베트남,기타,2019.02,VN
51422483,51422503,1129,8542321010,20,1,VN,베트남,디램,2019.03,VN
2886292,2911965,1477,8542321030,25673,39,VN,베트남,플래시 메모리,2019.03,VN
5696836,5787191,2692,8542321090,90355,309,VN,베트남,기타,2019.03,VN
258256541,258279236,4618,8542323000,22695,2,VN,베트남,복합구조칩 집적회로,2019.03,VN
89870460,89870460,923,8542324030,0,0,VN,베트남,제8517호의 기기에 전용되거나 주로 사용되는 것,2019.03,VN
30014,30014,3,8542324090,0,0,VN,베트남,기타,2019.03,VN
37383096,37383096,1168,8542321010,0,0,VN,베트남,디램,2019.04,VN
2748133,2755234,1318,8542321030,7101,9,VN,베트남,플래시 메모리,2019.04,VN
6185568,6349187,3089,8542321090,163619,548,VN,베트남,기타,2019.04,VN
108757066,112544031,2316,8542323000,3786965,76,VN,베트남,복합구조칩 집적회로,2019.04,VN
76459171,84542400,1544,8542324030,8083229,128,VN,베트남,제8517호의 기기에 전용되거나 주로 사용되는 것,2019.04,VN
-3543,64639,4,8542324090,68182,4,VN,베트남,기타,2019.04,VN
20428202,20435892,972,8542321010,7690,4,VN,베트남,디램,2019.05,VN
2051918,2077120,1052,8542321030,25202,26,VN,베트남,플래시 메모리,2019.05,VN
6223030,6285801,3150,8542321090,62771,208,VN,베트남,기타,2019.05,VN
171083753,174986747,3601,8542323000,3902994,69,VN,베트남,복합구조칩 집적회로,2019.05,VN
127229283,127354678,2545,8542324030,125395,5,VN,베트남,제8517호의 기기에 전용되거나 주로 사용되는 것,2019.05,VN
6412,6412,0,8542324090,0,0,VN,베트남,기타,2019.05,VN
9301800,9302182,1016,8542321010,382,0,VN,베트남,디램,2019.06,VN
2033198,2041825,1169,8542321030,8627,4,VN,베트남,플래시 메모리,2019.06,VN
6969406,7096427,3099,8542321090,127021,331,VN,베트남,기타,2019.06,VN
238803015,240391222,4208,8542323000,1588207,247,VN,베트남,복합구조칩 집적회로,2019.06,VN
117416327,117416359,2616,8542324030,32,0,VN,베트남,제8517호의 기기에 전용되거나 주로 사용되는 것,2019.06,VN
81833,81833,4,8542324090,0,0,VN,베트남,기타,2019.06,VN
2891319,2891351,784,8542321010,32,1,VN,베트남,디램,2019.07,VN
2900558,2905214,1357,8542321030,4656,1,VN,베트남,플래시 메모리,2019.07,VN
8475601,8733780,3144,8542321090,258179,765,VN,베트남,기타,2019.07,VN
212638164,212798083,3283,8542323000,159919,10,VN,베트남,복합구조칩 집적회로,2019.07,VN
60298933,60298933,1049,8542324030,0,0,VN,베트남,제8517호의 기기에 전용되거나 주로 사용되는 것,2019.07,VN
6412,6412,1,8542324090,0,0,VN,베트남,기타,2019.07,VN
3583401,3592679,958,8542321010,9278,8,VN,베트남,디램,2019.08,VN
3957528,3977785,1549,8542321030,20257,6,VN,베트남,플래시 메모리,2019.08,VN
9220304,9277188,3642,8542321090,56884,29,VN,베트남,기타,2019.08,VN
219739967,228349322,3855,8542323000,8609355,181,VN,베트남,복합구조칩 집적회로,2019.08,VN
75269516,82309155,2040,8542324030,7039639,114,VN,베트남,제8517호의 기기에 전용되거나 주로 사용되는 것,2019.08,VN
148016,148016,35,8542324090,0,0,VN,베트남,기타,2019.08,VN
4019721,4112658,922,8542321010,92937,14,VN,베트남,디램,2019.09,VN
4513636,4514670,1714,8542321030,1034,1,VN,베트남,플래시 메모리,2019.09,VN
10252660,10676140,3568,8542321090,423480,369,VN,베트남,기타,2019.09,VN
40,40,0,8542322000,0,0,VN,베트남,하이브리드 집적회로,2019.09,VN
188270613,188290614,3875,8542323000,20001,15,VN,베트남,복합구조칩 집적회로,2019.09,VN
84186388,84209457,2181,8542324030,23069,1,VN,베트남,제8517호의 기기에 전용되거나 주로 사용되는 것,2019.09,VN
41723,43437,10,8542324090,1714,3,VN,베트남,기타,2019.09,VN
2999693,3083921,875,8542321010,84228,103,VN,베트남,디램,2019.10,VN
5534159,5534348,1890,8542321030,189,1,VN,베트남,플래시 메모리,2019.10,VN
8209437,8310030,3147,8542321090,100593,44,VN,베트남,기타,2019.10,VN
123276715,123505303,2952,8542323000,228588,35,VN,베트남,복합구조칩 집적회로,2019.10,VN
44146468,44259169,833,8542324030,112701,2,VN,베트남,제8517호의 기기에 전용되거나 주로 사용되는 것,2019.10,VN
-2543,3557,148,8542324090,6100,3,VN,베트남,기타,2019.10,VN
4443167,4490603,1029,8542321010,47436,40,VN,베트남,디램,2019.11,VN
9681,9681,1,8542321020,0,0,VN,베트남,에스램,2019.11,VN
5570191,5576688,2249,8542321030,6497,4,VN,베트남,플래시 메모리,2019.11,VN
4835008,5351744,2687,8542321090,516736,307,VN,베트남,기타,2019.11,VN
166622204,166692791,3816,8542323000,70587,19,VN,베트남,복합구조칩 집적회로,2019.11,VN
77170208,79761169,1095,8542324030,2590961,22,VN,베트남,제8517호의 기기에 전용되거나 주로 사용되는 것,2019.11,VN
1839305,2236478,735,8542321010,397173,149,VN,베트남,디램,2019.12,VN
4022680,4034669,2349,8542321030,11989,1,VN,베트남,플래시 메모리,2019.12,VN
5184425,5269856,2422,8542321090,85431,250,VN,베트남,기타,2019.12,VN
40,40,1,8542322000,0,0,VN,베트남,하이브리드 집적회로,2019.12,VN
124860690,126652945,2226,8542323000,1792255,128,VN,베트남,복합구조칩 집적회로,2019.12,VN
20306214,20306214,331,8542324030,0,0,VN,베트남,제8517호의 기기에 전용되거나 주로 사용되는 것,2019.12,VN
319091066,374330522,23680,-,55239456,6560,-,-,-,총계,US
26831605,31001823,1563,8542321010,4170218,224,US,미국,디램,2019.01,US
-36949,10008,2,8542321020,46957,4,US,미국,에스램,2019.01,US
-622323,54221,55,8542321030,676544,245,US,미국,플래시 메모리,2019.01,US
-187529,12850,28,8542321090,200379,137,US,미국,기타,2019.01,US
12557197,12912274,501,8542323000,355077,31,US,미국,복합구조칩 집적회로,2019.01,US
1587670,1591181,24,8542324030,3511,1,US,미국,제8517호의 기기에 전용되거나 주로 사용되는 것,2019.01,US
674,674,0,8542324060,0,0,US,미국,제8425호ㆍ제8426호ㆍ제8428호ㆍ제8429호ㆍ제8430호ㆍ제8443.99호ㆍ8470호ㆍ제8471호ㆍ제8472호ㆍ제9026호ㆍ제9030호ㆍ제9504호의 기계 또는 기기에 전용되거나 주로 사용되는 것,2019.01,US
1214,1214,2,8542324090,0,0,US,미국,기타,2019.01,US
33323702,36214860,1844,8542321010,2891158,161,US,미국,디램,2019.02,US
-23543,3200,2,8542321020,26743,2,US,미국,에스램,2019.02,US
-240681,21804,10,8542321030,262485,92,US,미국,플래시 메모리,2019.02,US
-130935,25577,46,8542321090,156512,197,US,미국,기타,2019.02,US
11324349,11328278,375,8542323000,3929,9,US,미국,복합구조칩 집적회로,2019.02,US
516648,516648,19,8542324030,0,0,US,미국,제8517호의 기기에 전용되거나 주로 사용되는 것,2019.02,US
1452,1452,0,8542324060,0,0,US,미국,제8425호ㆍ제8426호ㆍ제8428호ㆍ제8429호ㆍ제8430호ㆍ제8443.99호ㆍ8470호ㆍ제8471호ㆍ제8472호ㆍ제9026호ㆍ제9030호ㆍ제9504호의 기계 또는 기기에 전용되거나 주로 사용되는 것,2019.02,US
354,364,3,8542324090,10,1,US,미국,기타,2019.02,US
9395856,14415510,795,8542321010,5019654,150,US,미국,디램,2019.03,US
-275133,99493,31,8542321030,374626,113,US,미국,플래시 메모리,2019.03,US
-163817,9275,7,8542321090,173092,224,US,미국,기타,2019.03,US
-4972,1350,0,8542322000,6322,2,US,미국,하이브리드 집적회로,2019.03,US
8154144,9129053,296,8542323000,974909,57,US,미국,복합구조칩 집적회로,2019.03,US
883146,885500,30,8542324030,2354,1,US,미국,제8517호의 기기에 전용되거나 주로 사용되는 것,2019.03,US
-335,0,0,8542324090,335,1,US,미국,기타,2019.03,US
4591605,6645617,517,8542321010,2054012,128,US,미국,디램,2019.04,US
-16189,10879,1,8542321020,27068,6,US,미국,에스램,2019.04,US
-332988,15112,8,8542321030,348100,81,US,미국,플래시 메모리,2019.04,US
-81842,865,3,8542321090,82707,53,US,미국,기타,2019.04,US
615,615,0,8542322000,0,0,US,미국,하이브리드 집적회로,2019.04,US
7488556,7526926,410,8542323000,38370,39,US,미국,복합구조칩 집적회로,2019.04,US
1261714,1262489,44,8542324030,775,1,US,미국,제8517호의 기기에 전용되거나 주로 사용되는 것,2019.04,US
-388,0,0,8542324090,388,1,US,미국,기타,2019.04,US
2029230,6938781,600,8542321010,4909551,226,US,미국,디램,2019.05,US
-145603,0,0,8542321020,145603,9,US,미국,에스램,2019.05,US
-269652,8941,17,8542321030,278593,127,US,미국,플래시 메모리,2019.05,US
-93554,9985,9,8542321090,103539,101,US,미국,기타,2019.05,US
-77568,0,0,8542322000,77568,10,US,미국,하이브리드 집적회로,2019.05,US
7217117,7269515,401,8542323000,52398,39,US,미국,복합구조칩 집적회로,2019.05,US
1230225,1230625,40,8542324030,400,0,US,미국,제8517호의 기기에 전용되거나 주로 사용되는 것,2019.05,US
2331,2331,3,8542324090,0,0,US,미국,기타,2019.05,US
17185043,23418414,1538,8542321010,6233371,203,US,미국,디램,2019.06,US
-82267,190,1,8542321020,82457,2,US,미국,에스램,2019.06,US
-188822,10091,1,8542321030,198913,35,US,미국,플래시 메모리,2019.06,US
-68201,151,1,8542321090,68352,69,US,미국,기타,2019.06,US
8097490,8218005,498,8542323000,120515,35,US,미국,복합구조칩 집적회로,2019.06,US
784661,796263,16,8542324030,11602,1,US,미국,제8517호의 기기에 전용되거나 주로 사용되는 것,2019.06,US
262,262,2,8542324090,0,0,US,미국,기타,2019.06,US
3237711,8188069,784,8542321010,4950358,124,US,미국,디램,2019.07,US
1200,1200,1,8542321020,0,0,US,미국,에스램,2019.07,US
-527507,8787,19,8542321030,536294,141,US,미국,플래시 메모리,2019.07,US
-158554,1616,5,8542321090,160170,153,US,미국,기타,2019.07,US
14095007,14404028,978,8542323000,309021,61,US,미국,복합구조칩 집적회로,2019.07,US
1623811,1623850,74,8542324030,39,1,US,미국,제8517호의 기기에 전용되거나 주로 사용되는 것,2019.07,US
13799514,17246148,1465,8542321010,3446634,100,US,미국,디램,2019.08,US
4186,10698,2,8542321020,6512,6,US,미국,에스램,2019.08,US
-296545,10828,20,8542321030,307373,79,US,미국,플래시 메모리,2019.08,US
-36910,23433,7,8542321090,60343,31,US,미국,기타,2019.08,US
-54466,0,0,8542322000,54466,1,US,미국,하이브리드 집적회로,2019.08,US
25260101,25326389,1214,8542323000,66288,37,US,미국,복합구조칩 집적회로,2019.08,US
545952,555483,20,8542324030,9531,3,US,미국,제8517호의 기기에 전용되거나 주로 사용되는 것,2019.08,US
2180,2216,0,8542324090,36,0,US,미국,기타,2019.08,US
15828320,22238654,1779,8542321010,6410334,142,US,미국,디램,2019.09,US
-2856,0,0,8542321020,2856,1,US,미국,에스램,2019.09,US
-153403,15090,19,8542321030,168493,77,US,미국,플래시 메모리,2019.09,US
-42064,2310,3,8542321090,44374,1385,US,미국,기타,2019.09,US
16793089,16877100,882,8542323000,84011,65,US,미국,복합구조칩 집적회로,2019.09,US
252074,252105,18,8542324030,31,0,US,미국,제8517호의 기기에 전용되거나 주로 사용되는 것,2019.09,US
-1815,0,0,8542324060,1815,0,US,미국,제8425호ㆍ제8426호ㆍ제8428호ㆍ제8429호ㆍ제8430호ㆍ제8443.99호ㆍ8470호ㆍ제8471호ㆍ제8472호ㆍ제9026호ㆍ제9030호ㆍ제9504호의 기계 또는 기기에 전용되거나 주로 사용되는 것,2019.09,US
2048,2048,13,8542324090,0,0,US,미국,기타,2019.09,US
16446908,18917141,1619,8542321010,2470233,102,US,미국,디램,2019.10,US
422,590,1,8542321020,168,0,US,미국,에스램,2019.10,US
-191698,49328,15,8542321030,241026,85,US,미국,플래시 메모리,2019.10,US
30640,48882,18,8542321090,18242,127,US,미국,기타,2019.10,US
-128,0,0,8542322000,128,0,US,미국,하이브리드 집적회로,2019.10,US
6147343,6238107,206,8542323000,90764,16,US,미국,복합구조칩 집적회로,2019.10,US
-216,0,0,8542324010,216,1,US,미국,제9301호ㆍ제9306호의 물품에 전용되거나 주로 사용되는 것,2019.10,US
755597,755597,43,8542324030,0,0,US,미국,제8517호의 기기에 전용되거나 주로 사용되는 것,2019.10,US
2282,2282,2,8542324090,0,0,US,미국,기타,2019.10,US
21210051,22457899,2056,8542321010,1247848,115,US,미국,디램,2019.11,US
9460,9460,2,8542321020,0,0,US,미국,에스램,2019.11,US
-71773,116611,20,8542321030,188384,149,US,미국,플래시 메모리,2019.11,US
-3242715,151031,66,8542321090,3393746,476,US,미국,기타,2019.11,US
4568980,4650262,135,8542323000,81282,63,US,미국,복합구조칩 집적회로,2019.11,US
706931,706931,35,8542324030,0,0,US,미국,제8517호의 기기에 전용되거나 주로 사용되는 것,2019.11,US
7876,7876,5,8542324090,0,0,US,미국,기타,2019.11,US
22138319,22448222,1954,8542321010,309903,36,US,미국,디램,2019.12,US
-370,0,0,8542321020,370,5,US,미국,에스램,2019.12,US
-186227,2785,5,8542321030,189012,60,US,미국,플래시 메모리,2019.12,US
-93780,92849,26,8542321090,186629,88,US,미국,기타,2019.12,US
8457044,8480473,382,8542323000,23429,10,US,미국,복합구조칩 집적회로,2019.12,US
798055,798055,45,8542324030,0,0,US,미국,제8517호의 기기에 전용되거나 주로 사용되는 것,2019.12,US
3423,3423,2,8542324090,0,0,US,미국,기타,2019.12,US
15824577111,16320692231,552661,-,496115120,36851,-,-,-,총계,HK
26131286,58826131,6053,8542321010,32694845,2775,HK,홍콩,디램,2019.01,HK
38807,40667,76,8542321020,1860,0,HK,홍콩,에스램,2019.01,HK
15866409,20993571,8455,8542321030,5127162,913,HK,홍콩,플래시 메모리,2019.01,HK
788372,1373692,622,8542321090,585320,483,HK,홍콩,기타,2019.01,HK
16000,16000,30,8542322000,0,0,HK,홍콩,하이브리드 집적회로,2019.01,HK
500952163,505685472,7458,8542323000,4733309,365,HK,홍콩,복합구조칩 집적회로,2019.01,HK
472724591,473449568,6701,8542324030,724977,6,HK,홍콩,제8517호의 기기에 전용되거나 주로 사용되는 것,2019.01,HK
60284,60284,0,8542324060,0,0,HK,홍콩,제8425호ㆍ제8426호ㆍ제8428호ㆍ제8429호ㆍ제8430호ㆍ제8443.99호ㆍ8470호ㆍ제8471호ㆍ제8472호ㆍ제9026호ㆍ제9030호ㆍ제9504호의 기계 또는 기기에 전용되거나 주로 사용되는 것,2019.01,HK
3727,3727,1,8542324090,0,0,HK,홍콩,기타,2019.01,HK
50289900,68203025,7937,8542321010,17913125,2322,HK,홍콩,디램,2019.02,HK
38562,39933,52,8542321020,1371,5,HK,홍콩,에스램,2019.02,HK
31329723,33317879,10313,8542321030,1988156,573,HK,홍콩,플래시 메모리,2019.02,HK
1590509,1598735,717,8542321090,8226,5,HK,홍콩,기타,2019.02,HK
31000,31000,80,8542322000,0,0,HK,홍콩,하이브리드 집적회로,2019.02,HK
559594889,563009852,7885,8542323000,3414963,87,HK,홍콩,복합구조칩 집적회로,2019.02,HK
581249872,601673606,7913,8542324030,20423734,231,HK,홍콩,제8517호의 기기에 전용되거나 주로 사용되는 것,2019.02,HK
102200,102200,6,8542324090,0,0,HK,홍콩,기타,2019.02,HK
61813007,84369124,10536,8542321010,22556117,3124,HK,홍콩,디램,2019.03,HK
287254,287254,330,8542321020,0,0,HK,홍콩,에스램,2019.03,HK
68609512,70636712,18341,8542321030,2027200,620,HK,홍콩,플래시 메모리,2019.03,HK
1387769,1573870,729,8542321090,186101,194,HK,홍콩,기타,2019.03,HK
19500,19500,47,8542322000,0,0,HK,홍콩,하이브리드 집적회로,2019.03,HK
967743351,967953968,13113,8542323000,210617,23,HK,홍콩,복합구조칩 집적회로,2019.03,HK
858166070,891893164,13351,8542324030,33727094,283,HK,홍콩,제8517호의 기기에 전용되거나 주로 사용되는 것,2019.03,HK
6415,6415,1,8542324090,0,0,HK,홍콩,기타,2019.03,HK
34169366,48521666,7505,8542321010,14352300,2216,HK,홍콩,디램,2019.04,HK
141851,141851,344,8542321020,0,0,HK,홍콩,에스램,2019.04,HK
80386477,80766979,17880,8542321030,380502,173,HK,홍콩,플래시 메모리,2019.04,HK
1254200,1471957,554,8542321090,217757,121,HK,홍콩,기타,2019.04,HK
31000,31000,80,8542322000,0,0,HK,홍콩,하이브리드 집적회로,2019.04,HK
658554825,682804651,9824,8542323000,24249826,253,HK,홍콩,복합구조칩 집적회로,2019.04,HK
514814670,514873331,9452,8542324030,58661,4,HK,홍콩,제8517호의 기기에 전용되거나 주로 사용되는 것,2019.04,HK
11844,11844,4,8542324050,0,0,HK,홍콩,제9031호의 기기에 전용되거나 주로 사용되는 것(반도체 제조용으로 한정한다),2019.04,HK
8370,8370,2,8542324090,0,0,HK,홍콩,기타,2019.04,HK
39262233,44953822,7291,8542321010,5691589,1168,HK,홍콩,디램,2019.05,HK
93810,93810,168,8542321020,0,0,HK,홍콩,에스램,2019.05,HK
50037423,50088671,16493,8542321030,51248,12,HK,홍콩,플래시 메모리,2019.05,HK
921044,999089,589,8542321090,78045,31,HK,홍콩,기타,2019.05,HK
35030,35030,80,8542322000,0,0,HK,홍콩,하이브리드 집적회로,2019.05,HK
752749861,760616792,9851,8542323000,7866931,187,HK,홍콩,복합구조칩 집적회로,2019.05,HK
621758419,696205234,11796,8542324030,74446815,762,HK,홍콩,제8517호의 기기에 전용되거나 주로 사용되는 것,2019.05,HK
2169,2169,9,8542324090,0,0,HK,홍콩,기타,2019.05,HK
32136924,49903830,10273,8542321010,17766906,1552,HK,홍콩,디램,2019.06,HK
243062,248957,257,8542321020,5895,16,HK,홍콩,에스램,2019.06,HK
54404808,54489115,14471,8542321030,84307,26,HK,홍콩,플래시 메모리,2019.06,HK
535838,687845,353,8542321090,152007,175,HK,홍콩,기타,2019.06,HK
72850,72850,204,8542322000,0,0,HK,홍콩,하이브리드 집적회로,2019.06,HK
755142419,756506912,13186,8542323000,1364493,30,HK,홍콩,복합구조칩 집적회로,2019.06,HK
666426869,673765867,12473,8542324030,7338998,50,HK,홍콩,제8517호의 기기에 전용되거나 주로 사용되는 것,2019.06,HK
7261,7261,1,8542324090,0,0,HK,홍콩,기타,2019.06,HK
40390338,51672793,10246,8542321010,11282455,774,HK,홍콩,디램,2019.07,HK
144699,148488,150,8542321020,3789,14,HK,홍콩,에스램,2019.07,HK
60068577,60677470,13250,8542321030,608893,151,HK,홍콩,플래시 메모리,2019.07,HK
404040,951558,512,8542321090,547518,378,HK,홍콩,기타,2019.07,HK
588005079,588840159,12998,8542323000,835080,42,HK,홍콩,복합구조칩 집적회로,2019.07,HK
377957347,403323523,7629,8542324030,25366176,400,HK,홍콩,제8517호의 기기에 전용되거나 주로 사용되는 것,2019.07,HK
726,726,2,8542324090,0,0,HK,홍콩,기타,2019.07,HK
55250630,65355893,12601,8542321010,10105263,2382,HK,홍콩,디램,2019.08,HK
315259,321106,537,8542321020,5847,15,HK,홍콩,에스램,2019.08,HK
66834551,68189064,15768,8542321030,1354513,1001,HK,홍콩,플래시 메모리,2019.08,HK
555420,906516,448,8542321090,351096,489,HK,홍콩,기타,2019.08,HK
702231065,724095075,15683,8542323000,21864010,559,HK,홍콩,복합구조칩 집적회로,2019.08,HK
453155879,453776392,7797,8542324030,620513,9,HK,홍콩,제8517호의 기기에 전용되거나 주로 사용되는 것,2019.08,HK
11054,11054,2,8542324090,0,0,HK,홍콩,기타,2019.08,HK
62763913,66944078,10184,8542321010,4180165,718,HK,홍콩,디램,2019.09,HK
83866,92113,103,8542321020,8247,2,HK,홍콩,에스램,2019.09,HK
38137054,39918284,13145,8542321030,1781230,1545,HK,홍콩,플래시 메모리,2019.09,HK
635076,657270,414,8542321090,22194,38,HK,홍콩,기타,2019.09,HK
770126446,770337170,20231,8542323000,210724,18,HK,홍콩,복합구조칩 집적회로,2019.09,HK
638725185,647036498,9857,8542324030,8311313,55,HK,홍콩,제8517호의 기기에 전용되거나 주로 사용되는 것,2019.09,HK
327399,327399,34,8542324060,0,0,HK,홍콩,제8425호ㆍ제8426호ㆍ제8428호ㆍ제8429호ㆍ제8430호ㆍ제8443.99호ㆍ8470호ㆍ제8471호ㆍ제8472호ㆍ제9026호ㆍ제9030호ㆍ제9504호의 기계 또는 기기에 전용되거나 주로 사용되는 것,2019.09,HK
4185,4185,1,8542324090,0,0,HK,홍콩,기타,2019.09,HK
63221598,70661086,9940,8542321010,7439488,1503,HK,홍콩,디램,2019.10,HK
128632,139079,269,8542321020,10447,24,HK,홍콩,에스램,2019.10,HK
18402884,18816971,6756,8542321030,414087,344,HK,홍콩,플래시 메모리,2019.10,HK
997874,1219979,538,8542321090,222105,81,HK,홍콩,기타,2019.10,HK
571926093,572597687,20516,8542323000,671594,21,HK,홍콩,복합구조칩 집적회로,2019.10,HK
-266,0,0,8542324010,266,7,HK,홍콩,제9301호ㆍ제9306호의 물품에 전용되거나 주로 사용되는 것,2019.10,HK
452772582,469706350,7247,8542324030,16933768,244,HK,홍콩,제8517호의 기기에 전용되거나 주로 사용되는 것,2019.10,HK
54856261,59543366,9070,8542321010,4687105,1015,HK,홍콩,디램,2019.11,HK
530369,532476,606,8542321020,2107,1,HK,홍콩,에스램,2019.11,HK
22941474,23306181,8092,8542321030,364707,101,HK,홍콩,플래시 메모리,2019.11,HK
722714,992943,499,8542321090,270229,408,HK,홍콩,기타,2019.11,HK
547495840,588389134,19746,8542323000,40893294,1384,HK,홍콩,복합구조칩 집적회로,2019.11,HK
477061244,495595616,7496,8542324030,18534372,286,HK,홍콩,제8517호의 기기에 전용되거나 주로 사용되는 것,2019.11,HK
45206,45206,6,8542324090,0,0,HK,홍콩,기타,2019.11,HK
53501091,66954181,9469,8542321010,13453090,2677,HK,홍콩,디램,2019.12,HK
479744,479744,676,8542321020,0,0,HK,홍콩,에스램,2019.12,HK
15292890,17250181,5230,8542321030,1957291,1201,HK,홍콩,플래시 메모리,2019.12,HK
447365,723114,300,8542321090,275749,88,HK,홍콩,기타,2019.12,HK
5280,5280,3,8542322000,0,0,HK,홍콩,하이브리드 집적회로,2019.12,HK
837500719,838465481,24357,8542323000,964762,27,HK,홍콩,복합구조칩 집적회로,2019.12,HK
388070959,389202135,6364,8542324030,1131176,65,HK,홍콩,제8517호의 기기에 전용되거나 주로 사용되는 것,2019.12,HK
4975,4975,3,8542324090,0,0,HK,홍콩,기타,2019.12,HK
314082722,456544110,22424,-,142461388,21485,-,-,-,총계,JP
7127733,10214712,594,8542321010,3086979,123,JP,일본,디램,2019.01,JP
355,5087,28,8542321020,4732,1,JP,일본,에스램,2019.01,JP
185176,188223,78,8542321030,3047,3,JP,일본,플래시 메모리,2019.01,JP
-1053421,30,1,8542321090,1053451,1477,JP,일본,기타,2019.01,JP
8486271,20161577,424,8542323000,11675306,205,JP,일본,복합구조칩 집적회로,2019.01,JP
5267215,5267360,134,8542324030,145,1,JP,일본,제8517호의 기기에 전용되거나 주로 사용되는 것,2019.01,JP
11064928,12451886,779,8542321010,1386958,93,JP,일본,디램,2019.02,JP
2656,5731,36,8542321020,3075,5,JP,일본,에스램,2019.02,JP
67322,79178,42,8542321030,11856,8,JP,일본,플래시 메모리,2019.02,JP
-1187993,5859,2,8542321090,1193852,2109,JP,일본,기타,2019.02,JP
354,354,2,8542322000,0,0,JP,일본,하이브리드 집적회로,2019.02,JP
9414749,17041521,387,8542323000,7626772,172,JP,일본,복합구조칩 집적회로,2019.02,JP
7565127,7565201,137,8542324030,74,3,JP,일본,제8517호의 기기에 전용되거나 주로 사용되는 것,2019.02,JP
-36063,0,0,8542324050,36063,4,JP,일본,제9031호의 기기에 전용되거나 주로 사용되는 것(반도체 제조용으로 한정한다),2019.02,JP
4664447,7816215,488,8542321010,3151768,279,JP,일본,디램,2019.03,JP
2198,2343,6,8542321020,145,1,JP,일본,에스램,2019.03,JP
48567,50419,24,8542321030,1852,4,JP,일본,플래시 메모리,2019.03,JP
-763287,29911,17,8542321090,793198,699,JP,일본,기타,2019.03,JP
2791600,13830554,340,8542323000,11038954,296,JP,일본,복합구조칩 집적회로,2019.03,JP
6767778,6767931,156,8542324030,153,2,JP,일본,제8517호의 기기에 전용되거나 주로 사용되는 것,2019.03,JP
4491818,6608973,458,8542321010,2117155,70,JP,일본,디램,2019.04,JP
-1928,1901,5,8542321020,3829,0,JP,일본,에스램,2019.04,JP
53699,54353,21,8542321030,654,3,JP,일본,플래시 메모리,2019.04,JP
-721594,3729,6,8542321090,725323,1296,JP,일본,기타,2019.04,JP
-1316,0,0,8542322000,1316,0,JP,일본,하이브리드 집적회로,2019.04,JP
10437905,16302056,304,8542323000,5864151,161,JP,일본,복합구조칩 집적회로,2019.04,JP
3962501,3962600,118,8542324030,99,1,JP,일본,제8517호의 기기에 전용되거나 주로 사용되는 것,2019.04,JP
16019574,19096528,1277,8542321010,3076954,129,JP,일본,디램,2019.05,JP
5194,5194,13,8542321020,0,0,JP,일본,에스램,2019.05,JP
54909,56347,25,8542321030,1438,1,JP,일본,플래시 메모리,2019.05,JP
-569034,12355,13,8542321090,581389,1043,JP,일본,기타,2019.05,JP
-1326,0,0,8542322000,1326,0,JP,일본,하이브리드 집적회로,2019.05,JP
3857280,15859614,465,8542323000,12002334,280,JP,일본,복합구조칩 집적회로,2019.05,JP
7758907,7804095,157,8542324030,45188,4,JP,일본,제8517호의 기기에 전용되거나 주로 사용되는 것,2019.05,JP
8553837,11804556,743,8542321010,3250719,152,JP,일본,디램,2019.06,JP
-19673,6536,26,8542321020,26209,2,JP,일본,에스램,2019.06,JP
940057,944536,243,8542321030,4479,0,JP,일본,플래시 메모리,2019.06,JP
-1056998,3874,2,8542321090,1060872,1654,JP,일본,기타,2019.06,JP
9709681,17949582,511,8542323000,8239901,194,JP,일본,복합구조칩 집적회로,2019.06,JP
-1304,0,0,8542324010,1304,1,JP,일본,제9301호ㆍ제9306호의 물품에 전용되거나 주로 사용되는 것,2019.06,JP
5486241,5486278,152,8542324030,37,1,JP,일본,제8517호의 기기에 전용되거나 주로 사용되는 것,2019.06,JP
14475672,17081111,1337,8542321010,2605439,218,JP,일본,디램,2019.07,JP
-46668,3820,25,8542321020,50488,12,JP,일본,에스램,2019.07,JP
38423,82006,48,8542321030,43583,12,JP,일본,플래시 메모리,2019.07,JP
-829826,14843,6,8542321090,844669,940,JP,일본,기타,2019.07,JP
-4032,0,0,8542322000,4032,10,JP,일본,하이브리드 집적회로,2019.07,JP
3648423,15103766,454,8542323000,11455343,490,JP,일본,복합구조칩 집적회로,2019.07,JP
5855469,5855655,148,8542324030,186,1,JP,일본,제8517호의 기기에 전용되거나 주로 사용되는 것,2019.07,JP
2228,2228,6,8542324090,0,0,JP,일본,기타,2019.07,JP
19136573,19708924,1399,8542321010,572351,189,JP,일본,디램,2019.08,JP
-22779,27,0,8542321020,22806,3,JP,일본,에스램,2019.08,JP
54914,55301,36,8542321030,387,4,JP,일본,플래시 메모리,2019.08,JP
-710826,78071,102,8542321090,788897,1031,JP,일본,기타,2019.08,JP
5423426,10634931,689,8542323000,5211505,122,JP,일본,복합구조칩 집적회로,2019.08,JP
4009874,4012394,110,8542324030,2520,3,JP,일본,제8517호의 기기에 전용되거나 주로 사용되는 것,2019.08,JP
5323,5323,4,8542324090,0,0,JP,일본,기타,2019.08,JP
11949454,18856968,1460,8542321010,6907514,385,JP,일본,디램,2019.09,JP
-1356,2794,14,8542321020,4150,0,JP,일본,에스램,2019.09,JP
592229,593284,269,8542321030,1055,4,JP,일본,플래시 메모리,2019.09,JP
-840734,14355,3,8542321090,855089,1225,JP,일본,기타,2019.09,JP
19947226,22789133,964,8542323000,2841907,130,JP,일본,복합구조칩 집적회로,2019.09,JP
7127074,7127115,218,8542324030,41,1,JP,일본,제8517호의 기기에 전용되거나 주로 사용되는 것,2019.09,JP
8618814,13980417,1108,8542321010,5361603,265,JP,일본,디램,2019.10,JP
4958,8955,49,8542321020,3997,0,JP,일본,에스램,2019.10,JP
291533,299262,151,8542321030,7729,5,JP,일본,플래시 메모리,2019.10,JP
-1211348,2768,7,8542321090,1214116,1999,JP,일본,기타,2019.10,JP
6180135,13076848,634,8542323000,6896713,209,JP,일본,복합구조칩 집적회로,2019.10,JP
4006936,4009452,131,8542324030,2516,2,JP,일본,제8517호의 기기에 전용되거나 주로 사용되는 것,2019.10,JP
5945950,9564735,821,8542321010,3618785,263,JP,일본,디램,2019.11,JP
1179,4202,26,8542321020,3023,2,JP,일본,에스램,2019.11,JP
-38413,77157,55,8542321030,115570,82,JP,일본,플래시 메모리,2019.11,JP
-934279,3116,3,8542321090,937395,911,JP,일본,기타,2019.11,JP
24394477,27536330,758,8542323000,3141853,72,JP,일본,복합구조칩 집적회로,2019.11,JP
3739273,3739285,124,8542324030,12,0,JP,일본,제8517호의 기기에 전용되거나 주로 사용되는 것,2019.11,JP
1964,1964,2,8542324090,0,0,JP,일본,기타,2019.11,JP
14518634,17052492,1417,8542321010,2533858,207,JP,일본,디램,2019.12,JP
-19556,1647,7,8542321020,21203,1,JP,일본,에스램,2019.12,JP
-47537,71045,51,8542321030,118582,13,JP,일본,플래시 메모리,2019.12,JP
-1568333,13045,16,8542321090,1581378,2045,JP,일본,기타,2019.12,JP
27710830,34328725,1449,8542323000,6617895,149,JP,일본,복합구조칩 집적회로,2019.12,JP
3303276,3303417,112,8542324030,141,2,JP,일본,제8517호의 기기에 전용되거나 주로 사용되는 것,2019.12,JP
57632620,159177217,28796,-,101544597,9045,-,-,-,총계,SG
7067400,9184883,1154,8542321010,2117483,27,SG,싱가포르,디램,2019.01,SG
2160,2160,8,8542321020,0,0,SG,싱가포르,에스램,2019.01,SG
-2156568,1131274,915,8542321030,3287842,415,SG,싱가포르,플래시 메모리,2019.01,SG
-3718430,248993,98,8542321090,3967423,1043,SG,싱가포르,기타,2019.01,SG
-231,0,0,8542322000,231,1,SG,싱가포르,하이브리드 집적회로,2019.01,SG
-2102834,2033076,52,8542323000,4135910,151,SG,싱가포르,복합구조칩 집적회로,2019.01,SG
118574,316819,8,8542324030,198245,5,SG,싱가포르,제8517호의 기기에 전용되거나 주로 사용되는 것,2019.01,SG
7261859,10009752,1058,8542321010,2747893,30,SG,싱가포르,디램,2019.02,SG
-224,0,0,8542321020,224,1,SG,싱가포르,에스램,2019.02,SG
306016,766162,794,8542321030,460146,227,SG,싱가포르,플래시 메모리,2019.02,SG
-41830,281581,109,8542321090,323411,88,SG,싱가포르,기타,2019.02,SG
-2585880,554560,57,8542323000,3140440,116,SG,싱가포르,복합구조칩 집적회로,2019.02,SG
343175,513066,8,8542324030,169891,4,SG,싱가포르,제8517호의 기기에 전용되거나 주로 사용되는 것,2019.02,SG
-7628,0,0,8542324090,7628,2,SG,싱가포르,기타,2019.02,SG
4128415,6991720,1160,8542321010,2863305,70,SG,싱가포르,디램,2019.03,SG
6141,6141,3,8542321020,0,0,SG,싱가포르,에스램,2019.03,SG
792917,970451,896,8542321030,177534,200,SG,싱가포르,플래시 메모리,2019.03,SG
-453327,290643,93,8542321090,743970,103,SG,싱가포르,기타,2019.03,SG
-2555395,437447,39,8542323000,2992842,126,SG,싱가포르,복합구조칩 집적회로,2019.03,SG
71373,71373,3,8542324030,0,0,SG,싱가포르,제8517호의 기기에 전용되거나 주로 사용되는 것,2019.03,SG
3904804,5261683,694,8542321010,1356879,13,SG,싱가포르,디램,2019.04,SG
-4630,0,0,8542321020,4630,3,SG,싱가포르,에스램,2019.04,SG
2576992,2606567,1640,8542321030,29575,22,SG,싱가포르,플래시 메모리,2019.04,SG
-899862,44752,28,8542321090,944614,160,SG,싱가포르,기타,2019.04,SG
-859222,780361,68,8542323000,1639583,38,SG,싱가포르,복합구조칩 집적회로,2019.04,SG
44706,44706,3,8542324030,0,0,SG,싱가포르,제8517호의 기기에 전용되거나 주로 사용되는 것,2019.04,SG
2761909,5215851,696,8542321010,2453942,40,SG,싱가포르,디램,2019.05,SG
1848,4368,18,8542321020,2520,1,SG,싱가포르,에스램,2019.05,SG
4175864,4902063,1693,8542321030,726199,79,SG,싱가포르,플래시 메모리,2019.05,SG
-1822130,15030,27,8542321090,1837160,329,SG,싱가포르,기타,2019.05,SG
-3057675,524469,34,8542323000,3582144,232,SG,싱가포르,복합구조칩 집적회로,2019.05,SG
638635,690021,21,8542324030,51386,1,SG,싱가포르,제8517호의 기기에 전용되거나 주로 사용되는 것,2019.05,SG
7597500,8545869,1800,8542321010,948369,10,SG,싱가포르,디램,2019.06,SG
3408,3408,13,8542321020,0,0,SG,싱가포르,에스램,2019.06,SG
805344,1474777,1849,8542321030,669433,331,SG,싱가포르,플래시 메모리,2019.06,SG
-556907,31783,48,8542321090,588690,199,SG,싱가포르,기타,2019.06,SG
-129031,2690932,67,8542323000,2819963,137,SG,싱가포르,복합구조칩 집적회로,2019.06,SG
98454,98454,6,8542324030,0,0,SG,싱가포르,제8517호의 기기에 전용되거나 주로 사용되는 것,2019.06,SG
181,181,2,8542324050,0,0,SG,싱가포르,제9031호의 기기에 전용되거나 주로 사용되는 것(반도체 제조용으로 한정한다),2019.06,SG
7894863,17926946,2904,8542321010,10032083,111,SG,싱가포르,디램,2019.07,SG
4656,4656,17,8542321020,0,0,SG,싱가포르,에스램,2019.07,SG
9699,956318,1110,8542321030,946619,209,SG,싱가포르,플래시 메모리,2019.07,SG
-2497483,21387,18,8542321090,2518870,631,SG,싱가포르,기타,2019.07,SG
2567319,3571000,66,8542323000,1003681,90,SG,싱가포르,복합구조칩 집적회로,2019.07,SG
677722,682353,15,8542324030,4631,1,SG,싱가포르,제8517호의 기기에 전용되거나 주로 사용되는 것,2019.07,SG
1026,1026,1,8542324090,0,0,SG,싱가포르,기타,2019.07,SG
3892546,6406814,875,8542321010,2514268,24,SG,싱가포르,디램,2019.08,SG
822969,1627798,1014,8542321030,804829,159,SG,싱가포르,플래시 메모리,2019.08,SG
-3875038,5654,7,8542321090,3880692,678,SG,싱가포르,기타,2019.08,SG
342286,776089,51,8542323000,433803,39,SG,싱가포르,복합구조칩 집적회로,2019.08,SG
1017178,1017178,21,8542324030,0,0,SG,싱가포르,제8517호의 기기에 전용되거나 주로 사용되는 것,2019.08,SG
-4080418,11680346,956,8542321010,15760764,197,SG,싱가포르,디램,2019.09,SG
3744,3744,15,8542321020,0,0,SG,싱가포르,에스램,2019.09,SG
939687,966822,1123,8542321030,27135,19,SG,싱가포르,플래시 메모리,2019.09,SG
-2097842,4068,3,8542321090,2101910,649,SG,싱가포르,기타,2019.09,SG
63751,770539,56,8542323000,706788,28,SG,싱가포르,복합구조칩 집적회로,2019.09,SG
2324790,2324790,47,8542324030,0,0,SG,싱가포르,제8517호의 기기에 전용되거나 주로 사용되는 것,2019.09,SG
3813818,10210178,1102,8542321010,6396360,46,SG,싱가포르,디램,2019.10,SG
1872,1872,8,8542321020,0,0,SG,싱가포르,에스램,2019.10,SG
369013,494050,483,8542321030,125037,191,SG,싱가포르,플래시 메모리,2019.10,SG
-1000994,3895,6,8542321090,1004889,434,SG,싱가포르,기타,2019.10,SG
661801,1460681,60,8542323000,798880,90,SG,싱가포르,복합구조칩 집적회로,2019.10,SG
19071,19071,0,8542324030,0,0,SG,싱가포르,제8517호의 기기에 전용되거나 주로 사용되는 것,2019.10,SG
9979260,12486655,1183,8542321010,2507395,107,SG,싱가포르,디램,2019.11,SG
95216,119895,149,8542321030,24679,31,SG,싱가포르,플래시 메모리,2019.11,SG
-1066950,28457,16,8542321090,1095407,215,SG,싱가포르,기타,2019.11,SG
1314142,2284761,130,8542323000,970619,148,SG,싱가포르,복합구조칩 집적회로,2019.11,SG
5380,5380,0,8542324030,0,0,SG,싱가포르,제8517호의 기기에 전용되거나 주로 사용되는 것,2019.11,SG
12523310,13120797,1131,8542321010,597487,116,SG,싱가포르,디램,2019.12,SG
9360,9360,32,8542321020,0,0,SG,싱가포르,에스램,2019.12,SG
535689,571122,774,8542321030,35433,16,SG,싱가포르,플래시 메모리,2019.12,SG
-1133643,267325,147,8542321090,1400968,560,SG,싱가포르,기타,2019.12,SG
1737427,2592158,115,8542323000,854731,52,SG,싱가포르,복합구조칩 집적회로,2019.12,SG
1522,8656,1,8542324030,7134,1,SG,싱가포르,제8517호의 기기에 전용되거나 주로 사용되는 것,2019.12,SG
56244829,75059717,4669,-,18814888,3230,-,-,-,총계,MY
5978314,5984496,322,8542321010,6182,4,MY,말레이시아,디램,2019.01,MY
11400,11400,5,8542321020,0,0,MY,말레이시아,에스램,2019.01,MY
-559091,40037,3,8542321030,599128,233,MY,말레이시아,플래시 메모리,2019.01,MY
-406800,0,0,8542321090,406800,88,MY,말레이시아,기타,2019.01,MY
589127,719066,17,8542323000,129939,3,MY,말레이시아,복합구조칩 집적회로,2019.01,MY
231578,231578,8,8542324030,0,0,MY,말레이시아,제8517호의 기기에 전용되거나 주로 사용되는 것,2019.01,MY
3959049,3959889,336,8542321010,840,1,MY,말레이시아,디램,2019.02,MY
-2078,0,0,8542321020,2078,0,MY,말레이시아,에스램,2019.02,MY
-428634,14679,3,8542321030,443313,86,MY,말레이시아,플래시 메모리,2019.02,MY
-818894,176,0,8542321090,819070,45,MY,말레이시아,기타,2019.02,MY
496486,573020,19,8542323000,76534,12,MY,말레이시아,복합구조칩 집적회로,2019.02,MY
719469,719469,27,8542324030,0,0,MY,말레이시아,제8517호의 기기에 전용되거나 주로 사용되는 것,2019.02,MY
4484282,4484297,272,8542321010,15,0,MY,말레이시아,디램,2019.03,MY
-344,0,0,8542321020,344,0,MY,말레이시아,에스램,2019.03,MY
-216357,103582,14,8542321030,319939,71,MY,말레이시아,플래시 메모리,2019.03,MY
-35611,1999,1,8542321090,37610,19,MY,말레이시아,기타,2019.03,MY
246444,246599,7,8542323000,155,0,MY,말레이시아,복합구조칩 집적회로,2019.03,MY
1942629,1944546,79,8542324030,1917,2,MY,말레이시아,제8517호의 기기에 전용되거나 주로 사용되는 것,2019.03,MY
3370939,3370954,276,8542321010,15,1,MY,말레이시아,디램,2019.04,MY
-8294,0,0,8542321020,8294,2,MY,말레이시아,에스램,2019.04,MY
46840,403405,27,8542321030,356565,95,MY,말레이시아,플래시 메모리,2019.04,MY
-493480,0,0,8542321090,493480,194,MY,말레이시아,기타,2019.04,MY
531769,611016,17,8542323000,79247,2,MY,말레이시아,복합구조칩 집적회로,2019.04,MY
2007133,2008483,90,8542324030,1350,1,MY,말레이시아,제8517호의 기기에 전용되거나 주로 사용되는 것,2019.04,MY
1526412,1526424,128,8542321010,12,0,MY,말레이시아,디램,2019.05,MY
-2640,0,0,8542321020,2640,1,MY,말레이시아,에스램,2019.05,MY
185554,695132,51,8542321030,509578,196,MY,말레이시아,플래시 메모리,2019.05,MY
-44355,0,0,8542321090,44355,22,MY,말레이시아,기타,2019.05,MY
481969,999677,24,8542323000,517708,7,MY,말레이시아,복합구조칩 집적회로,2019.05,MY
2181433,2185303,87,8542324030,3870,2,MY,말레이시아,제8517호의 기기에 전용되거나 주로 사용되는 것,2019.05,MY
3318530,3332713,284,8542321010,14183,2,MY,말레이시아,디램,2019.06,MY
-3513,768,2,8542321020,4281,1,MY,말레이시아,에스램,2019.06,MY
112143,455659,40,8542321030,343516,118,MY,말레이시아,플래시 메모리,2019.06,MY
-33522,6979,1,8542321090,40501,19,MY,말레이시아,기타,2019.06,MY
-425851,491649,18,8542323000,917500,13,MY,말레이시아,복합구조칩 집적회로,2019.06,MY
1514978,1527994,49,8542324030,13016,2,MY,말레이시아,제8517호의 기기에 전용되거나 주로 사용되는 것,2019.06,MY
3260981,3268476,229,8542321010,7495,3,MY,말레이시아,디램,2019.07,MY
-2582,0,0,8542321020,2582,1,MY,말레이시아,에스램,2019.07,MY
-390068,25455,10,8542321030,415523,131,MY,말레이시아,플래시 메모리,2019.07,MY
-302539,5,0,8542321090,302544,102,MY,말레이시아,기타,2019.07,MY
-587553,445094,21,8542323000,1032647,15,MY,말레이시아,복합구조칩 집적회로,2019.07,MY
2079019,2103962,85,8542324030,24943,5,MY,말레이시아,제8517호의 기기에 전용되거나 주로 사용되는 것,2019.07,MY
2120007,2120041,191,8542321010,34,1,MY,말레이시아,디램,2019.08,MY
-3318,0,0,8542321020,3318,1,MY,말레이시아,에스램,2019.08,MY
-196028,28632,2,8542321030,224660,108,MY,말레이시아,플래시 메모리,2019.08,MY
-16465,0,0,8542321090,16465,9,MY,말레이시아,기타,2019.08,MY
323088,1546706,44,8542323000,1223618,38,MY,말레이시아,복합구조칩 집적회로,2019.08,MY
-122,0,0,8542324010,122,0,MY,말레이시아,제9301호ㆍ제9306호의 물품에 전용되거나 주로 사용되는 것,2019.08,MY
2057001,2057001,86,8542324030,0,0,MY,말레이시아,제8517호의 기기에 전용되거나 주로 사용되는 것,2019.08,MY
3412458,3413171,323,8542321010,713,2,MY,말레이시아,디램,2019.09,MY
-2529,0,0,8542321020,2529,1,MY,말레이시아,에스램,2019.09,MY
-196247,102173,11,8542321030,298420,104,MY,말레이시아,플래시 메모리,2019.09,MY
-892956,0,0,8542321090,892956,340,MY,말레이시아,기타,2019.09,MY
-55183,1227383,60,8542323000,1282566,13,MY,말레이시아,복합구조칩 집적회로,2019.09,MY
2222753,2253609,86,8542324030,30856,6,MY,말레이시아,제8517호의 기기에 전용되거나 주로 사용되는 것,2019.09,MY
2529715,2545399,280,8542321010,15684,3,MY,말레이시아,디램,2019.10,MY
-699,768,2,8542321020,1467,1,MY,말레이시아,에스램,2019.10,MY
-351838,37269,4,8542321030,389107,142,MY,말레이시아,플래시 메모리,2019.10,MY
-333063,15402,28,8542321090,348465,161,MY,말레이시아,기타,2019.10,MY
1190305,2004297,50,8542323000,813992,28,MY,말레이시아,복합구조칩 집적회로,2019.10,MY
2141142,2141142,83,8542324030,0,0,MY,말레이시아,제8517호의 기기에 전용되거나 주로 사용되는 것,2019.10,MY
3622180,3628510,284,8542321010,6330,0,MY,말레이시아,디램,2019.11,MY
-904,4500,3,8542321020,5404,1,MY,말레이시아,에스램,2019.11,MY
-412379,32501,10,8542321030,444880,107,MY,말레이시아,플래시 메모리,2019.11,MY
-990277,2423,1,8542321090,992700,67,MY,말레이시아,기타,2019.11,MY
1040519,2137908,73,8542323000,1097389,18,MY,말레이시아,복합구조칩 집적회로,2019.11,MY
315566,325038,10,8542324030,9472,3,MY,말레이시아,제8517호의 기기에 전용되거나 주로 사용되는 것,2019.11,MY
5609920,5618714,428,8542321010,8794,4,MY,말레이시아,디램,2019.12,MY
-6464,0,0,8542321020,6464,1,MY,말레이시아,에스램,2019.12,MY
-313246,42507,10,8542321030,355753,83,MY,말레이시아,플래시 메모리,2019.12,MY
-1852146,0,0,8542321090,1852146,362,MY,말레이시아,기타,2019.12,MY
722466,1196312,38,8542323000,473846,118,MY,말레이시아,복합구조칩 집적회로,2019.12,MY
53824,84330,7,8542324030,30506,6,MY,말레이시아,제8517호의 기기에 전용되거나 주로 사용되는 것,2019.12,MY
-6523,0,0,8542324090,6523,2,MY,말레이시아,기타,2019.12,MY
2011698464,2027466376,107276,-,15767912,6206,-,-,-,총계,PH
276330884,276360349,6469,8542321010,29465,5,PH,필리핀,디램,2019.01,PH
-39772,0,0,8542321020,39772,9,PH,필리핀,에스램,2019.01,PH
7747892,8081974,301,8542321030,334082,128,PH,필리핀,플래시 메모리,2019.01,PH
-175269,11032,2,8542321090,186301,131,PH,필리핀,기타,2019.01,PH
1987131,2303902,156,8542323000,316771,227,PH,필리핀,복합구조칩 집적회로,2019.01,PH
80,80,0,8542324090,0,0,PH,필리핀,기타,2019.01,PH
143886600,143962187,4473,8542321010,75587,29,PH,필리핀,디램,2019.02,PH
-12229,0,0,8542321020,12229,5,PH,필리핀,에스램,2019.02,PH
2509861,2767828,98,8542321030,257967,83,PH,필리핀,플래시 메모리,2019.02,PH
-352489,0,0,8542321090,352489,268,PH,필리핀,기타,2019.02,PH
7418429,7516036,671,8542323000,97607,69,PH,필리핀,복합구조칩 집적회로,2019.02,PH
148798728,148812863,5052,8542321010,14135,22,PH,필리핀,디램,2019.03,PH
-5221,0,0,8542321020,5221,1,PH,필리핀,에스램,2019.03,PH
1914085,2286601,121,8542321030,372516,150,PH,필리핀,플래시 메모리,2019.03,PH
-200466,3000,1,8542321090,203466,185,PH,필리핀,기타,2019.03,PH
13971012,14125212,1100,8542323000,154200,106,PH,필리핀,복합구조칩 집적회로,2019.03,PH
159515492,160338500,5002,8542321010,823008,263,PH,필리핀,디램,2019.04,PH
-8136,0,0,8542321020,8136,12,PH,필리핀,에스램,2019.04,PH
2995592,3340699,176,8542321030,345107,97,PH,필리핀,플래시 메모리,2019.04,PH
-355380,688,0,8542321090,356068,293,PH,필리핀,기타,2019.04,PH
2786293,4404930,531,8542323000,1618637,156,PH,필리핀,복합구조칩 집적회로,2019.04,PH
157693641,157694074,6736,8542321010,433,1,PH,필리핀,디램,2019.05,PH
-1762,0,0,8542321020,1762,3,PH,필리핀,에스램,2019.05,PH
13586990,13834439,912,8542321030,247449,82,PH,필리핀,플래시 메모리,2019.05,PH
-349185,0,0,8542321090,349185,151,PH,필리핀,기타,2019.05,PH
11122429,11254645,1018,8542323000,132216,93,PH,필리핀,복합구조칩 집적회로,2019.05,PH
155512717,155910388,7189,8542321010,397671,56,PH,필리핀,디램,2019.06,PH
-4118,0,0,8542321020,4118,5,PH,필리핀,에스램,2019.06,PH
8185561,8455333,453,8542321030,269772,90,PH,필리핀,플래시 메모리,2019.06,PH
-186549,0,0,8542321090,186549,94,PH,필리핀,기타,2019.06,PH
4740259,4770876,474,8542323000,30617,22,PH,필리핀,복합구조칩 집적회로,2019.06,PH
163362364,164613758,9064,8542321010,1251394,195,PH,필리핀,디램,2019.07,PH
-5066,0,0,8542321020,5066,4,PH,필리핀,에스램,2019.07,PH
2163454,2525462,162,8542321030,362008,117,PH,필리핀,플래시 메모리,2019.07,PH
-220729,78,4,8542321090,220807,218,PH,필리핀,기타,2019.07,PH
-50970,0,0,8542322000,50970,33,PH,필리핀,하이브리드 집적회로,2019.07,PH
10404074,10576068,808,8542323000,171994,120,PH,필리핀,복합구조칩 집적회로,2019.07,PH
-5,0,0,8542324010,5,0,PH,필리핀,제9301호ㆍ제9306호의 물품에 전용되거나 주로 사용되는 것,2019.07,PH
133342015,134592887,6852,8542321010,1250872,351,PH,필리핀,디램,2019.08,PH
-4738,0,0,8542321020,4738,1,PH,필리핀,에스램,2019.08,PH
13229662,13370461,877,8542321030,140799,52,PH,필리핀,플래시 메모리,2019.08,PH
-178743,1,0,8542321090,178744,139,PH,필리핀,기타,2019.08,PH
-7743,0,0,8542322000,7743,6,PH,필리핀,하이브리드 집적회로,2019.08,PH
8622194,8847748,646,8542323000,225554,157,PH,필리핀,복합구조칩 집적회로,2019.08,PH
-2,0,0,8542324010,2,0,PH,필리핀,제9301호ㆍ제9306호의 물품에 전용되거나 주로 사용되는 것,2019.08,PH
139628728,139987498,10061,8542321010,358770,56,PH,필리핀,디램,2019.09,PH
-2925,0,0,8542321020,2925,3,PH,필리핀,에스램,2019.09,PH
10843861,11122354,784,8542321030,278493,94,PH,필리핀,플래시 메모리,2019.09,PH
-130028,1,0,8542321090,130029,99,PH,필리핀,기타,2019.09,PH
4532425,4831532,239,8542323000,299107,210,PH,필리핀,복합구조칩 집적회로,2019.09,PH
127736557,128556471,20123,8542321010,819914,213,PH,필리핀,디램,2019.10,PH
-10711,0,0,8542321020,10711,4,PH,필리핀,에스램,2019.10,PH
19170241,19467750,1131,8542321030,297509,117,PH,필리핀,플래시 메모리,2019.10,PH
-178291,4054,1,8542321090,182345,85,PH,필리핀,기타,2019.10,PH
8669435,8903493,792,8542323000,234058,166,PH,필리핀,복합구조칩 집적회로,2019.10,PH
117366014,117905145,6370,8542321010,539131,84,PH,필리핀,디램,2019.11,PH
-1713,0,0,8542321020,1713,1,PH,필리핀,에스램,2019.11,PH
7835637,8063475,456,8542321030,227838,90,PH,필리핀,플래시 메모리,2019.11,PH
-128444,1,0,8542321090,128445,101,PH,필리핀,기타,2019.11,PH
3983807,4151914,453,8542323000,168107,119,PH,필리핀,복합구조칩 집적회로,2019.11,PH
117326960,117476954,7061,8542321010,149994,26,PH,필리핀,디램,2019.12,PH
-2751,0,0,8542321020,2751,1,PH,필리핀,에스램,2019.12,PH
4962761,5231913,299,8542321030,269152,117,PH,필리핀,플래시 메모리,2019.12,PH
-189244,4019,1,8542321090,193263,122,PH,필리핀,기타,2019.12,PH
617278,997703,159,8542323000,380425,268,PH,필리핀,복합구조칩 집적회로,2019.12,PH
14745159797,28367822209,1378905,-,13622662412,689231,-,-,-,총계,CN
479660595,954505630,42864,8542321010,474845035,29875,CN,중국,디램,2020.01,CN
-1363,0,0,8542321020,1363,1,CN,중국,에스램,2020.01,CN
409327911,478134498,35010,8542321030,68806587,6219,CN,중국,플래시 메모리,2020.01,CN
-2529507,990237,526,8542321090,3519744,2205,CN,중국,기타,2020.01,CN
432694,443621,462,8542322000,10927,18,CN,중국,하이브리드 집적회로,2020.01,CN
90586735,446203350,12828,8542323000,355616615,9252,CN,중국,복합구조칩 집적회로,2020.01,CN
-421355,21365938,335,8542324030,21787293,414,CN,중국,제8517호의 기기에 전용되거나 주로 사용되는 것,2020.01,CN
84000,84000,165,8542324090,0,0,CN,중국,기타,2020.01,CN
596099527,1020829101,41024,8542321010,424729574,27958,CN,중국,디램,2020.02,CN
-6625,250,1,8542321020,6875,8,CN,중국,에스램,2020.02,CN
334324491,408833884,31080,8542321030,74509393,9266,CN,중국,플래시 메모리,2020.02,CN
-2584675,990104,1534,8542321090,3574779,1681,CN,중국,기타,2020.02,CN
232490,280844,460,8542322000,48354,23,CN,중국,하이브리드 집적회로,2020.02,CN
-146513223,432473255,14471,8542323000,578986478,15072,CN,중국,복합구조칩 집적회로,2020.02,CN
-64856101,52330788,771,8542324030,117186889,1748,CN,중국,제8517호의 기기에 전용되거나 주로 사용되는 것,2020.02,CN
29774,29774,9,8542324060,0,0,CN,중국,제8425호ㆍ제8426호ㆍ제8428호ㆍ제8429호ㆍ제8430호ㆍ제8443.99호ㆍ8470호ㆍ제8471호ㆍ제8472호ㆍ제9026호ㆍ제9030호ㆍ제9504호의 기계 또는 기기에 전용되거나 주로 사용되는 것,2020.02,CN
56000,56000,110,8542324090,0,0,CN,중국,기타,2020.02,CN
626941233,1102690367,43925,8542321010,475749134,30364,CN,중국,디램,2020.03,CN
-62380,92,1,8542321020,62472,72,CN,중국,에스램,2020.03,CN
364451264,396121982,30758,8542321030,31670718,3265,CN,중국,플래시 메모리,2020.03,CN
-1307895,1418401,1586,8542321090,2726296,2541,CN,중국,기타,2020.03,CN
94023,108807,74,8542322000,14784,25,CN,중국,하이브리드 집적회로,2020.03,CN
221624336,676139079,16074,8542323000,454514743,9361,CN,중국,복합구조칩 집적회로,2020.03,CN
30048499,43752696,477,8542324030,13704197,347,CN,중국,제8517호의 기기에 전용되거나 주로 사용되는 것,2020.03,CN
29594,29594,1,8542324060,0,0,CN,중국,제8425호ㆍ제8426호ㆍ제8428호ㆍ제8429호ㆍ제8430호ㆍ제8443.99호ㆍ8470호ㆍ제8471호ㆍ제8472호ㆍ제9026호ㆍ제9030호ㆍ제9504호의 기계 또는 기기에 전용되거나 주로 사용되는 것,2020.03,CN
113502,114367,222,8542324090,865,1,CN,중국,기타,2020.03,CN
647215282,1183233558,45962,8542321010,536018276,32879,CN,중국,디램,2020.04,CN
-81078,0,0,8542321020,81078,92,CN,중국,에스램,2020.04,CN
419253887,488137863,35661,8542321030,68883976,6232,CN,중국,플래시 메모리,2020.04,CN
550480,1421660,582,8542321090,871180,1504,CN,중국,기타,2020.04,CN
428897,461930,814,8542322000,33033,12,CN,중국,하이브리드 집적회로,2020.04,CN
114585451,581777936,15447,8542323000,467192485,9851,CN,중국,복합구조칩 집적회로,2020.04,CN
43146746,66289414,844,8542324030,23142668,394,CN,중국,제8517호의 기기에 전용되거나 주로 사용되는 것,2020.04,CN
79540,85672,888,8542324090,6132,2,CN,중국,기타,2020.04,CN
749116383,1287318176,57097,8542321010,538201793,35030,CN,중국,디램,2020.05,CN
-64576,24,0,8542321020,64600,67,CN,중국,에스램,2020.05,CN
304581892,422622377,28406,8542321030,118040485,10793,CN,중국,플래시 메모리,2020.05,CN
-1592279,857182,518,8542321090,2449461,2028,CN,중국,기타,2020.05,CN
328930,335925,388,8542322000,6995,26,CN,중국,하이브리드 집적회로,2020.05,CN
565831284,1134481212,24150,8542323000,568649928,10002,CN,중국,복합구조칩 집적회로,2020.05,CN
49494119,76366119,936,8542324030,26872000,600,CN,중국,제8517호의 기기에 전용되거나 주로 사용되는 것,2020.05,CN
54963,57736,110,8542324090,2773,0,CN,중국,기타,2020.05,CN
933232004,1299505975,82527,8542321010,366273971,39440,CN,중국,디램,2020.06,CN
-111175,0,0,8542321020,111175,375,CN,중국,에스램,2020.06,CN
315622877,414725625,28605,8542321030,99102748,9629,CN,중국,플래시 메모리,2020.06,CN
-3007157,757392,786,8542321090,3764549,2250,CN,중국,기타,2020.06,CN
495845,510165,883,8542322000,14320,25,CN,중국,하이브리드 집적회로,2020.06,CN
252108185,764284551,16789,8542323000,512176366,10950,CN,중국,복합구조칩 집적회로,2020.06,CN
25368577,66906368,966,8542324030,41537791,808,CN,중국,제8517호의 기기에 전용되거나 주로 사용되는 것,2020.06,CN
-674,0,0,8542324040,674,0,CN,중국,제8528.42호ㆍ제8528.52호ㆍ제8528.62호ㆍ제8531.20호의 기기에 전용되거나 주로 사용되는 것,2020.06,CN
-63,0,0,8542324060,63,1,CN,중국,제8425호ㆍ제8426호ㆍ제8428호ㆍ제8429호ㆍ제8430호ㆍ제8443.99호ㆍ8470호ㆍ제8471호ㆍ제8472호ㆍ제9026호ㆍ제9030호ㆍ제9504호의 기계 또는 기기에 전용되거나 주로 사용되는 것,2020.06,CN
68409,71539,118,8542324090,3130,1,CN,중국,기타,2020.06,CN
999962786,1334077104,90776,8542321010,334114318,32006,CN,중국,디램,2020.07,CN
56050,111914,42,8542321020,55864,130,CN,중국,에스램,2020.07,CN
367858895,436885959,30596,8542321030,69027064,6879,CN,중국,플래시 메모리,2020.07,CN
-1703857,1172244,1023,8542321090,2876101,2275,CN,중국,기타,2020.07,CN
831435,831435,920,8542322000,0,0,CN,중국,하이브리드 집적회로,2020.07,CN
149611092,712956497,20530,8542323000,563345405,11020,CN,중국,복합구조칩 집적회로,2020.07,CN
44958754,88564892,1315,8542324030,43606138,519,CN,중국,제8517호의 기기에 전용되거나 주로 사용되는 것,2020.07,CN
107677,112000,220,8542324090,4323,1,CN,중국,기타,2020.07,CN
947630723,1289953335,69456,8542321010,342322612,29527,CN,중국,디램,2020.08,CN
-16513,60027,20,8542321020,76540,118,CN,중국,에스램,2020.08,CN
300941556,449530342,32997,8542321030,148588786,10090,CN,중국,플래시 메모리,2020.08,CN
-640778,1102181,761,8542321090,1742959,2084,CN,중국,기타,2020.08,CN
318628,319020,353,8542322000,392,16,CN,중국,하이브리드 집적회로,2020.08,CN
154753419,804133543,22116,8542323000,649380124,13475,CN,중국,복합구조칩 집적회로,2020.08,CN
-68,0,0,8542324020,68,2,CN,중국,제9032호의 기기에 전용되거나 주로 사용되는 것(항공기용으로 한정한다),2020.08,CN
41369497,92813979,1067,8542324030,51444482,629,CN,중국,제8517호의 기기에 전용되거나 주로 사용되는 것,2020.08,CN
3581,3581,4,8542324090,0,0,CN,중국,기타,2020.08,CN
928850159,1296604133,73874,8542321010,367753974,32099,CN,중국,디램,2020.09,CN
-47327,1201,3,8542321020,48528,53,CN,중국,에스램,2020.09,CN
341846812,507991344,39917,8542321030,166144532,11687,CN,중국,플래시 메모리,2020.09,CN
947677,2510427,1742,8542321090,1562750,2164,CN,중국,기타,2020.09,CN
445932,446675,645,8542322000,743,3,CN,중국,하이브리드 집적회로,2020.09,CN
213952748,801402940,21577,8542323000,587450192,12296,CN,중국,복합구조칩 집적회로,2020.09,CN
-7638037,27871294,408,8542324030,35509331,553,CN,중국,제8517호의 기기에 전용되거나 주로 사용되는 것,2020.09,CN
-155,0,0,8542324060,155,0,CN,중국,제8425호ㆍ제8426호ㆍ제8428호ㆍ제8429호ㆍ제8430호ㆍ제8443.99호ㆍ8470호ㆍ제8471호ㆍ제8472호ㆍ제9026호ㆍ제9030호ㆍ제9504호의 기계 또는 기기에 전용되거나 주로 사용되는 것,2020.09,CN
-3271,0,0,8542324090,3271,1,CN,중국,기타,2020.09,CN
861892094,1311332265,73739,8542321010,449440171,34676,CN,중국,디램,2020.10,CN
-88713,1361,1,8542321020,90074,96,CN,중국,에스램,2020.10,CN
285299790,437252565,32323,8542321030,151952775,10690,CN,중국,플래시 메모리,2020.10,CN
-113898,1131246,802,8542321090,1245144,2177,CN,중국,기타,2020.10,CN
720409,757808,969,8542322000,37399,34,CN,중국,하이브리드 집적회로,2020.10,CN
-90438265,547914567,16752,8542323000,638352832,12186,CN,중국,복합구조칩 집적회로,2020.10,CN
-19833371,33258839,539,8542324030,53092210,927,CN,중국,제8517호의 기기에 전용되거나 주로 사용되는 것,2020.10,CN
38863,42000,83,8542324090,3137,0,CN,중국,기타,2020.10,CN
699227253,1198644455,65197,8542321010,499417202,41526,CN,중국,디램,2020.11,CN
-52598,53451,15,8542321020,106049,113,CN,중국,에스램,2020.11,CN
239122501,381602949,31511,8542321030,142480448,11067,CN,중국,플래시 메모리,2020.11,CN
-657644,2824525,1513,8542321090,3482169,2848,CN,중국,기타,2020.11,CN
625236,628506,920,8542322000,3270,32,CN,중국,하이브리드 집적회로,2020.11,CN
-40671104,469893397,15829,8542323000,510564501,10469,CN,중국,복합구조칩 집적회로,2020.11,CN
-24886483,28925283,446,8542324030,53811766,824,CN,중국,제8517호의 기기에 전용되거나 주로 사용되는 것,2020.11,CN
-7,0,0,8542324060,7,0,CN,중국,제8425호ㆍ제8426호ㆍ제8428호ㆍ제8429호ㆍ제8430호ㆍ제8443.99호ㆍ8470호ㆍ제8471호ㆍ제8472호ㆍ제9026호ㆍ제9030호ㆍ제9504호의 기계 또는 기기에 전용되거나 주로 사용되는 것,2020.11,CN
101520,112800,222,8542324090,11280,6,CN,중국,기타,2020.11,CN
615362887,1067099889,49358,8542321010,451737002,38410,CN,중국,디램,2020.12,CN
-54509,0,0,8542321020,54509,36,CN,중국,에스램,2020.12,CN
325422491,534885280,35377,8542321030,209462789,17078,CN,중국,플래시 메모리,2020.12,CN
177842,2149920,836,8542321090,1972078,2349,CN,중국,기타,2020.12,CN
200673,207291,305,8542322000,6618,10,CN,중국,하이브리드 집적회로,2020.12,CN
20100690,625034469,23629,8542323000,604933779,13138,CN,중국,복합구조칩 집적회로,2020.12,CN
36643823,46403303,793,8542324030,9759480,205,CN,중국,제8517호의 기기에 전용되거나 주로 사용되는 것,2020.12,CN
-92,0,0,8542324060,92,0,CN,중국,제8425호ㆍ제8426호ㆍ제8428호ㆍ제8429호ㆍ제8430호ㆍ제8443.99호ㆍ8470호ㆍ제8471호ㆍ제8472호ㆍ제9026호ㆍ제9030호ㆍ제9504호의 기계 또는 기기에 전용되거나 주로 사용되는 것,2020.12,CN
62701,74915,138,8542324090,12214,2,CN,중국,기타,2020.12,CN
1814942975,2499039669,179545,-,684096694,130051,-,-,-,총계,TW
42795330,49601806,12392,8542321010,6806476,4778,TW,대만,디램,2020.01,TW
-48455,4838,15,8542321020,53293,33,TW,대만,에스램,2020.01,TW
7127997,12720471,2201,8542321030,5592474,3453,TW,대만,플래시 메모리,2020.01,TW
-7870581,479,2,8542321090,7871060,1361,TW,대만,기타,2020.01,TW
24751472,42986452,1365,8542323000,18234980,1514,TW,대만,복합구조칩 집적회로,2020.01,TW
649235,663425,182,8542324030,14190,1,TW,대만,제8517호의 기기에 전용되거나 주로 사용되는 것,2020.01,TW
37282747,50701401,8465,8542321010,13418654,7491,TW,대만,디램,2020.02,TW
-35097,3629,10,8542321020,38726,37,TW,대만,에스램,2020.02,TW
15214793,20807322,4739,8542321030,5592529,3505,TW,대만,플래시 메모리,2020.02,TW
-7526251,278,6,8542321090,7526529,1496,TW,대만,기타,2020.02,TW
-33552,0,0,8542322000,33552,56,TW,대만,하이브리드 집적회로,2020.02,TW
85118740,96163726,2301,8542323000,11044986,1316,TW,대만,복합구조칩 집적회로,2020.02,TW
-1026452,198920,28,8542324030,1225372,10,TW,대만,제8517호의 기기에 전용되거나 주로 사용되는 것,2020.02,TW
2256,2256,12,8542324090,0,0,TW,대만,기타,2020.02,TW
69854403,77102721,13008,8542321010,7248318,2898,TW,대만,디램,2020.03,TW
-44865,2522,8,8542321020,47387,33,TW,대만,에스램,2020.03,TW
11204964,16680965,2881,8542321030,5476001,3575,TW,대만,플래시 메모리,2020.03,TW
-5718724,4369,8,8542321090,5723093,1058,TW,대만,기타,2020.03,TW
68666608,74345801,1547,8542323000,5679193,1155,TW,대만,복합구조칩 집적회로,2020.03,TW
3364639,3404491,211,8542324030,39852,3,TW,대만,제8517호의 기기에 전용되거나 주로 사용되는 것,2020.03,TW
-21725,0,0,8542324090,21725,8,TW,대만,기타,2020.03,TW
30848592,44073240,6779,8542321010,13224648,4683,TW,대만,디램,2020.04,TW
-55951,6343,5,8542321020,62294,47,TW,대만,에스램,2020.04,TW
-214648,5505761,1183,8542321030,5720409,2808,TW,대만,플래시 메모리,2020.04,TW
-4592891,0,0,8542321090,4592891,955,TW,대만,기타,2020.04,TW
48972258,65213177,1603,8542323000,16240919,1447,TW,대만,복합구조칩 집적회로,2020.04,TW
553777,560936,13,8542324030,7159,1,TW,대만,제8517호의 기기에 전용되거나 주로 사용되는 것,2020.04,TW
-32051,183,0,8542324090,32234,2,TW,대만,기타,2020.04,TW
39525683,51106760,11082,8542321010,11581077,2313,TW,대만,디램,2020.05,TW
-2442,10345,18,8542321020,12787,12,TW,대만,에스램,2020.05,TW
2514107,7269095,1074,8542321030,4754988,2470,TW,대만,플래시 메모리,2020.05,TW
-6759897,2769,9,8542321090,6762666,1463,TW,대만,기타,2020.05,TW
57622866,87956421,1550,8542323000,30333555,1942,TW,대만,복합구조칩 집적회로,2020.05,TW
8255330,8714468,451,8542324030,459138,10,TW,대만,제8517호의 기기에 전용되거나 주로 사용되는 것,2020.05,TW
70845530,76605695,11948,8542321010,5760165,1270,TW,대만,디램,2020.06,TW
-61633,1196,1,8542321020,62829,31,TW,대만,에스램,2020.06,TW
-3064718,5110082,1277,8542321030,8174800,3478,TW,대만,플래시 메모리,2020.06,TW
-7161192,3808,1,8542321090,7165000,1194,TW,대만,기타,2020.06,TW
74991373,108848199,2168,8542323000,33856826,1619,TW,대만,복합구조칩 집적회로,2020.06,TW
-11111,0,0,8542324010,11111,5,TW,대만,제9301호ㆍ제9306호의 물품에 전용되거나 주로 사용되는 것,2020.06,TW
-42134142,14159941,249,8542324030,56294083,2040,TW,대만,제8517호의 기기에 전용되거나 주로 사용되는 것,2020.06,TW
-16798,0,0,8542324090,16798,6,TW,대만,기타,2020.06,TW
25092176,32114107,5740,8542321010,7021931,2870,TW,대만,디램,2020.07,TW
-20433,13633,34,8542321020,34066,36,TW,대만,에스램,2020.07,TW
12578367,20732747,2602,8542321030,8154380,4004,TW,대만,플래시 메모리,2020.07,TW
-6515965,672,5,8542321090,6516637,1268,TW,대만,기타,2020.07,TW
111693578,129734956,2845,8542323000,18041378,2413,TW,대만,복합구조칩 집적회로,2020.07,TW
28831376,29957932,690,8542324030,1126556,14,TW,대만,제8517호의 기기에 전용되거나 주로 사용되는 것,2020.07,TW
604,604,3,8542324090,0,0,TW,대만,기타,2020.07,TW
38397498,50510127,9831,8542321010,12112629,3281,TW,대만,디램,2020.08,TW
4297,37042,25,8542321020,32745,22,TW,대만,에스램,2020.08,TW
-6039951,4156573,803,8542321030,10196524,3553,TW,대만,플래시 메모리,2020.08,TW
-8434250,90002,1,8542321090,8524252,1605,TW,대만,기타,2020.08,TW
118656345,130847346,2431,8542323000,12191001,1909,TW,대만,복합구조칩 집적회로,2020.08,TW
23471252,23487607,440,8542324030,16355,2,TW,대만,제8517호의 기기에 전용되거나 주로 사용되는 것,2020.08,TW
-1989,0,0,8542324060,1989,1,TW,대만,제8425호ㆍ제8426호ㆍ제8428호ㆍ제8429호ㆍ제8430호ㆍ제8443.99호ㆍ8470호ㆍ제8471호ㆍ제8472호ㆍ제9026호ㆍ제9030호ㆍ제9504호의 기계 또는 기기에 전용되거나 주로 사용되는 것,2020.08,TW
-14,0,0,8542324090,14,0,TW,대만,기타,2020.08,TW
34780321,45909191,7004,8542321010,11128870,3222,TW,대만,디램,2020.09,TW
-61791,9965,7,8542321020,71756,192,TW,대만,에스램,2020.09,TW
3437783,13324612,2351,8542321030,9886829,3722,TW,대만,플래시 메모리,2020.09,TW
-7892806,1001,5,8542321090,7893807,1575,TW,대만,기타,2020.09,TW
179247536,207567465,4029,8542323000,28319929,1864,TW,대만,복합구조칩 집적회로,2020.09,TW
12618145,12689383,244,8542324030,71238,2,TW,대만,제8517호의 기기에 전용되거나 주로 사용되는 것,2020.09,TW
-16140,0,0,8542324090,16140,3,TW,대만,기타,2020.09,TW
-22108867,63290619,11250,8542321010,85399486,3988,TW,대만,디램,2020.10,TW
-28429,10501,29,8542321020,38930,29,TW,대만,에스램,2020.10,TW
-3534475,6195466,1106,8542321030,9729941,2564,TW,대만,플래시 메모리,2020.10,TW
-6632106,1136,3,8542321090,6633242,1475,TW,대만,기타,2020.10,TW
203178330,231834182,4285,8542323000,28655852,2159,TW,대만,복합구조칩 집적회로,2020.10,TW
2328008,3780923,98,8542324030,1452915,121,TW,대만,제8517호의 기기에 전용되거나 주로 사용되는 것,2020.10,TW
-5,0,0,8542324060,5,10,TW,대만,제8425호ㆍ제8426호ㆍ제8428호ㆍ제8429호ㆍ제8430호ㆍ제8443.99호ㆍ8470호ㆍ제8471호ㆍ제8472호ㆍ제9026호ㆍ제9030호ㆍ제9504호의 기계 또는 기기에 전용되거나 주로 사용되는 것,2020.10,TW
-7314,0,0,8542324090,7314,3,TW,대만,기타,2020.10,TW
36015855,56004542,11211,8542321010,19988687,4052,TW,대만,디램,2020.11,TW
-32747,32588,66,8542321020,65335,75,TW,대만,에스램,2020.11,TW
12301181,21623954,2649,8542321030,9322773,5937,TW,대만,플래시 메모리,2020.11,TW
-8145884,6493,2,8542321090,8152377,1277,TW,대만,기타,2020.11,TW
197740604,220416991,4175,8542323000,22676387,2092,TW,대만,복합구조칩 집적회로,2020.11,TW
1049725,1220090,44,8542324030,170365,3,TW,대만,제8517호의 기기에 전용되거나 주로 사용되는 것,2020.11,TW
-11796,0,0,8542324090,11796,2,TW,대만,기타,2020.11,TW
50208847,66268150,9673,8542321010,16059303,4273,TW,대만,디램,2020.12,TW
-38636,16278,44,8542321020,54914,82,TW,대만,에스램,2020.12,TW
12042544,21762131,3184,8542321030,9719587,6556,TW,대만,플래시 메모리,2020.12,TW
-6598069,180658,4,8542321090,6778727,1472,TW,대만,기타,2020.12,TW
168903327,179746942,3717,8542323000,10843615,704,TW,대만,복합구조칩 집적회로,2020.12,TW
4904597,4918769,118,8542324030,14172,2,TW,대만,제8517호의 기기에 전용되거나 주로 사용되는 것,2020.12,TW
-17,0,0,8542324060,17,1,TW,대만,제8425호ㆍ제8426호ㆍ제8428호ㆍ제8429호ㆍ제8430호ㆍ제8443.99호ㆍ8470호ㆍ제8471호ㆍ제8472호ㆍ제9026호ㆍ제9030호ㆍ제9504호의 기계 또는 기기에 전용되거나 주로 사용되는 것,2020.12,TW
-147161,0,0,8542324090,147161,37,TW,대만,기타,2020.12,TW
2920416135,2952211560,148522,-,31795425,6062,-,-,-,총계,VN
5363379,5375839,1223,8542321010,12460,14,VN,베트남,디램,2020.01,VN
4140951,4140951,1654,8542321030,0,0,VN,베트남,플래시 메모리,2020.01,VN
5322380,5432155,2528,8542321090,109775,90,VN,베트남,기타,2020.01,VN
170723832,172257804,3481,8542323000,1533972,140,VN,베트남,복합구조칩 집적회로,2020.01,VN
40585079,41048842,910,8542324030,463763,11,VN,베트남,제8517호의 기기에 전용되거나 주로 사용되는 것,2020.01,VN
2344316,3251471,844,8542321010,907155,43,VN,베트남,디램,2020.02,VN
2935263,2956532,1227,8542321030,21269,17,VN,베트남,플래시 메모리,2020.02,VN
4250165,4346218,2464,8542321090,96053,247,VN,베트남,기타,2020.02,VN
354,354,1,8542322000,0,0,VN,베트남,하이브리드 집적회로,2020.02,VN
182308941,182348607,2928,8542323000,39666,27,VN,베트남,복합구조칩 집적회로,2020.02,VN
36836522,36836522,994,8542324030,0,0,VN,베트남,제8517호의 기기에 전용되거나 주로 사용되는 것,2020.02,VN
-615799,0,0,8542324090,615799,101,VN,베트남,기타,2020.02,VN
7689194,8551928,1157,8542321010,862734,345,VN,베트남,디램,2020.03,VN
668,668,0,8542321020,0,0,VN,베트남,에스램,2020.03,VN
3268320,3268587,1972,8542321030,267,0,VN,베트남,플래시 메모리,2020.03,VN
5113315,5376775,3835,8542321090,263460,704,VN,베트남,기타,2020.03,VN
195856841,195928380,3202,8542323000,71539,5,VN,베트남,복합구조칩 집적회로,2020.03,VN
8100,8100,6,8542324020,0,0,VN,베트남,제9032호의 기기에 전용되거나 주로 사용되는 것(항공기용으로 한정한다),2020.03,VN
40091938,40091938,1072,8542324030,0,0,VN,베트남,제8517호의 기기에 전용되거나 주로 사용되는 것,2020.03,VN
15837129,15891201,2369,8542321010,54072,11,VN,베트남,디램,2020.04,VN
2206253,2208675,1333,8542321030,2422,2,VN,베트남,플래시 메모리,2020.04,VN
2213655,2223402,1471,8542321090,9747,16,VN,베트남,기타,2020.04,VN
99972838,106863526,2354,8542323000,6890688,202,VN,베트남,복합구조칩 집적회로,2020.04,VN
14205161,16540405,746,8542324030,2335244,74,VN,베트남,제8517호의 기기에 전용되거나 주로 사용되는 것,2020.04,VN
11035683,11321362,2213,8542321010,285679,171,VN,베트남,디램,2020.05,VN
151,151,2,8542321020,0,0,VN,베트남,에스램,2020.05,VN
1276000,1291016,965,8542321030,15016,1,VN,베트남,플래시 메모리,2020.05,VN
2812766,2830103,1297,8542321090,17337,41,VN,베트남,기타,2020.05,VN
161066397,166520132,3830,8542323000,5453735,738,VN,베트남,복합구조칩 집적회로,2020.05,VN
8910,8910,10,8542324020,0,0,VN,베트남,제9032호의 기기에 전용되거나 주로 사용되는 것(항공기용으로 한정한다),2020.05,VN
10414813,10414837,569,8542324030,24,0,VN,베트남,제8517호의 기기에 전용되거나 주로 사용되는 것,2020.05,VN
16083,16083,4,8542324090,0,0,VN,베트남,기타,2020.05,VN
26065239,26065239,3717,8542321010,0,0,VN,베트남,디램,2020.06,VN
-339,0,1,8542321020,339,0,VN,베트남,에스램,2020.06,VN
2290326,2290360,1542,8542321030,34,0,VN,베트남,플래시 메모리,2020.06,VN
4689283,4989228,4959,8542321090,299945,7,VN,베트남,기타,2020.06,VN
92,92,1,8542322000,0,0,VN,베트남,하이브리드 집적회로,2020.06,VN
194624774,194874597,3844,8542323000,249823,11,VN,베트남,복합구조칩 집적회로,2020.06,VN
13770,13770,16,8542324020,0,0,VN,베트남,제9032호의 기기에 전용되거나 주로 사용되는 것(항공기용으로 한정한다),2020.06,VN
73707173,73963753,2201,8542324030,256580,10,VN,베트남,제8517호의 기기에 전용되거나 주로 사용되는 것,2020.06,VN
44803138,44958729,6036,8542321010,155591,129,VN,베트남,디램,2020.07,VN
3377019,3627489,1580,8542321030,250470,89,VN,베트남,플래시 메모리,2020.07,VN
6655345,6716416,6141,8542321090,61071,34,VN,베트남,기타,2020.07,VN
1101,1101,1,8542322000,0,0,VN,베트남,하이브리드 집적회로,2020.07,VN
147183063,147813155,3449,8542323000,630092,47,VN,베트남,복합구조칩 집적회로,2020.07,VN
53675982,53685619,1770,8542324030,9637,7,VN,베트남,제8517호의 기기에 전용되거나 주로 사용되는 것,2020.07,VN
-2325,0,0,8542324090,2325,1,VN,베트남,기타,2020.07,VN
52405986,52860057,7554,8542321010,454071,148,VN,베트남,디램,2020.08,VN
3006987,3050667,1423,8542321030,43680,4,VN,베트남,플래시 메모리,2020.08,VN
4817258,4932269,3248,8542321090,115011,351,VN,베트남,기타,2020.08,VN
165114497,165313863,3420,8542323000,199366,9,VN,베트남,복합구조칩 집적회로,2020.08,VN
4500,4500,7,8542324020,0,0,VN,베트남,제9032호의 기기에 전용되거나 주로 사용되는 것(항공기용으로 한정한다),2020.08,VN
43257499,44496223,903,8542324030,1238724,44,VN,베트남,제8517호의 기기에 전용되거나 주로 사용되는 것,2020.08,VN
10722,10722,0,8542324090,0,0,VN,베트남,기타,2020.08,VN
16919835,16987140,2750,8542321010,67305,67,VN,베트남,디램,2020.09,VN
911,911,0,8542321020,0,0,VN,베트남,에스램,2020.09,VN
3447289,3483907,2128,8542321030,36618,33,VN,베트남,플래시 메모리,2020.09,VN
8898591,8997821,4072,8542321090,99230,331,VN,베트남,기타,2020.09,VN
1510,1510,2,8542322000,0,0,VN,베트남,하이브리드 집적회로,2020.09,VN
212614178,212712819,4147,8542323000,98641,34,VN,베트남,복합구조칩 집적회로,2020.09,VN
30827004,30938590,918,8542324030,111586,23,VN,베트남,제8517호의 기기에 전용되거나 주로 사용되는 것,2020.09,VN
990,990,0,8542324090,0,0,VN,베트남,기타,2020.09,VN
21771711,21771741,2442,8542321010,30,0,VN,베트남,디램,2020.10,VN
0,0,0,8542321020,0,0,VN,베트남,에스램,2020.10,VN
2940889,2951971,1352,8542321030,11082,8,VN,베트남,플래시 메모리,2020.10,VN
8207093,8227576,2974,8542321090,20483,5,VN,베트남,기타,2020.10,VN
364,364,0,8542322000,0,0,VN,베트남,하이브리드 집적회로,2020.10,VN
167418036,169511742,3605,8542323000,2093706,648,VN,베트남,복합구조칩 집적회로,2020.10,VN
44844849,44883025,841,8542324030,38176,4,VN,베트남,제8517호의 기기에 전용되거나 주로 사용되는 것,2020.10,VN
17707,17707,5,8542324090,0,0,VN,베트남,기타,2020.10,VN
11334533,11391287,1973,8542321010,56754,14,VN,베트남,디램,2020.11,VN
2616539,2617972,1403,8542321030,1433,0,VN,베트남,플래시 메모리,2020.11,VN
9190341,9207040,4289,8542321090,16699,2,VN,베트남,기타,2020.11,VN
470,470,0,8542322000,0,0,VN,베트남,하이브리드 집적회로,2020.11,VN
209422280,210479848,4004,8542323000,1057568,291,VN,베트남,복합구조칩 집적회로,2020.11,VN
25393343,25393457,645,8542324030,114,0,VN,베트남,제8517호의 기기에 전용되거나 주로 사용되는 것,2020.11,VN
8030201,8368942,1872,8542321010,338741,214,VN,베트남,디램,2020.12,VN
3868010,3871797,1878,8542321030,3787,3,VN,베트남,플래시 메모리,2020.12,VN
8005095,8589242,3871,8542321090,584147,110,VN,베트남,기타,2020.12,VN
4145,4145,5,8542322000,0,0,VN,베트남,하이브리드 집적회로,2020.12,VN
262981642,266112088,4692,8542323000,3130446,380,VN,베트남,복합구조칩 집적회로,2020.12,VN
8666495,8666739,179,8542324030,244,0,VN,베트남,제8517호의 기기에 전용되거나 주로 사용되는 것,2020.12,VN
1396,1396,1,8542324090,0,0,VN,베트남,기타,2020.12,VN
367818406,393817209,26181,-,25998803,7504,-,-,-,총계,US
19209883,21453965,1961,8542321010,2244082,61,US,미국,디램,2020.01,US
-30506,0,0,8542321020,30506,2,US,미국,에스램,2020.01,US
181275,434384,34,8542321030,253109,59,US,미국,플래시 메모리,2020.01,US
-136015,10906,38,8542321090,146921,147,US,미국,기타,2020.01,US
-2,0,0,8542322000,2,0,US,미국,하이브리드 집적회로,2020.01,US
8515069,8640284,332,8542323000,125215,23,US,미국,복합구조칩 집적회로,2020.01,US
1034059,1034090,33,8542324030,31,0,US,미국,제8517호의 기기에 전용되거나 주로 사용되는 것,2020.01,US
-149617,0,0,8542324060,149617,16,US,미국,제8425호ㆍ제8426호ㆍ제8428호ㆍ제8429호ㆍ제8430호ㆍ제8443.99호ㆍ8470호ㆍ제8471호ㆍ제8472호ㆍ제9026호ㆍ제9030호ㆍ제9504호의 기계 또는 기기에 전용되거나 주로 사용되는 것,2020.01,US
4483,4483,3,8542324090,0,0,US,미국,기타,2020.01,US
15410684,17577818,1470,8542321010,2167134,75,US,미국,디램,2020.02,US
-649,0,0,8542321020,649,1,US,미국,에스램,2020.02,US
-17107,133679,25,8542321030,150786,52,US,미국,플래시 메모리,2020.02,US
-100601,39477,39,8542321090,140078,139,US,미국,기타,2020.02,US
6157594,6668303,450,8542323000,510709,61,US,미국,복합구조칩 집적회로,2020.02,US
1319919,1348171,43,8542324030,28252,14,US,미국,제8517호의 기기에 전용되거나 주로 사용되는 것,2020.02,US
-577,3303,2,8542324090,3880,10,US,미국,기타,2020.02,US
29142025,29905116,2255,8542321010,763091,46,US,미국,디램,2020.03,US
-1047,0,0,8542321020,1047,1,US,미국,에스램,2020.03,US
-695908,66339,29,8542321030,762247,274,US,미국,플래시 메모리,2020.03,US
-202112,59388,50,8542321090,261500,197,US,미국,기타,2020.03,US
8278682,8620035,605,8542323000,341353,244,US,미국,복합구조칩 집적회로,2020.03,US
1222526,1222571,41,8542324030,45,0,US,미국,제8517호의 기기에 전용되거나 주로 사용되는 것,2020.03,US
7301,7397,6,8542324090,96,0,US,미국,기타,2020.03,US
19346773,19989239,1496,8542321010,642466,40,US,미국,디램,2020.04,US
-54041,0,0,8542321020,54041,1,US,미국,에스램,2020.04,US
-160714,22610,30,8542321030,183324,102,US,미국,플래시 메모리,2020.04,US
-161579,7571,3,8542321090,169150,149,US,미국,기타,2020.04,US
6890124,7276387,332,8542323000,386263,273,US,미국,복합구조칩 집적회로,2020.04,US
2097390,2097600,73,8542324030,210,1,US,미국,제8517호의 기기에 전용되거나 주로 사용되는 것,2020.04,US
22999750,24604677,1871,8542321010,1604927,51,US,미국,디램,2020.05,US
-102879,5164,55,8542321030,108043,64,US,미국,플래시 메모리,2020.05,US
-198472,3762,4,8542321090,202234,134,US,미국,기타,2020.05,US
5998444,6242526,247,8542323000,244082,151,US,미국,복합구조칩 집적회로,2020.05,US
1215051,1241724,38,8542324030,26673,3,US,미국,제8517호의 기기에 전용되거나 주로 사용되는 것,2020.05,US
-2,16,0,8542324090,18,0,US,미국,기타,2020.05,US
21564237,22108638,2101,8542321010,544401,29,US,미국,디램,2020.06,US
17091,17091,39,8542321020,0,0,US,미국,에스램,2020.06,US
-307341,24793,26,8542321030,332134,191,US,미국,플래시 메모리,2020.06,US
-458800,11449,36,8542321090,470249,276,US,미국,기타,2020.06,US
5961355,8516942,538,8542323000,2555587,215,US,미국,복합구조칩 집적회로,2020.06,US
1562488,1562619,47,8542324030,131,1,US,미국,제8517호의 기기에 전용되거나 주로 사용되는 것,2020.06,US
1273,1273,1,8542324090,0,0,US,미국,기타,2020.06,US
27324808,27655115,2212,8542321010,330307,47,US,미국,디램,2020.07,US
1163,1180,2,8542321020,17,1,US,미국,에스램,2020.07,US
-709001,2254,0,8542321030,711255,331,US,미국,플래시 메모리,2020.07,US
-399055,2335,2,8542321090,401390,295,US,미국,기타,2020.07,US
11248812,11810499,713,8542323000,561687,415,US,미국,복합구조칩 집적회로,2020.07,US
911979,912024,27,8542324030,45,0,US,미국,제8517호의 기기에 전용되거나 주로 사용되는 것,2020.07,US
1,1,1,8542324090,0,0,US,미국,기타,2020.07,US
15714832,15911198,1528,8542321010,196366,12,US,미국,디램,2020.08,US
11514,12100,1,8542321020,586,0,US,미국,에스램,2020.08,US
-428130,2331,4,8542321030,430461,251,US,미국,플래시 메모리,2020.08,US
-525724,8342,5,8542321090,534066,474,US,미국,기타,2020.08,US
16084537,16430580,467,8542323000,346043,272,US,미국,복합구조칩 집적회로,2020.08,US
1542146,1542382,40,8542324030,236,1,US,미국,제8517호의 기기에 전용되거나 주로 사용되는 것,2020.08,US
3293,3293,2,8542324090,0,0,US,미국,기타,2020.08,US
11903664,12072836,1203,8542321010,169172,55,US,미국,디램,2020.09,US
-5569,0,0,8542321020,5569,2,US,미국,에스램,2020.09,US
-229799,14625,20,8542321030,244424,148,US,미국,플래시 메모리,2020.09,US
-433263,22126,6,8542321090,455389,291,US,미국,기타,2020.09,US
283,283,1,8542322000,0,0,US,미국,하이브리드 집적회로,2020.09,US
20640764,20750924,426,8542323000,110160,90,US,미국,복합구조칩 집적회로,2020.09,US
748966,781593,27,8542324030,32627,9,US,미국,제8517호의 기기에 전용되거나 주로 사용되는 것,2020.09,US
10043,10079,15,8542324090,36,0,US,미국,기타,2020.09,US
19908269,21432913,1795,8542321010,1524644,36,US,미국,디램,2020.10,US
-210,0,0,8542321020,210,0,US,미국,에스램,2020.10,US
-341995,1969,3,8542321030,343964,178,US,미국,플래시 메모리,2020.10,US
-156606,3555,8,8542321090,160161,183,US,미국,기타,2020.10,US
20661695,21233075,517,8542323000,571380,145,US,미국,복합구조칩 집적회로,2020.10,US
1585885,1585938,42,8542324030,53,1,US,미국,제8517호의 기기에 전용되거나 주로 사용되는 것,2020.10,US
6077,7421,17,8542324090,1344,3,US,미국,기타,2020.10,US
13250711,14112666,1083,8542321010,861955,28,US,미국,디램,2020.11,US
-9452,590,1,8542321020,10042,1,US,미국,에스램,2020.11,US
-300241,3980,3,8542321030,304221,172,US,미국,플래시 메모리,2020.11,US
-242741,20298,5,8542321090,263039,134,US,미국,기타,2020.11,US
7495417,7668774,162,8542323000,173357,129,US,미국,복합구조칩 집적회로,2020.11,US
1521995,1523096,38,8542324030,1101,3,US,미국,제8517호의 기기에 전용되거나 주로 사용되는 것,2020.11,US
3022,3278,2,8542324090,256,0,US,미국,기타,2020.11,US
6325047,6703795,645,8542321010,378748,31,US,미국,디램,2020.12,US
-202,0,0,8542321020,202,1,US,미국,에스램,2020.12,US
-185132,10792,9,8542321030,195924,101,US,미국,플래시 메모리,2020.12,US
-80261,111979,104,8542321090,192240,154,US,미국,기타,2020.12,US
-113,0,0,8542322000,113,0,US,미국,하이브리드 집적회로,2020.12,US
17250832,18132219,605,8542323000,881387,401,US,미국,복합구조칩 집적회로,2020.12,US
2348305,2348648,86,8542324030,343,2,US,미국,제8517호의 기기에 전용되거나 주로 사용되는 것,2020.12,US
2333,2333,2,8542324090,0,0,US,미국,기타,2020.12,US
13388993980,13674331809,661077,-,285337829,33556,-,-,-,총계,HK
80341626,82875033,13826,8542321010,2533407,745,HK,홍콩,디램,2020.01,HK
163722,165831,299,8542321020,2109,1,HK,홍콩,에스램,2020.01,HK
48606896,49658285,10409,8542321030,1051389,189,HK,홍콩,플래시 메모리,2020.01,HK
615943,659872,525,8542321090,43929,31,HK,홍콩,기타,2020.01,HK
523568393,525849536,15459,8542323000,2281143,71,HK,홍콩,복합구조칩 집적회로,2020.01,HK
295907585,296521019,4560,8542324030,613434,13,HK,홍콩,제8517호의 기기에 전용되거나 주로 사용되는 것,2020.01,HK
89612,89612,16,8542324090,0,0,HK,홍콩,기타,2020.01,HK
103019248,103537478,14756,8542321010,518230,445,HK,홍콩,디램,2020.02,HK
133802,144825,281,8542321020,11023,23,HK,홍콩,에스램,2020.02,HK
36090860,37018518,10210,8542321030,927658,755,HK,홍콩,플래시 메모리,2020.02,HK
475383,588889,436,8542321090,113506,60,HK,홍콩,기타,2020.02,HK
703907564,704558964,20747,8542323000,651400,17,HK,홍콩,복합구조칩 집적회로,2020.02,HK
313455421,319124824,4794,8542324030,5669403,30,HK,홍콩,제8517호의 기기에 전용되거나 주로 사용되는 것,2020.02,HK
5936,5936,0,8542324090,0,0,HK,홍콩,기타,2020.02,HK
109181545,117085326,15102,8542321010,7903781,2151,HK,홍콩,디램,2020.03,HK
172328,172328,333,8542321020,0,0,HK,홍콩,에스램,2020.03,HK
49790362,49795897,9710,8542321030,5535,14,HK,홍콩,플래시 메모리,2020.03,HK
1062788,1180244,916,8542321090,117456,84,HK,홍콩,기타,2020.03,HK
22358,22358,68,8542322000,0,0,HK,홍콩,하이브리드 집적회로,2020.03,HK
973210508,981027813,18630,8542323000,7817305,196,HK,홍콩,복합구조칩 집적회로,2020.03,HK
359799749,361182187,6037,8542324030,1382438,45,HK,홍콩,제8517호의 기기에 전용되거나 주로 사용되는 것,2020.03,HK
4501433,4501433,364,8542324060,0,0,HK,홍콩,제8425호ㆍ제8426호ㆍ제8428호ㆍ제8429호ㆍ제8430호ㆍ제8443.99호ㆍ8470호ㆍ제8471호ㆍ제8472호ㆍ제9026호ㆍ제9030호ㆍ제9504호의 기계 또는 기기에 전용되거나 주로 사용되는 것,2020.03,HK
108847233,109145993,13151,8542321010,298760,51,HK,홍콩,디램,2020.04,HK
480557,480781,576,8542321020,224,0,HK,홍콩,에스램,2020.04,HK
30154842,30576422,9528,8542321030,421580,637,HK,홍콩,플래시 메모리,2020.04,HK
640649,779475,857,8542321090,138826,74,HK,홍콩,기타,2020.04,HK
14840,14840,35,8542322000,0,0,HK,홍콩,하이브리드 집적회로,2020.04,HK
577038625,634885765,16115,8542323000,57847140,4191,HK,홍콩,복합구조칩 집적회로,2020.04,HK
188471134,188564512,3403,8542324030,93378,4,HK,홍콩,제8517호의 기기에 전용되거나 주로 사용되는 것,2020.04,HK
371,371,0,8542324090,0,0,HK,홍콩,기타,2020.04,HK
98187512,98658818,15898,8542321010,471306,310,HK,홍콩,디램,2020.05,HK
408246,408246,412,8542321020,0,0,HK,홍콩,에스램,2020.05,HK
36269266,36274094,8536,8542321030,4828,1,HK,홍콩,플래시 메모리,2020.05,HK
506699,776819,881,8542321090,270120,166,HK,홍콩,기타,2020.05,HK
544569727,605916798,17052,8542323000,61347071,529,HK,홍콩,복합구조칩 집적회로,2020.05,HK
210254576,238272276,3895,8542324030,28017700,202,HK,홍콩,제8517호의 기기에 전용되거나 주로 사용되는 것,2020.05,HK
525,525,1,8542324090,0,0,HK,홍콩,기타,2020.05,HK
90801129,92132444,12463,8542321010,1331315,1986,HK,홍콩,디램,2020.06,HK
344357,344357,395,8542321020,0,0,HK,홍콩,에스램,2020.06,HK
41987803,44873683,11700,8542321030,2885880,605,HK,홍콩,플래시 메모리,2020.06,HK
1239973,1533684,1308,8542321090,293711,102,HK,홍콩,기타,2020.06,HK
22600,22600,55,8542322000,0,0,HK,홍콩,하이브리드 집적회로,2020.06,HK
660150747,678137972,23589,8542323000,17987225,1036,HK,홍콩,복합구조칩 집적회로,2020.06,HK
228580664,231645415,4003,8542324030,3064751,48,HK,홍콩,제8517호의 기기에 전용되거나 주로 사용되는 것,2020.06,HK
26890,26890,5,8542324090,0,0,HK,홍콩,기타,2020.06,HK
60438865,63190082,14765,8542321010,2751217,5281,HK,홍콩,디램,2020.07,HK
321420,321420,412,8542321020,0,0,HK,홍콩,에스램,2020.07,HK
11945868,14926118,4431,8542321030,2980250,715,HK,홍콩,플래시 메모리,2020.07,HK
3244608,3587394,1118,8542321090,342786,104,HK,홍콩,기타,2020.07,HK
3200,3200,7,8542322000,0,0,HK,홍콩,하이브리드 집적회로,2020.07,HK
466995634,475177041,17247,8542323000,8181407,266,HK,홍콩,복합구조칩 집적회로,2020.07,HK
156497208,159538502,4099,8542324030,3041294,66,HK,홍콩,제8517호의 기기에 전용되거나 주로 사용되는 것,2020.07,HK
73340,73340,57,8542324090,0,0,HK,홍콩,기타,2020.07,HK
57890288,59338412,17107,8542321010,1448124,1644,HK,홍콩,디램,2020.08,HK
324968,330312,418,8542321020,5344,12,HK,홍콩,에스램,2020.08,HK
23804235,23807655,5297,8542321030,3420,4,HK,홍콩,플래시 메모리,2020.08,HK
3761024,4018800,2014,8542321090,257776,66,HK,홍콩,기타,2020.08,HK
11200,11200,25,8542322000,0,0,HK,홍콩,하이브리드 집적회로,2020.08,HK
532283054,539283126,20564,8542323000,7000072,136,HK,홍콩,복합구조칩 집적회로,2020.08,HK
146338639,146510727,3632,8542324030,172088,4,HK,홍콩,제8517호의 기기에 전용되거나 주로 사용되는 것,2020.08,HK
-44226,0,0,8542324050,44226,11,HK,홍콩,제9031호의 기기에 전용되거나 주로 사용되는 것(반도체 제조용으로 한정한다),2020.08,HK
1666,1666,0,8542324090,0,0,HK,홍콩,기타,2020.08,HK
117811307,118963491,19631,8542321010,1152184,2208,HK,홍콩,디램,2020.09,HK
177517,177517,407,8542321020,0,0,HK,홍콩,에스램,2020.09,HK
26841354,27283839,4932,8542321030,442485,80,HK,홍콩,플래시 메모리,2020.09,HK
3570582,3591346,2066,8542321090,20764,16,HK,홍콩,기타,2020.09,HK
32000,32000,70,8542322000,0,0,HK,홍콩,하이브리드 집적회로,2020.09,HK
861558966,873800916,28876,8542323000,12241950,1251,HK,홍콩,복합구조칩 집적회로,2020.09,HK
276381984,277649408,6806,8542324030,1267424,54,HK,홍콩,제8517호의 기기에 전용되거나 주로 사용되는 것,2020.09,HK
-26744,0,0,8542324050,26744,8,HK,홍콩,제9031호의 기기에 전용되거나 주로 사용되는 것(반도체 제조용으로 한정한다),2020.09,HK
-407,0,0,8542324060,407,2,HK,홍콩,제8425호ㆍ제8426호ㆍ제8428호ㆍ제8429호ㆍ제8430호ㆍ제8443.99호ㆍ8470호ㆍ제8471호ㆍ제8472호ㆍ제9026호ㆍ제9030호ㆍ제9504호의 기계 또는 기기에 전용되거나 주로 사용되는 것,2020.09,HK
39826,39826,8,8542324090,0,0,HK,홍콩,기타,2020.09,HK
45756712,49349830,11894,8542321010,3593118,1391,HK,홍콩,디램,2020.10,HK
336973,336973,641,8542321020,0,0,HK,홍콩,에스램,2020.10,HK
31793405,31964543,8990,8542321030,171138,55,HK,홍콩,플래시 메모리,2020.10,HK
1508317,1514617,1491,8542321090,6300,3,HK,홍콩,기타,2020.10,HK
16000,16000,35,8542322000,0,0,HK,홍콩,하이브리드 집적회로,2020.10,HK
867982165,876739303,27236,8542323000,8757138,252,HK,홍콩,복합구조칩 집적회로,2020.10,HK
297040878,297065406,6723,8542324030,24528,3,HK,홍콩,제8517호의 기기에 전용되거나 주로 사용되는 것,2020.10,HK
17631,17631,3,8542324090,0,0,HK,홍콩,기타,2020.10,HK
50527434,52877300,24114,8542321010,2349866,2396,HK,홍콩,디램,2020.11,HK
190363,201642,351,8542321020,11279,6,HK,홍콩,에스램,2020.11,HK
66754181,67284474,15653,8542321030,530293,374,HK,홍콩,플래시 메모리,2020.11,HK
776256,882822,764,8542321090,106566,56,HK,홍콩,기타,2020.11,HK
918329979,926461322,29797,8542323000,8131343,147,HK,홍콩,복합구조칩 집적회로,2020.11,HK
282652559,282874241,7048,8542324030,221682,18,HK,홍콩,제8517호의 기기에 전용되거나 주로 사용되는 것,2020.11,HK
38647,42377,7,8542324090,3730,2,HK,홍콩,기타,2020.11,HK
48526248,48993700,12782,8542321010,467452,446,HK,홍콩,디램,2020.12,HK
304525,304525,602,8542321020,0,0,HK,홍콩,에스램,2020.12,HK
95732774,95800836,21542,8542321030,68062,42,HK,홍콩,플래시 메모리,2020.12,HK
1050464,1084500,2455,8542321090,34036,30,HK,홍콩,기타,2020.12,HK
22010,22010,55,8542322000,0,0,HK,홍콩,하이브리드 집적회로,2020.12,HK
1193183058,1206505045,34653,8542323000,13321987,1593,HK,홍콩,복합구조칩 집적회로,2020.12,HK
313028657,313071045,8883,8542324030,42388,2,HK,홍콩,제8517호의 기기에 전용되거나 주로 사용되는 것,2020.12,HK
25341,25341,33,8542324090,0,0,HK,홍콩,기타,2020.12,HK
313403380,385760465,18833,-,72357085,15691,-,-,-,총계,JP
-1618668,7959851,691,8542321010,9578519,149,JP,일본,디램,2020.01,JP
-12348,8848,52,8542321020,21196,2,JP,일본,에스램,2020.01,JP
88731,91087,47,8542321030,2356,1,JP,일본,플래시 메모리,2020.01,JP
-1188959,12855,14,8542321090,1201814,1240,JP,일본,기타,2020.01,JP
16224353,17660350,541,8542323000,1435997,38,JP,일본,복합구조칩 집적회로,2020.01,JP
1833122,1833154,57,8542324030,32,0,JP,일본,제8517호의 기기에 전용되거나 주로 사용되는 것,2020.01,JP
-28,0,0,8542324090,28,0,JP,일본,기타,2020.01,JP
5648968,8085705,751,8542321010,2436737,216,JP,일본,디램,2020.02,JP
-3187,0,0,8542321020,3187,0,JP,일본,에스램,2020.02,JP
61708,113092,86,8542321030,51384,12,JP,일본,플래시 메모리,2020.02,JP
-972311,33631,18,8542321090,1005942,1744,JP,일본,기타,2020.02,JP
11797432,13478918,539,8542323000,1681486,37,JP,일본,복합구조칩 집적회로,2020.02,JP
1956469,1956561,63,8542324030,92,3,JP,일본,제8517호의 기기에 전용되거나 주로 사용되는 것,2020.02,JP
6962887,9430186,865,8542321010,2467299,262,JP,일본,디램,2020.03,JP
-10446,4263,25,8542321020,14709,1,JP,일본,에스램,2020.03,JP
97728,104167,82,8542321030,6439,3,JP,일본,플래시 메모리,2020.03,JP
-777243,15060,19,8542321090,792303,906,JP,일본,기타,2020.03,JP
-4086,0,0,8542322000,4086,10,JP,일본,하이브리드 집적회로,2020.03,JP
27270691,32136941,861,8542323000,4866250,276,JP,일본,복합구조칩 집적회로,2020.03,JP
2708876,2708991,84,8542324030,115,2,JP,일본,제8517호의 기기에 전용되거나 주로 사용되는 것,2020.03,JP
6975611,8526873,741,8542321010,1551262,35,JP,일본,디램,2020.04,JP
1119,3881,23,8542321020,2762,0,JP,일본,에스램,2020.04,JP
54644,56994,61,8542321030,2350,3,JP,일본,플래시 메모리,2020.04,JP
-1135805,48274,67,8542321090,1184079,1904,JP,일본,기타,2020.04,JP
20002507,20518112,561,8542323000,515605,12,JP,일본,복합구조칩 집적회로,2020.04,JP
1017322,1017355,40,8542324030,33,1,JP,일본,제8517호의 기기에 전용되거나 주로 사용되는 것,2020.04,JP
3645759,5415643,489,8542321010,1769884,26,JP,일본,디램,2020.05,JP
1527,4263,25,8542321020,2736,0,JP,일본,에스램,2020.05,JP
7072,7177,10,8542321030,105,1,JP,일본,플래시 메모리,2020.05,JP
-541793,1318,2,8542321090,543111,268,JP,일본,기타,2020.05,JP
16863551,17002590,351,8542323000,139039,11,JP,일본,복합구조칩 집적회로,2020.05,JP
1823734,1823734,72,8542324030,0,0,JP,일본,제8517호의 기기에 전용되거나 주로 사용되는 것,2020.05,JP
2581,3371,3,8542324090,790,0,JP,일본,기타,2020.05,JP
1499432,4538098,394,8542321010,3038666,38,JP,일본,디램,2020.06,JP
-13470,4967,30,8542321020,18437,1,JP,일본,에스램,2020.06,JP
40648,41561,93,8542321030,913,2,JP,일본,플래시 메모리,2020.06,JP
-524423,15372,21,8542321090,539795,587,JP,일본,기타,2020.06,JP
37132081,37143558,1034,8542323000,11477,6,JP,일본,복합구조칩 집적회로,2020.06,JP
1887522,1887536,76,8542324030,14,0,JP,일본,제8517호의 기기에 전용되거나 주로 사용되는 것,2020.06,JP
3360,5316,4,8542324090,1956,1,JP,일본,기타,2020.06,JP
1121516,4133749,331,8542321010,3012233,113,JP,일본,디램,2020.07,JP
-15434,7486,27,8542321020,22920,1,JP,일본,에스램,2020.07,JP
51406,52845,45,8542321030,1439,2,JP,일본,플래시 메모리,2020.07,JP
-3573810,4378,6,8542321090,3578188,1662,JP,일본,기타,2020.07,JP
-464,0,0,8542322000,464,5,JP,일본,하이브리드 집적회로,2020.07,JP
15990862,16630709,784,8542323000,639847,21,JP,일본,복합구조칩 집적회로,2020.07,JP
1860926,1861100,45,8542324030,174,1,JP,일본,제8517호의 기기에 전용되거나 주로 사용되는 것,2020.07,JP
-304,0,0,8542324040,304,1,JP,일본,제8528.42호ㆍ제8528.52호ㆍ제8528.62호ㆍ제8531.20호의 기기에 전용되거나 주로 사용되는 것,2020.07,JP
-2900291,4470279,325,8542321010,7370570,350,JP,일본,디램,2020.08,JP
-12342,13550,74,8542321020,25892,1,JP,일본,에스램,2020.08,JP
23128,44340,14,8542321030,21212,6,JP,일본,플래시 메모리,2020.08,JP
-428906,919,2,8542321090,429825,866,JP,일본,기타,2020.08,JP
-4146,0,0,8542322000,4146,10,JP,일본,하이브리드 집적회로,2020.08,JP
19406125,21623343,984,8542323000,2217218,186,JP,일본,복합구조칩 집적회로,2020.08,JP
2461630,2461630,54,8542324030,0,0,JP,일본,제8517호의 기기에 전용되거나 주로 사용되는 것,2020.08,JP
6691597,8271566,716,8542321010,1579969,176,JP,일본,디램,2020.09,JP
2235,9161,50,8542321020,6926,0,JP,일본,에스램,2020.09,JP
30003,30136,20,8542321030,133,0,JP,일본,플래시 메모리,2020.09,JP
-606368,26421,30,8542321090,632789,970,JP,일본,기타,2020.09,JP
23054267,24413832,798,8542323000,1359565,41,JP,일본,복합구조칩 집적회로,2020.09,JP
4371563,4371609,139,8542324030,46,1,JP,일본,제8517호의 기기에 전용되거나 주로 사용되는 것,2020.09,JP
4276825,6308565,575,8542321010,2031740,167,JP,일본,디램,2020.10,JP
-956,5968,25,8542321020,6924,0,JP,일본,에스램,2020.10,JP
76425,76990,46,8542321030,565,3,JP,일본,플래시 메모리,2020.10,JP
-379982,33,3,8542321090,380015,692,JP,일본,기타,2020.10,JP
18925931,20430846,779,8542323000,1504915,24,JP,일본,복합구조칩 집적회로,2020.10,JP
4849632,4849632,123,8542324030,0,0,JP,일본,제8517호의 기기에 전용되거나 주로 사용되는 것,2020.10,JP
7145131,7895145,661,8542321010,750014,15,JP,일본,디램,2020.11,JP
2252,6123,38,8542321020,3871,0,JP,일본,에스램,2020.11,JP
27785,28048,64,8542321030,263,0,JP,일본,플래시 메모리,2020.11,JP
-542746,24113,21,8542321090,566859,863,JP,일본,기타,2020.11,JP
19633705,26672426,1175,8542323000,7038721,614,JP,일본,복합구조칩 집적회로,2020.11,JP
3569842,3569920,99,8542324030,78,1,JP,일본,제8517호의 기기에 전용되거나 주로 사용되는 것,2020.11,JP
-314,305,3,8542324090,619,0,JP,일본,기타,2020.11,JP
6638717,8183371,812,8542321010,1544654,79,JP,일본,디램,2020.12,JP
-4417,11523,70,8542321020,15940,9,JP,일본,에스램,2020.12,JP
48901,62502,70,8542321030,13601,4,JP,일본,플래시 메모리,2020.12,JP
-602337,2117,4,8542321090,604454,960,JP,일본,기타,2020.12,JP
-3382,11,0,8542322000,3393,8,JP,일본,하이브리드 집적회로,2020.12,JP
17942859,20036409,796,8542323000,2093550,40,JP,일본,복합구조칩 집적회로,2020.12,JP
5469648,5469712,138,8542324030,64,1,JP,일본,제8517호의 기기에 전용되거나 주로 사용되는 것,2020.12,JP
-44674274,132236695,16330,-,176910969,15043,-,-,-,총계,SG
397767,12156648,1348,8542321010,11758881,169,SG,싱가포르,디램,2020.01,SG
1440,1440,5,8542321020,0,0,SG,싱가포르,에스램,2020.01,SG
373802,601683,242,8542321030,227881,193,SG,싱가포르,플래시 메모리,2020.01,SG
-3759117,668,1,8542321090,3759785,639,SG,싱가포르,기타,2020.01,SG
834009,1368159,78,8542323000,534150,53,SG,싱가포르,복합구조칩 집적회로,2020.01,SG
-1717940,0,0,8542324030,1717940,262,SG,싱가포르,제8517호의 기기에 전용되거나 주로 사용되는 것,2020.01,SG
300,300,0,8542324060,0,0,SG,싱가포르,제8425호ㆍ제8426호ㆍ제8428호ㆍ제8429호ㆍ제8430호ㆍ제8443.99호ㆍ8470호ㆍ제8471호ㆍ제8472호ㆍ제9026호ㆍ제9030호ㆍ제9504호의 기계 또는 기기에 전용되거나 주로 사용되는 것,2020.01,SG
3639453,7696085,844,8542321010,4056632,207,SG,싱가포르,디램,2020.02,SG
3167726,3444554,1365,8542321030,276828,376,SG,싱가포르,플래시 메모리,2020.02,SG
-1521815,54761,39,8542321090,1576576,483,SG,싱가포르,기타,2020.02,SG
-125109,688623,88,8542323000,813732,49,SG,싱가포르,복합구조칩 집적회로,2020.02,SG
488660,502825,22,8542324030,14165,1,SG,싱가포르,제8517호의 기기에 전용되거나 주로 사용되는 것,2020.02,SG
11807011,11823293,1581,8542321010,16282,5,SG,싱가포르,디램,2020.03,SG
1865,2160,8,8542321020,295,0,SG,싱가포르,에스램,2020.03,SG
-1596886,450655,317,8542321030,2047541,417,SG,싱가포르,플래시 메모리,2020.03,SG
-8457334,313577,115,8542321090,8770911,3284,SG,싱가포르,기타,2020.03,SG
-280758,568661,73,8542323000,849419,36,SG,싱가포르,복합구조칩 집적회로,2020.03,SG
58287,82431,2,8542324030,24144,2,SG,싱가포르,제8517호의 기기에 전용되거나 주로 사용되는 것,2020.03,SG
3139645,7977089,905,8542321010,4837444,40,SG,싱가포르,디램,2020.04,SG
-157257,22344,26,8542321030,179601,457,SG,싱가포르,플래시 메모리,2020.04,SG
-426092,12475,13,8542321090,438567,118,SG,싱가포르,기타,2020.04,SG
-7088385,528820,44,8542323000,7617205,457,SG,싱가포르,복합구조칩 집적회로,2020.04,SG
-14216029,1010975,6,8542324030,15227004,536,SG,싱가포르,제8517호의 기기에 전용되거나 주로 사용되는 것,2020.04,SG
229,229,0,8542324090,0,0,SG,싱가포르,기타,2020.04,SG
2334706,7175332,928,8542321010,4840626,148,SG,싱가포르,디램,2020.05,SG
14932,19836,38,8542321020,4904,10,SG,싱가포르,에스램,2020.05,SG
-151550,32599,48,8542321030,184149,27,SG,싱가포르,플래시 메모리,2020.05,SG
-199466,131780,160,8542321090,331246,34,SG,싱가포르,기타,2020.05,SG
-11447248,585550,59,8542323000,12032798,815,SG,싱가포르,복합구조칩 집적회로,2020.05,SG
839279,842663,3,8542324030,3384,0,SG,싱가포르,제8517호의 기기에 전용되거나 주로 사용되는 것,2020.05,SG
13512093,13584770,1442,8542321010,72677,85,SG,싱가포르,디램,2020.06,SG
2707,4320,15,8542321020,1613,7,SG,싱가포르,에스램,2020.06,SG
73473,82693,50,8542321030,9220,7,SG,싱가포르,플래시 메모리,2020.06,SG
-262053,131607,47,8542321090,393660,166,SG,싱가포르,기타,2020.06,SG
-11335305,2115059,147,8542323000,13450364,1036,SG,싱가포르,복합구조칩 집적회로,2020.06,SG
166447,14370974,691,8542324030,14204527,234,SG,싱가포르,제8517호의 기기에 전용되거나 주로 사용되는 것,2020.06,SG
9730907,9791093,1147,8542321010,60186,66,SG,싱가포르,디램,2020.07,SG
17781,46449,98,8542321030,28668,37,SG,싱가포르,플래시 메모리,2020.07,SG
-424213,7838,12,8542321090,432051,183,SG,싱가포르,기타,2020.07,SG
-7559604,796363,56,8542323000,8355967,482,SG,싱가포르,복합구조칩 집적회로,2020.07,SG
-13124105,1214916,4,8542324030,14339021,600,SG,싱가포르,제8517호의 기기에 전용되거나 주로 사용되는 것,2020.07,SG
4824270,4824726,535,8542321010,456,0,SG,싱가포르,디램,2020.08,SG
-2392,5760,19,8542321020,8152,17,SG,싱가포르,에스램,2020.08,SG
198939,375344,203,8542321030,176405,222,SG,싱가포르,플래시 메모리,2020.08,SG
-841838,1571,1,8542321090,843409,161,SG,싱가포르,기타,2020.08,SG
-7441843,1151642,211,8542323000,8593485,589,SG,싱가포르,복합구조칩 집적회로,2020.08,SG
342784,342784,4,8542324030,0,0,SG,싱가포르,제8517호의 기기에 전용되거나 주로 사용되는 것,2020.08,SG
5962607,5964483,834,8542321010,1876,5,SG,싱가포르,디램,2020.09,SG
9360,9360,32,8542321020,0,0,SG,싱가포르,에스램,2020.09,SG
381111,410259,218,8542321030,29148,135,SG,싱가포르,플래시 메모리,2020.09,SG
-1319039,115764,58,8542321090,1434803,184,SG,싱가포르,기타,2020.09,SG
-9035170,746660,39,8542323000,9781830,468,SG,싱가포르,복합구조칩 집적회로,2020.09,SG
1543379,1548641,15,8542324030,5262,0,SG,싱가포르,제8517호의 기기에 전용되거나 주로 사용되는 것,2020.09,SG
5867323,6160533,741,8542321010,293210,3,SG,싱가포르,디램,2020.10,SG
3011,7920,26,8542321020,4909,10,SG,싱가포르,에스램,2020.10,SG
268956,298287,102,8542321030,29331,250,SG,싱가포르,플래시 메모리,2020.10,SG
-391983,63288,47,8542321090,455271,51,SG,싱가포르,기타,2020.10,SG
-4405760,314886,19,8542323000,4720646,336,SG,싱가포르,복합구조칩 집적회로,2020.10,SG
1373342,1409897,19,8542324030,36555,1,SG,싱가포르,제8517호의 기기에 전용되거나 주로 사용되는 것,2020.10,SG
100,100,0,8542324090,0,0,SG,싱가포르,기타,2020.10,SG
2185753,2363120,301,8542321010,177367,12,SG,싱가포르,디램,2020.11,SG
720,720,2,8542321020,0,0,SG,싱가포르,에스램,2020.11,SG
298566,304270,117,8542321030,5704,56,SG,싱가포르,플래시 메모리,2020.11,SG
-281876,45975,27,8542321090,327851,75,SG,싱가포르,기타,2020.11,SG
-7438989,210394,46,8542323000,7649383,421,SG,싱가포르,복합구조칩 집적회로,2020.11,SG
1235686,1235686,20,8542324030,0,0,SG,싱가포르,제8517호의 기기에 전용되거나 주로 사용되는 것,2020.11,SG
166429,3016010,451,8542321010,2849581,45,SG,싱가포르,디램,2020.12,SG
-3280,0,0,8542321020,3280,7,SG,싱가포르,에스램,2020.12,SG
207561,227893,126,8542321030,20332,111,SG,싱가포르,플래시 메모리,2020.12,SG
-373611,2884,3,8542321090,376495,69,SG,싱가포르,기타,2020.12,SG
-5167381,428803,39,8542323000,5596184,94,SG,싱가포르,복합구조칩 집적회로,2020.12,SG
406738,406738,7,8542324030,0,0,SG,싱가포르,제8517호의 기기에 전용되거나 주로 사용되는 것,2020.12,SG
-23319592,54699086,3209,-,78018678,7286,-,-,-,총계,MY
3534208,3698307,317,8542321010,164099,106,MY,말레이시아,디램,2020.01,MY
-8566,0,0,8542321020,8566,1,MY,말레이시아,에스램,2020.01,MY
-174931,104025,15,8542321030,278956,87,MY,말레이시아,플래시 메모리,2020.01,MY
-1445292,6411,4,8542321090,1451703,284,MY,말레이시아,기타,2020.01,MY
-262338,971477,48,8542323000,1233815,29,MY,말레이시아,복합구조칩 집적회로,2020.01,MY
428697,428697,10,8542324030,0,0,MY,말레이시아,제8517호의 기기에 전용되거나 주로 사용되는 것,2020.01,MY
2117979,2155251,181,8542321010,37272,3,MY,말레이시아,디램,2020.02,MY
-7886,768,2,8542321020,8654,13,MY,말레이시아,에스램,2020.02,MY
-249721,19856,9,8542321030,269577,59,MY,말레이시아,플래시 메모리,2020.02,MY
-2488045,0,0,8542321090,2488045,149,MY,말레이시아,기타,2020.02,MY
253109,1786405,54,8542323000,1533296,21,MY,말레이시아,복합구조칩 집적회로,2020.02,MY
496643,496643,14,8542324030,0,0,MY,말레이시아,제8517호의 기기에 전용되거나 주로 사용되는 것,2020.02,MY
2430243,2462906,211,8542321010,32663,2,MY,말레이시아,디램,2020.03,MY
-5925,0,0,8542321020,5925,1,MY,말레이시아,에스램,2020.03,MY
-522738,10455,3,8542321030,533193,94,MY,말레이시아,플래시 메모리,2020.03,MY
-893866,7700,14,8542321090,901566,263,MY,말레이시아,기타,2020.03,MY
-188180,758654,39,8542323000,946834,19,MY,말레이시아,복합구조칩 집적회로,2020.03,MY
645675,645675,14,8542324030,0,0,MY,말레이시아,제8517호의 기기에 전용되거나 주로 사용되는 것,2020.03,MY
1619072,1643033,165,8542321010,23961,81,MY,말레이시아,디램,2020.04,MY
-113,0,0,8542321020,113,0,MY,말레이시아,에스램,2020.04,MY
-207688,115288,20,8542321030,322976,108,MY,말레이시아,플래시 메모리,2020.04,MY
-39383,0,0,8542321090,39383,15,MY,말레이시아,기타,2020.04,MY
1102549,2185039,76,8542323000,1082490,21,MY,말레이시아,복합구조칩 집적회로,2020.04,MY
100215,111666,6,8542324030,11451,2,MY,말레이시아,제8517호의 기기에 전용되거나 주로 사용되는 것,2020.04,MY
3463113,3463463,278,8542321010,350,2,MY,말레이시아,디램,2020.05,MY
-2843,768,2,8542321020,3611,1,MY,말레이시아,에스램,2020.05,MY
-230518,51015,3,8542321030,281533,55,MY,말레이시아,플래시 메모리,2020.05,MY
-1495899,0,0,8542321090,1495899,229,MY,말레이시아,기타,2020.05,MY
-561496,884292,21,8542323000,1445788,24,MY,말레이시아,복합구조칩 집적회로,2020.05,MY
390847,402299,7,8542324030,11452,1,MY,말레이시아,제8517호의 기기에 전용되거나 주로 사용되는 것,2020.05,MY
2164723,2166077,159,8542321010,1354,3,MY,말레이시아,디램,2020.06,MY
-1246,0,0,8542321020,1246,1,MY,말레이시아,에스램,2020.06,MY
-423895,96773,6,8542321030,520668,85,MY,말레이시아,플래시 메모리,2020.06,MY
-3601909,0,0,8542321090,3601909,265,MY,말레이시아,기타,2020.06,MY
611578,1069851,31,8542323000,458273,13,MY,말레이시아,복합구조칩 집적회로,2020.06,MY
175021,193849,8,8542324030,18828,4,MY,말레이시아,제8517호의 기기에 전용되거나 주로 사용되는 것,2020.06,MY
2029485,2299435,196,8542321010,269950,10,MY,말레이시아,디램,2020.07,MY
-4525,2016,1,8542321020,6541,6,MY,말레이시아,에스램,2020.07,MY
-197855,206260,21,8542321030,404115,82,MY,말레이시아,플래시 메모리,2020.07,MY
-1319588,2,1,8542321090,1319590,108,MY,말레이시아,기타,2020.07,MY
-5179374,1263376,23,8542323000,6442750,501,MY,말레이시아,복합구조칩 집적회로,2020.07,MY
276433,285953,11,8542324030,9520,0,MY,말레이시아,제8517호의 기기에 전용되거나 주로 사용되는 것,2020.07,MY
1847735,1847735,182,8542321010,0,0,MY,말레이시아,디램,2020.08,MY
-4892,0,0,8542321020,4892,1,MY,말레이시아,에스램,2020.08,MY
-183821,209868,25,8542321030,393689,78,MY,말레이시아,플래시 메모리,2020.08,MY
-1454487,3,1,8542321090,1454490,184,MY,말레이시아,기타,2020.08,MY
-3657769,2067611,25,8542323000,5725380,399,MY,말레이시아,복합구조칩 집적회로,2020.08,MY
337191,346714,15,8542324030,9523,2,MY,말레이시아,제8517호의 기기에 전용되거나 주로 사용되는 것,2020.08,MY
-2160,0,0,8542324090,2160,2,MY,말레이시아,기타,2020.08,MY
2409338,2410386,207,8542321010,1048,2,MY,말레이시아,디램,2020.09,MY
-10501,0,0,8542321020,10501,9,MY,말레이시아,에스램,2020.09,MY
-444681,136036,22,8542321030,580717,110,MY,말레이시아,플래시 메모리,2020.09,MY
-79177,275,1,8542321090,79452,37,MY,말레이시아,기타,2020.09,MY
-3632368,5579786,69,8542323000,9212154,745,MY,말레이시아,복합구조칩 집적회로,2020.09,MY
369959,491125,17,8542324030,121166,6,MY,말레이시아,제8517호의 기기에 전용되거나 주로 사용되는 것,2020.09,MY
1569455,1569455,148,8542321010,0,0,MY,말레이시아,디램,2020.10,MY
-8305,0,0,8542321020,8305,14,MY,말레이시아,에스램,2020.10,MY
-298329,131673,18,8542321030,430002,81,MY,말레이시아,플래시 메모리,2020.10,MY
-965153,0,0,8542321090,965153,118,MY,말레이시아,기타,2020.10,MY
-2683158,3008833,24,8542323000,5691991,426,MY,말레이시아,복합구조칩 집적회로,2020.10,MY
381632,421560,15,8542324030,39928,6,MY,말레이시아,제8517호의 기기에 전용되거나 주로 사용되는 것,2020.10,MY
-23541,0,0,8542324090,23541,4,MY,말레이시아,기타,2020.10,MY
1766982,1767000,146,8542321010,18,0,MY,말레이시아,디램,2020.11,MY
-20889,0,0,8542321020,20889,3,MY,말레이시아,에스램,2020.11,MY
-363449,155101,23,8542321030,518550,91,MY,말레이시아,플래시 메모리,2020.11,MY
-3863527,0,0,8542321090,3863527,325,MY,말레이시아,기타,2020.11,MY
-6196985,498617,4,8542323000,6695602,481,MY,말레이시아,복합구조칩 집적회로,2020.11,MY
472471,502804,16,8542324030,30333,5,MY,말레이시아,제8517호의 기기에 전용되거나 주로 사용되는 것,2020.11,MY
-29304,0,0,8542324090,29304,3,MY,말레이시아,기타,2020.11,MY
2136010,2136010,203,8542321010,0,0,MY,말레이시아,디램,2020.12,MY
-3913,0,0,8542321020,3913,1,MY,말레이시아,에스램,2020.12,MY
-477424,138492,22,8542321030,615916,125,MY,말레이시아,플래시 메모리,2020.12,MY
-2525530,0,0,8542321090,2525530,380,MY,말레이시아,기타,2020.12,MY
-10302270,923489,44,8542323000,11225759,884,MY,말레이시아,복합구조칩 집적회로,2020.12,MY
313930,362828,13,8542324030,48898,10,MY,말레이시아,제8517호의 기기에 전용되거나 주로 사용되는 것,2020.12,MY
-18432,0,0,8542324090,18432,4,MY,말레이시아,기타,2020.12,MY
2123973352,2201308190,322986,-,77334838,22630,-,-,-,총계,PH
152218307,158241774,8019,8542321010,6023467,572,PH,필리핀,디램,2020.01,PH
-5758,0,0,8542321020,5758,1,PH,필리핀,에스램,2020.01,PH
11325444,11527311,717,8542321030,201867,78,PH,필리핀,플래시 메모리,2020.01,PH
-88856,7900,6,8542321090,96756,84,PH,필리핀,기타,2020.01,PH
10273377,10474419,1020,8542323000,201042,135,PH,필리핀,복합구조칩 집적회로,2020.01,PH
118871032,140511438,8399,8542321010,21640406,6484,PH,필리핀,디램,2020.02,PH
-443,0,0,8542321020,443,1,PH,필리핀,에스램,2020.02,PH
11508422,11792376,721,8542321030,283954,104,PH,필리핀,플래시 메모리,2020.02,PH
-151793,0,0,8542321090,151793,117,PH,필리핀,기타,2020.02,PH
263267,575066,3,8542323000,311799,224,PH,필리핀,복합구조칩 집적회로,2020.02,PH
2955,2955,2,8542324050,0,0,PH,필리핀,제9031호의 기기에 전용되거나 주로 사용되는 것(반도체 제조용으로 한정한다),2020.02,PH
128477894,153694048,7601,8542321010,25216154,5699,PH,필리핀,디램,2020.03,PH
11688948,12139560,552,8542321030,450612,206,PH,필리핀,플래시 메모리,2020.03,PH
-275180,1991,1,8542321090,277171,189,PH,필리핀,기타,2020.03,PH
917961,1109015,137,8542323000,191054,134,PH,필리핀,복합구조칩 집적회로,2020.03,PH
190586976,191559575,7109,8542321010,972599,301,PH,필리핀,디램,2020.04,PH
-126,0,0,8542321020,126,0,PH,필리핀,에스램,2020.04,PH
-163917,86998,9,8542321030,250915,87,PH,필리핀,플래시 메모리,2020.04,PH
-247837,1,0,8542321090,247838,188,PH,필리핀,기타,2020.04,PH
3408355,3408361,392,8542323000,6,0,PH,필리핀,복합구조칩 집적회로,2020.04,PH
213932676,220865813,9090,8542321010,6933137,2769,PH,필리핀,디램,2020.05,PH
-13237,0,0,8542321020,13237,5,PH,필리핀,에스램,2020.05,PH
3705880,3839939,109,8542321030,134059,42,PH,필리핀,플래시 메모리,2020.05,PH
-242247,3000,1,8542321090,245247,214,PH,필리핀,기타,2020.05,PH
3200355,3200355,370,8542323000,0,0,PH,필리핀,복합구조칩 집적회로,2020.05,PH
172533282,174762884,6286,8542321010,2229602,359,PH,필리핀,디램,2020.06,PH
686693,844116,114,8542321030,157423,67,PH,필리핀,플래시 메모리,2020.06,PH
-512623,0,0,8542321090,512623,506,PH,필리핀,기타,2020.06,PH
5242805,5243194,740,8542323000,389,0,PH,필리핀,복합구조칩 집적회로,2020.06,PH
168818719,171136568,6196,8542321010,2317849,373,PH,필리핀,디램,2020.07,PH
-305,0,0,8542321020,305,0,PH,필리핀,에스램,2020.07,PH
9290010,9567526,374,8542321030,277516,91,PH,필리핀,플래시 메모리,2020.07,PH
-375310,0,0,8542321090,375310,421,PH,필리핀,기타,2020.07,PH
2445936,2445936,152,8542323000,0,0,PH,필리핀,복합구조칩 집적회로,2020.07,PH
150214606,152263258,32406,8542321010,2048652,311,PH,필리핀,디램,2020.08,PH
-3520,0,0,8542321020,3520,2,PH,필리핀,에스램,2020.08,PH
14838538,15031437,485,8542321030,192899,138,PH,필리핀,플래시 메모리,2020.08,PH
-475724,9259,6,8542321090,484983,473,PH,필리핀,기타,2020.08,PH
1603885,1603885,173,8542323000,0,0,PH,필리핀,복합구조칩 집적회로,2020.08,PH
180143707,181179242,57039,8542321010,1035535,181,PH,필리핀,디램,2020.09,PH
-15128,0,0,8542321020,15128,8,PH,필리핀,에스램,2020.09,PH
16380580,16613220,681,8542321030,232640,88,PH,필리핀,플래시 메모리,2020.09,PH
-642287,3075,2,8542321090,645362,585,PH,필리핀,기타,2020.09,PH
1770498,1789548,220,8542323000,19050,15,PH,필리핀,복합구조칩 집적회로,2020.09,PH
-20,0,0,8542324010,20,0,PH,필리핀,제9301호ㆍ제9306호의 물품에 전용되거나 주로 사용되는 것,2020.09,PH
200951723,201038114,60727,8542321010,86391,20,PH,필리핀,디램,2020.10,PH
-203,0,0,8542321020,203,0,PH,필리핀,에스램,2020.10,PH
18017503,18189559,706,8542321030,172056,52,PH,필리핀,플래시 메모리,2020.10,PH
-392387,2327,7,8542321090,394714,398,PH,필리핀,기타,2020.10,PH
3139170,3139170,268,8542323000,0,0,PH,필리핀,복합구조칩 집적회로,2020.10,PH
169922861,170622882,75198,8542321010,700021,194,PH,필리핀,디램,2020.11,PH
-2967,0,0,8542321020,2967,1,PH,필리핀,에스램,2020.11,PH
13939497,14093603,553,8542321030,154106,52,PH,필리핀,플래시 메모리,2020.11,PH
-457994,8,0,8542321090,458002,282,PH,필리핀,기타,2020.11,PH
1543152,1543152,130,8542323000,0,0,PH,필리핀,복합구조칩 집적회로,2020.11,PH
119751878,120151642,35280,8542321010,399764,64,PH,필리핀,디램,2020.12,PH
-26843,0,0,8542321020,26843,5,PH,필리핀,에스램,2020.12,PH
13475498,13608817,648,8542321030,133319,69,PH,필리핀,플래시 메모리,2020.12,PH
-408206,0,0,8542321090,408206,242,PH,필리핀,기타,2020.12,PH
3383873,3383873,336,8542323000,0,0,PH,필리핀,복합구조칩 집적회로,2020.12,PH
16959212007,33436878780,1588422,-,16477666773,876992,-,-,-,총계,CN
771967054,1160854919,70691,8542321010,388887865,33728,CN,중국,디램,2021.01,CN
-52267,53397,14,8542321020,105664,93,CN,중국,에스램,2021.01,CN
254169620,391082409,31219,8542321030,136912789,13458,CN,중국,플래시 메모리,2021.01,CN
-2025275,2656858,1013,8542321090,4682133,2612,CN,중국,기타,2021.01,CN
668173,682804,760,8542322000,14631,12,CN,중국,하이브리드 집적회로,2021.01,CN
72071419,667887786,20619,8542323000,595816367,10986,CN,중국,복합구조칩 집적회로,2021.01,CN
21619901,30779322,796,8542324030,9159421,219,CN,중국,제8517호의 기기에 전용되거나 주로 사용되는 것,2021.01,CN
56000,56000,110,8542324090,0,0,CN,중국,기타,2021.01,CN
801352135,1159213965,97835,8542321010,357861830,29580,CN,중국,디램,2021.02,CN
13809,71267,18,8542321020,57458,29,CN,중국,에스램,2021.02,CN
244341904,357194066,28604,8542321030,112852162,11029,CN,중국,플래시 메모리,2021.02,CN
376063,2889102,801,8542321090,2513039,2698,CN,중국,기타,2021.02,CN
410868,422467,395,8542322000,11599,23,CN,중국,하이브리드 집적회로,2021.02,CN
-5479377,540146394,18048,8542323000,545625771,11117,CN,중국,복합구조칩 집적회로,2021.02,CN
9913905,13036654,323,8542324030,3122749,48,CN,중국,제8517호의 기기에 전용되거나 주로 사용되는 것,2021.02,CN
196611,196611,335,8542324090,0,0,CN,중국,기타,2021.02,CN
864853244,1254776130,97918,8542321010,389922886,35111,CN,중국,디램,2021.03,CN
-9941,72933,19,8542321020,82874,54,CN,중국,에스램,2021.03,CN
199175443,329624228,30878,8542321030,130448785,14578,CN,중국,플래시 메모리,2021.03,CN
1793701,5873801,1557,8542321090,4080100,4009,CN,중국,기타,2021.03,CN
-403110,255507,412,8542322000,658617,38,CN,중국,하이브리드 집적회로,2021.03,CN
198217505,773744042,25149,8542323000,575526537,15830,CN,중국,복합구조칩 집적회로,2021.03,CN
-20,0,0,8542324020,20,1,CN,중국,제9032호의 기기에 전용되거나 주로 사용되는 것(항공기용으로 한정한다),2021.03,CN
1228631,16525539,602,8542324030,15296908,269,CN,중국,제8517호의 기기에 전용되거나 주로 사용되는 것,2021.03,CN
67661,67661,116,8542324090,0,0,CN,중국,기타,2021.03,CN
956486516,1290763686,86287,8542321010,334277170,32243,CN,중국,디램,2021.04,CN
50542,74282,19,8542321020,23740,11,CN,중국,에스램,2021.04,CN
278649416,425513609,33219,8542321030,146864193,13206,CN,중국,플래시 메모리,2021.04,CN
609124,3906713,3001,8542321090,3297589,3136,CN,중국,기타,2021.04,CN
346980,366043,604,8542322000,19063,37,CN,중국,하이브리드 집적회로,2021.04,CN
56522791,606124579,23137,8542323000,549601788,13994,CN,중국,복합구조칩 집적회로,2021.04,CN
-17319679,8471265,169,8542324030,25790944,451,CN,중국,제8517호의 기기에 전용되거나 주로 사용되는 것,2021.04,CN
245537,251316,400,8542324090,5779,42,CN,중국,기타,2021.04,CN
1011243220,1378278643,94209,8542321010,367035423,35387,CN,중국,디램,2021.05,CN
-1400,73346,19,8542321020,74746,46,CN,중국,에스램,2021.05,CN
282819180,491050743,37019,8542321030,208231563,20447,CN,중국,플래시 메모리,2021.05,CN
-2488427,1744162,1003,8542321090,4232589,3205,CN,중국,기타,2021.05,CN
-406795,217396,607,8542322000,624191,267,CN,중국,하이브리드 집적회로,2021.05,CN
149888918,793244709,36135,8542323000,643355791,14858,CN,중국,복합구조칩 집적회로,2021.05,CN
8750275,15587170,519,8542324030,6836895,188,CN,중국,제8517호의 기기에 전용되거나 주로 사용되는 것,2021.05,CN
75033,77000,110,8542324090,1967,1,CN,중국,기타,2021.05,CN
1073084703,1426461842,54935,8542321010,353377139,35109,CN,중국,디램,2021.06,CN
-57693,56623,13,8542321020,114316,88,CN,중국,에스램,2021.06,CN
380939617,505881691,35913,8542321030,124942074,10800,CN,중국,플래시 메모리,2021.06,CN
-852463,2656292,1215,8542321090,3508755,3105,CN,중국,기타,2021.06,CN
34399,471953,561,8542322000,437554,597,CN,중국,하이브리드 집적회로,2021.06,CN
392667957,1128290837,46219,8542323000,735622880,18066,CN,중국,복합구조칩 집적회로,2021.06,CN
8656619,17363930,456,8542324030,8707311,203,CN,중국,제8517호의 기기에 전용되거나 주로 사용되는 것,2021.06,CN
131209,131209,38,8542324060,0,0,CN,중국,제8425호ㆍ제8426호ㆍ제8428호ㆍ제8429호ㆍ제8430호ㆍ제8443.99호ㆍ8470호ㆍ제8471호ㆍ제8472호ㆍ제9026호ㆍ제9030호ㆍ제9504호의 기계 또는 기기에 전용되거나 주로 사용되는 것,2021.06,CN
77000,77000,110,8542324090,0,0,CN,중국,기타,2021.06,CN
1115783953,1550695838,59478,8542321010,434911885,34493,CN,중국,디램,2021.07,CN
-34004,55690,12,8542321020,89694,44,CN,중국,에스램,2021.07,CN
245634826,436116731,34021,8542321030,190481905,17532,CN,중국,플래시 메모리,2021.07,CN
-3893072,2305270,1786,8542321090,6198342,4597,CN,중국,기타,2021.07,CN
169708,197345,445,8542322000,27637,23,CN,중국,하이브리드 집적회로,2021.07,CN
432405942,1136360842,33645,8542323000,703954900,17921,CN,중국,복합구조칩 집적회로,2021.07,CN
-1862,0,0,8542324010,1862,2,CN,중국,제9301호ㆍ제9306호의 물품에 전용되거나 주로 사용되는 것,2021.07,CN
10382974,12071579,256,8542324030,1688605,101,CN,중국,제8517호의 기기에 전용되거나 주로 사용되는 것,2021.07,CN
8536,15281,8,8542324090,6745,18,CN,중국,기타,2021.07,CN
1216253210,1714983419,61698,8542321010,498730209,36639,CN,중국,디램,2021.08,CN
-50725,35570,8,8542321020,86295,33,CN,중국,에스램,2021.08,CN
276207558,445949793,34404,8542321030,169742235,15957,CN,중국,플래시 메모리,2021.08,CN
-2488735,2879284,1310,8542321090,5368019,3915,CN,중국,기타,2021.08,CN
54193,60252,222,8542322000,6059,4,CN,중국,하이브리드 집적회로,2021.08,CN
-87275950,761188312,19542,8542323000,848464262,21173,CN,중국,복합구조칩 집적회로,2021.08,CN
-103,0,0,8542324010,103,0,CN,중국,제9301호ㆍ제9306호의 물품에 전용되거나 주로 사용되는 것,2021.08,CN
31112388,33353813,1178,8542324030,2241425,154,CN,중국,제8517호의 기기에 전용되거나 주로 사용되는 것,2021.08,CN
8408,8567,0,8542324090,159,0,CN,중국,기타,2021.08,CN
1246135757,1690099875,52121,8542321010,443964118,35694,CN,중국,디램,2021.09,CN
-11400,0,0,8542321020,11400,4,CN,중국,에스램,2021.09,CN
308320732,482120269,34259,8542321030,173799537,16716,CN,중국,플래시 메모리,2021.09,CN
-3334624,3143089,2479,8542321090,6477713,4262,CN,중국,기타,2021.09,CN
-23009,0,0,8542322000,23009,18,CN,중국,하이브리드 집적회로,2021.09,CN
-90549213,695890733,21004,8542323000,786439946,21948,CN,중국,복합구조칩 집적회로,2021.09,CN
10737474,12072263,231,8542324030,1334789,103,CN,중국,제8517호의 기기에 전용되거나 주로 사용되는 것,2021.09,CN
1733,2333,2,8542324090,600,1,CN,중국,기타,2021.09,CN
1197898065,1680596677,49493,8542321010,482698612,34347,CN,중국,디램,2021.10,CN
-63532,19118,5,8542321020,82650,37,CN,중국,에스램,2021.10,CN
436144967,583896834,36686,8542321030,147751867,11027,CN,중국,플래시 메모리,2021.10,CN
-1592458,2358846,2166,8542321090,3951304,2803,CN,중국,기타,2021.10,CN
-41840,22127,60,8542322000,63967,78,CN,중국,하이브리드 집적회로,2021.10,CN
-159948680,691754417,16944,8542323000,851703097,18677,CN,중국,복합구조칩 집적회로,2021.10,CN
-985,0,0,8542324010,985,2,CN,중국,제9301호ㆍ제9306호의 물품에 전용되거나 주로 사용되는 것,2021.10,CN
7479248,8005047,286,8542324030,525799,43,CN,중국,제8517호의 기기에 전용되거나 주로 사용되는 것,2021.10,CN
613,613,0,8542324090,0,0,CN,중국,기타,2021.10,CN
988097953,1693247356,50354,8542321010,705149403,44799,CN,중국,디램,2021.11,CN
-29950,21782,7,8542321020,51732,44,CN,중국,에스램,2021.11,CN
277550113,570111617,38820,8542321030,292561504,21615,CN,중국,플래시 메모리,2021.11,CN
-4206918,4067390,2424,8542321090,8274308,3872,CN,중국,기타,2021.11,CN
-113607,0,0,8542322000,113607,61,CN,중국,하이브리드 집적회로,2021.11,CN
1559941,1012283092,22569,8542323000,1010723151,18870,CN,중국,복합구조칩 집적회로,2021.11,CN
17222437,19818457,645,8542324030,2596020,125,CN,중국,제8517호의 기기에 전용되거나 주로 사용되는 것,2021.11,CN
7716,10765,0,8542324090,3049,1,CN,중국,기타,2021.11,CN
1018547626,1696075861,53876,8542321010,677528235,55617,CN,중국,디램,2021.12,CN
-114888,3336,0,8542321020,118224,110,CN,중국,에스램,2021.12,CN
185435092,438668394,32430,8542321030,253233302,22432,CN,중국,플래시 메모리,2021.12,CN
-8506291,1255916,978,8542321090,9762207,3465,CN,중국,기타,2021.12,CN
-94253,13136,30,8542322000,107389,45,CN,중국,하이브리드 집적회로,2021.12,CN
273247155,1236452758,37996,8542323000,963205603,16423,CN,중국,복합구조칩 집적회로,2021.12,CN
-5850,0,0,8542324010,5850,14,CN,중국,제9301호ㆍ제9306호의 물품에 전용되거나 주로 사용되는 것,2021.12,CN
10521841,13289192,394,8542324030,2767351,124,CN,중국,제8517호의 기기에 전용되거나 주로 사용되는 것,2021.12,CN
-12439,0,0,8542324090,12439,4,CN,중국,기타,2021.12,CN
3475964290,4367791495,275938,-,891827205,191575,-,-,-,총계,TW
38587243,54694966,9714,8542321010,16107723,5920,TW,대만,디램,2021.01,TW
-35854,36232,72,8542321020,72086,79,TW,대만,에스램,2021.01,TW
7492563,16421324,2267,8542321030,8928761,6474,TW,대만,플래시 메모리,2021.01,TW
-3088848,4224,2,8542321090,3093072,1156,TW,대만,기타,2021.01,TW
203858338,223517394,4439,8542323000,19659056,1590,TW,대만,복합구조칩 집적회로,2021.01,TW
5595693,5881477,129,8542324030,285784,30,TW,대만,제8517호의 기기에 전용되거나 주로 사용되는 것,2021.01,TW
-3588,0,0,8542324060,3588,2,TW,대만,제8425호ㆍ제8426호ㆍ제8428호ㆍ제8429호ㆍ제8430호ㆍ제8443.99호ㆍ8470호ㆍ제8471호ㆍ제8472호ㆍ제9026호ㆍ제9030호ㆍ제9504호의 기계 또는 기기에 전용되거나 주로 사용되는 것,2021.01,TW
-5374,0,0,8542324090,5374,0,TW,대만,기타,2021.01,TW
44599271,57875762,7709,8542321010,13276491,4223,TW,대만,디램,2021.02,TW
-34395,21576,35,8542321020,55971,55,TW,대만,에스램,2021.02,TW
14024783,20839741,3050,8542321030,6814958,6120,TW,대만,플래시 메모리,2021.02,TW
-10726606,2925,4,8542321090,10729531,1883,TW,대만,기타,2021.02,TW
178151044,232346750,4987,8542323000,54195706,2850,TW,대만,복합구조칩 집적회로,2021.02,TW
-18126355,6481265,189,8542324030,24607620,1841,TW,대만,제8517호의 기기에 전용되거나 주로 사용되는 것,2021.02,TW
-230809,0,0,8542324090,230809,69,TW,대만,기타,2021.02,TW
67375142,85360405,12629,8542321010,17985263,5847,TW,대만,디램,2021.03,TW
-10744,37966,64,8542321020,48710,49,TW,대만,에스램,2021.03,TW
12702144,23779662,3484,8542321030,11077518,6961,TW,대만,플래시 메모리,2021.03,TW
-9977929,2417,3,8542321090,9980346,1980,TW,대만,기타,2021.03,TW
202756965,232808260,4928,8542323000,30051295,1756,TW,대만,복합구조칩 집적회로,2021.03,TW
42058,4708257,103,8542324030,4666199,375,TW,대만,제8517호의 기기에 전용되거나 주로 사용되는 것,2021.03,TW
-26643,737,3,8542324090,27380,3,TW,대만,기타,2021.03,TW
79343981,91530546,11792,8542321010,12186565,5244,TW,대만,디램,2021.04,TW
-35487,9117,18,8542321020,44604,23,TW,대만,에스램,2021.04,TW
448610,10728524,1676,8542321030,10279914,6169,TW,대만,플래시 메모리,2021.04,TW
-3455961,10502,5,8542321090,3466463,945,TW,대만,기타,2021.04,TW
-12668,0,0,8542322000,12668,32,TW,대만,하이브리드 집적회로,2021.04,TW
115970540,156939820,3141,8542323000,40969280,1792,TW,대만,복합구조칩 집적회로,2021.04,TW
-1103,0,0,8542324010,1103,1,TW,대만,제9301호ㆍ제9306호의 물품에 전용되거나 주로 사용되는 것,2021.04,TW
13831653,13831653,413,8542324030,0,0,TW,대만,제8517호의 기기에 전용되거나 주로 사용되는 것,2021.04,TW
-12997,249,0,8542324090,13246,3,TW,대만,기타,2021.04,TW
85443900,99820638,11666,8542321010,14376738,3423,TW,대만,디램,2021.05,TW
-50693,27882,44,8542321020,78575,62,TW,대만,에스램,2021.05,TW
7362941,18632284,2761,8542321030,11269343,6581,TW,대만,플래시 메모리,2021.05,TW
-9659071,1444,3,8542321090,9660515,1946,TW,대만,기타,2021.05,TW
203725724,218386434,4319,8542323000,14660710,866,TW,대만,복합구조칩 집적회로,2021.05,TW
11404264,11858874,247,8542324030,454610,26,TW,대만,제8517호의 기기에 전용되거나 주로 사용되는 것,2021.05,TW
-6,0,0,8542324060,6,6,TW,대만,제8425호ㆍ제8426호ㆍ제8428호ㆍ제8429호ㆍ제8430호ㆍ제8443.99호ㆍ8470호ㆍ제8471호ㆍ제8472호ㆍ제9026호ㆍ제9030호ㆍ제9504호의 기계 또는 기기에 전용되거나 주로 사용되는 것,2021.05,TW
-119143,5184,24,8542324090,124327,32,TW,대만,기타,2021.05,TW
103215308,112361828,12028,8542321010,9146520,3014,TW,대만,디램,2021.06,TW
-14817,49861,110,8542321020,64678,51,TW,대만,에스램,2021.06,TW
2872114,15565317,2692,8542321030,12693203,5601,TW,대만,플래시 메모리,2021.06,TW
-15444529,5544,7,8542321090,15450073,2493,TW,대만,기타,2021.06,TW
138481815,190360614,3825,8542323000,51878799,1756,TW,대만,복합구조칩 집적회로,2021.06,TW
16923643,16956732,554,8542324030,33089,3,TW,대만,제8517호의 기기에 전용되거나 주로 사용되는 것,2021.06,TW
-12937,1126,0,8542324090,14063,28,TW,대만,기타,2021.06,TW
72008108,88445276,8244,8542321010,16437168,5445,TW,대만,디램,2021.07,TW
-61650,28220,54,8542321020,89870,98,TW,대만,에스램,2021.07,TW
-4336068,8130397,1307,8542321030,12466465,6644,TW,대만,플래시 메모리,2021.07,TW
-6890976,52,2,8542321090,6891028,1468,TW,대만,기타,2021.07,TW
9408,9408,1,8542322000,0,0,TW,대만,하이브리드 집적회로,2021.07,TW
115270595,176871328,3850,8542323000,61600733,1583,TW,대만,복합구조칩 집적회로,2021.07,TW
16047432,16047432,275,8542324030,0,0,TW,대만,제8517호의 기기에 전용되거나 주로 사용되는 것,2021.07,TW
-7398,0,0,8542324090,7398,0,TW,대만,기타,2021.07,TW
71533206,85353656,10148,8542321010,13820450,4895,TW,대만,디램,2021.08,TW
55140,94073,179,8542321020,38933,32,TW,대만,에스램,2021.08,TW
14171783,23679161,2547,8542321030,9507378,7186,TW,대만,플래시 메모리,2021.08,TW
-19042219,4197,5,8542321090,19046416,3004,TW,대만,기타,2021.08,TW
-869,0,0,8542322000,869,0,TW,대만,하이브리드 집적회로,2021.08,TW
262929097,305171906,14687,8542323000,42242809,1448,TW,대만,복합구조칩 집적회로,2021.08,TW
5610205,5622208,98,8542324030,12003,0,TW,대만,제8517호의 기기에 전용되거나 주로 사용되는 것,2021.08,TW
-43000,3429,0,8542324090,46429,4,TW,대만,기타,2021.08,TW
98407506,113841002,11906,8542321010,15433496,7996,TW,대만,디램,2021.09,TW
-143315,32742,39,8542321020,176057,145,TW,대만,에스램,2021.09,TW
11612188,21260874,2888,8542321030,9648686,6060,TW,대만,플래시 메모리,2021.09,TW
-11548252,5043,7,8542321090,11553295,1728,TW,대만,기타,2021.09,TW
310709458,336360710,19315,8542323000,25651252,634,TW,대만,복합구조칩 집적회로,2021.09,TW
4287975,4306247,98,8542324030,18272,1,TW,대만,제8517호의 기기에 전용되거나 주로 사용되는 것,2021.09,TW
-25200,0,0,8542324050,25200,6,TW,대만,제9031호의 기기에 전용되거나 주로 사용되는 것(반도체 제조용으로 한정한다),2021.09,TW
-7128,0,0,8542324090,7128,4,TW,대만,기타,2021.09,TW
50536536,60294784,9240,8542321010,9758248,7357,TW,대만,디램,2021.10,TW
-8175,31175,33,8542321020,39350,24,TW,대만,에스램,2021.10,TW
-4988872,4532760,1209,8542321030,9521632,7033,TW,대만,플래시 메모리,2021.10,TW
-5130016,0,0,8542321090,5130016,1244,TW,대만,기타,2021.10,TW
-3447,0,0,8542322000,3447,12,TW,대만,하이브리드 집적회로,2021.10,TW
315812283,348671054,21843,8542323000,32858771,1266,TW,대만,복합구조칩 집적회로,2021.10,TW
2463259,2544652,48,8542324030,81393,4,TW,대만,제8517호의 기기에 전용되거나 주로 사용되는 것,2021.10,TW
-12217,0,0,8542324090,12217,0,TW,대만,기타,2021.10,TW
78295420,88580871,11060,8542321010,10285451,9595,TW,대만,디램,2021.11,TW
-174306,26295,5,8542321020,200601,119,TW,대만,에스램,2021.11,TW
-3187346,6835652,1371,8542321030,10022998,7289,TW,대만,플래시 메모리,2021.11,TW
-13787958,9233,9,8542321090,13797191,2204,TW,대만,기타,2021.11,TW
-5182,0,0,8542322000,5182,10,TW,대만,하이브리드 집적회로,2021.11,TW
256920166,313518473,21574,8542323000,56598307,1396,TW,대만,복합구조칩 집적회로,2021.11,TW
1438038,1465485,30,8542324030,27447,2,TW,대만,제8517호의 기기에 전용되거나 주로 사용되는 것,2021.11,TW
-10,0,0,8542324060,10,26,TW,대만,제8425호ㆍ제8426호ㆍ제8428호ㆍ제8429호ㆍ제8430호ㆍ제8443.99호ㆍ8470호ㆍ제8471호ㆍ제8472호ㆍ제9026호ㆍ제9030호ㆍ제9504호의 기계 또는 기기에 전용되거나 주로 사용되는 것,2021.11,TW
85667260,93446499,11579,8542321010,7779239,6446,TW,대만,디램,2021.12,TW
-53574,36363,74,8542321020,89937,30,TW,대만,에스램,2021.12,TW
39217880,47613375,4649,8542321030,8395495,6728,TW,대만,플래시 메모리,2021.12,TW
-7623025,1179,4,8542321090,7624204,1490,TW,대만,기타,2021.12,TW
252905704,288894398,8349,8542323000,35988694,1551,TW,대만,복합구조칩 집적회로,2021.12,TW
4062266,4083873,76,8542324030,21607,2,TW,대만,제8517호의 기기에 전용되거나 주로 사용되는 것,2021.12,TW
-49600,32500,2,8542324090,82100,5,TW,대만,기타,2021.12,TW
6039706308,6092413614,304584,-,52707306,4912,-,-,-,총계,VN
11444729,11444729,2144,8542321010,0,0,VN,베트남,디램,2021.01,VN
911,911,1,8542321020,0,0,VN,베트남,에스램,2021.01,VN
2074984,2081686,1175,8542321030,6702,46,VN,베트남,플래시 메모리,2021.01,VN
5312962,5378403,2969,8542321090,65441,218,VN,베트남,기타,2021.01,VN
278594624,280903702,5209,8542323000,2309078,132,VN,베트남,복합구조칩 집적회로,2021.01,VN
15780058,15781065,435,8542324030,1007,0,VN,베트남,제8517호의 기기에 전용되거나 주로 사용되는 것,2021.01,VN
7387,7387,1,8542324090,0,0,VN,베트남,기타,2021.01,VN
13511234,13511234,2249,8542321010,0,0,VN,베트남,디램,2021.02,VN
10285,10285,1,8542321020,0,0,VN,베트남,에스램,2021.02,VN
3467231,3522236,2175,8542321030,55005,61,VN,베트남,플래시 메모리,2021.02,VN
4672851,4700863,3575,8542321090,28012,9,VN,베트남,기타,2021.02,VN
302858856,303002256,5245,8542323000,143400,49,VN,베트남,복합구조칩 집적회로,2021.02,VN
12884200,12884200,383,8542324030,0,0,VN,베트남,제8517호의 기기에 전용되거나 주로 사용되는 것,2021.02,VN
817,817,0,8542324090,0,0,VN,베트남,기타,2021.02,VN
78793111,78809535,9013,8542321010,16424,4,VN,베트남,디램,2021.03,VN
3159262,3296313,2213,8542321030,137051,163,VN,베트남,플래시 메모리,2021.03,VN
2969286,2970381,3692,8542321090,1095,1,VN,베트남,기타,2021.03,VN
2936,2936,3,8542322000,0,0,VN,베트남,하이브리드 집적회로,2021.03,VN
301138191,307186397,5483,8542323000,6048206,387,VN,베트남,복합구조칩 집적회로,2021.03,VN
15500630,15500630,620,8542324030,0,0,VN,베트남,제8517호의 기기에 전용되거나 주로 사용되는 것,2021.03,VN
51128,51128,2,8542324090,0,0,VN,베트남,기타,2021.03,VN
98328630,99050616,9529,8542321010,721986,159,VN,베트남,디램,2021.04,VN
23148,23148,3,8542321020,0,0,VN,베트남,에스램,2021.04,VN
4626506,4626814,1976,8542321030,308,1,VN,베트남,플래시 메모리,2021.04,VN
4546013,4663652,3814,8542321090,117639,226,VN,베트남,기타,2021.04,VN
-10644,0,0,8542322000,10644,1,VN,베트남,하이브리드 집적회로,2021.04,VN
255471632,255474053,4599,8542323000,2421,0,VN,베트남,복합구조칩 집적회로,2021.04,VN
19204533,19217722,296,8542324030,13189,4,VN,베트남,제8517호의 기기에 전용되거나 주로 사용되는 것,2021.04,VN
95141,95141,90,8542324090,0,0,VN,베트남,기타,2021.04,VN
78958765,79649319,7551,8542321010,690554,102,VN,베트남,디램,2021.05,VN
1651,1651,1,8542321020,0,0,VN,베트남,에스램,2021.05,VN
3364028,3366865,1425,8542321030,2837,6,VN,베트남,플래시 메모리,2021.05,VN
5255784,5672549,3935,8542321090,416765,97,VN,베트남,기타,2021.05,VN
335638833,336765921,6825,8542323000,1127088,379,VN,베트남,복합구조칩 집적회로,2021.05,VN
23778995,23808233,569,8542324030,29238,3,VN,베트남,제8517호의 기기에 전용되거나 주로 사용되는 것,2021.05,VN
12274,12274,5,8542324090,0,0,VN,베트남,기타,2021.05,VN
194599395,194611935,18102,8542321010,12540,3,VN,베트남,디램,2021.06,VN
9023,10711,1,8542321020,1688,1,VN,베트남,에스램,2021.06,VN
3731795,4297245,1645,8542321030,565450,16,VN,베트남,플래시 메모리,2021.06,VN
7360046,7543440,4269,8542321090,183394,356,VN,베트남,기타,2021.06,VN
268302169,280268149,4798,8542323000,11965980,354,VN,베트남,복합구조칩 집적회로,2021.06,VN
11481030,11568172,530,8542324030,87142,20,VN,베트남,제8517호의 기기에 전용되거나 주로 사용되는 것,2021.06,VN
-54759,65427,10,8542324090,120186,28,VN,베트남,기타,2021.06,VN
189437685,189728992,15995,8542321010,291307,30,VN,베트남,디램,2021.07,VN
4753,4753,1,8542321020,0,0,VN,베트남,에스램,2021.07,VN
4529932,4531403,2217,8542321030,1471,0,VN,베트남,플래시 메모리,2021.07,VN
7454287,7551577,4977,8542321090,97290,331,VN,베트남,기타,2021.07,VN
254994190,267656325,4180,8542323000,12662135,694,VN,베트남,복합구조칩 집적회로,2021.07,VN
46368,605302,11,8542324030,558934,8,VN,베트남,제8517호의 기기에 전용되거나 주로 사용되는 것,2021.07,VN
120596,120596,22,8542324090,0,0,VN,베트남,기타,2021.07,VN
279287963,279287977,18508,8542321010,14,0,VN,베트남,디램,2021.08,VN
4962,4962,0,8542321020,0,0,VN,베트남,에스램,2021.08,VN
5402730,5405730,2505,8542321030,3000,10,VN,베트남,플래시 메모리,2021.08,VN
7052533,7070526,5547,8542321090,17993,10,VN,베트남,기타,2021.08,VN
354621397,357692851,4711,8542323000,3071454,96,VN,베트남,복합구조칩 집적회로,2021.08,VN
51321804,51321853,597,8542324030,49,0,VN,베트남,제8517호의 기기에 전용되거나 주로 사용되는 것,2021.08,VN
35144,35144,5,8542324090,0,0,VN,베트남,기타,2021.08,VN
277940613,277940613,17092,8542321010,0,0,VN,베트남,디램,2021.09,VN
4756,4756,0,8542321020,0,0,VN,베트남,에스램,2021.09,VN
6146725,6159568,2348,8542321030,12843,12,VN,베트남,플래시 메모리,2021.09,VN
7590831,7687911,4684,8542321090,97080,24,VN,베트남,기타,2021.09,VN
347988446,353249616,4330,8542323000,5261170,127,VN,베트남,복합구조칩 집적회로,2021.09,VN
34353950,34353950,606,8542324030,0,0,VN,베트남,제8517호의 기기에 전용되거나 주로 사용되는 것,2021.09,VN
545,545,0,8542324090,0,0,VN,베트남,기타,2021.09,VN
295873453,295873570,19899,8542321010,117,1,VN,베트남,디램,2021.10,VN
3589968,4454668,1859,8542321030,864700,51,VN,베트남,플래시 메모리,2021.10,VN
6590199,6590666,3940,8542321090,467,0,VN,베트남,기타,2021.10,VN
214274246,215342244,2774,8542323000,1067998,87,VN,베트남,복합구조칩 집적회로,2021.10,VN
26907242,26907242,285,8542324030,0,0,VN,베트남,제8517호의 기기에 전용되거나 주로 사용되는 것,2021.10,VN
47062,47062,2,8542324090,0,0,VN,베트남,기타,2021.10,VN
261666810,261669602,21354,8542321010,2792,0,VN,베트남,디램,2021.11,VN
4756,4756,0,8542321020,0,0,VN,베트남,에스램,2021.11,VN
6663736,6701063,2634,8542321030,37327,5,VN,베트남,플래시 메모리,2021.11,VN
5985138,5993438,2851,8542321090,8300,6,VN,베트남,기타,2021.11,VN
318105473,319942513,5521,8542323000,1837040,117,VN,베트남,복합구조칩 집적회로,2021.11,VN
30840415,30869022,444,8542324030,28607,3,VN,베트남,제8517호의 기기에 전용되거나 주로 사용되는 것,2021.11,VN
2819,2819,2,8542324090,0,0,VN,베트남,기타,2021.11,VN
375059343,376492037,27074,8542321010,1432694,336,VN,베트남,디램,2021.12,VN
2523,2523,3,8542321020,0,0,VN,베트남,에스램,2021.12,VN
7551766,7650001,2472,8542321030,98235,50,VN,베트남,플래시 메모리,2021.12,VN
5899778,6058465,2806,8542321090,158687,35,VN,베트남,기타,2021.12,VN
226837681,227000585,3835,8542323000,162904,30,VN,베트남,복합구조칩 집적회로,2021.12,VN
58556257,58556257,1931,8542324030,0,0,VN,베트남,제8517호의 기기에 전용되거나 주로 사용되는 것,2021.12,VN
-52228,0,0,8542324090,52228,23,VN,베트남,기타,2021.12,VN
584963225,672198402,30003,-,87235177,6317,-,-,-,총계,US
12659257,13259483,1284,8542321010,600226,94,US,미국,디램,2021.01,US
548,1376,1,8542321020,828,2,US,미국,에스램,2021.01,US
-298514,11752,30,8542321030,310266,177,US,미국,플래시 메모리,2021.01,US
-519739,27019,6,8542321090,546758,319,US,미국,기타,2021.01,US
16764721,16793515,345,8542323000,28794,26,US,미국,복합구조칩 집적회로,2021.01,US
990222,990453,35,8542324030,231,1,US,미국,제8517호의 기기에 전용되거나 주로 사용되는 것,2021.01,US
-700,0,0,8542324060,700,2,US,미국,제8425호ㆍ제8426호ㆍ제8428호ㆍ제8429호ㆍ제8430호ㆍ제8443.99호ㆍ8470호ㆍ제8471호ㆍ제8472호ㆍ제9026호ㆍ제9030호ㆍ제9504호의 기계 또는 기기에 전용되거나 주로 사용되는 것,2021.01,US
2088,2088,2,8542324090,0,0,US,미국,기타,2021.01,US
15041110,16120322,1917,8542321010,1079212,80,US,미국,디램,2021.02,US
-42378,795,0,8542321030,43173,35,US,미국,플래시 메모리,2021.02,US
-169889,21738,17,8542321090,191627,121,US,미국,기타,2021.02,US
15928979,16090606,504,8542323000,161627,127,US,미국,복합구조칩 집적회로,2021.02,US
-7645,0,0,8542324010,7645,1,US,미국,제9301호ㆍ제9306호의 물품에 전용되거나 주로 사용되는 것,2021.02,US
1495285,1499595,45,8542324030,4310,1,US,미국,제8517호의 기기에 전용되거나 주로 사용되는 것,2021.02,US
4443,4443,3,8542324090,0,0,US,미국,기타,2021.02,US
14183592,15201245,1624,8542321010,1017653,113,US,미국,디램,2021.03,US
-349,0,0,8542321020,349,0,US,미국,에스램,2021.03,US
-53197,1594,1,8542321030,54791,26,US,미국,플래시 메모리,2021.03,US
-551965,23162,24,8542321090,575127,304,US,미국,기타,2021.03,US
13023372,13124004,647,8542323000,100632,50,US,미국,복합구조칩 집적회로,2021.03,US
2134799,2134987,66,8542324030,188,1,US,미국,제8517호의 기기에 전용되거나 주로 사용되는 것,2021.03,US
-12852,318,4,8542324090,13170,0,US,미국,기타,2021.03,US
18709438,19241136,1662,8542321010,531698,56,US,미국,디램,2021.04,US
11391,12877,2,8542321030,1486,5,US,미국,플래시 메모리,2021.04,US
-125849,4544,2,8542321090,130393,104,US,미국,기타,2021.04,US
12522914,12525626,740,8542323000,2712,1,US,미국,복합구조칩 집적회로,2021.04,US
1007226,1007729,30,8542324030,503,3,US,미국,제8517호의 기기에 전용되거나 주로 사용되는 것,2021.04,US
-70564,3343,2,8542324090,73907,2,US,미국,기타,2021.04,US
25609645,26156328,2503,8542321010,546683,58,US,미국,디램,2021.05,US
534,1180,1,8542321020,646,1,US,미국,에스램,2021.05,US
21961,45747,45,8542321030,23786,24,US,미국,플래시 메모리,2021.05,US
-1042747,238644,409,8542321090,1281391,295,US,미국,기타,2021.05,US
42060589,42064297,975,8542323000,3708,4,US,미국,복합구조칩 집적회로,2021.05,US
1600392,1600640,40,8542324030,248,2,US,미국,제8517호의 기기에 전용되거나 주로 사용되는 것,2021.05,US
1800,1800,1,8542324040,0,0,US,미국,제8528.42호ㆍ제8528.52호ㆍ제8528.62호ㆍ제8531.20호의 기기에 전용되거나 주로 사용되는 것,2021.05,US
2243,2300,1,8542324060,57,0,US,미국,제8425호ㆍ제8426호ㆍ제8428호ㆍ제8429호ㆍ제8430호ㆍ제8443.99호ㆍ8470호ㆍ제8471호ㆍ제8472호ㆍ제9026호ㆍ제9030호ㆍ제9504호의 기계 또는 기기에 전용되거나 주로 사용되는 것,2021.05,US
-140,43,0,8542324090,183,1,US,미국,기타,2021.05,US
20547660,21617324,1836,8542321010,1069664,112,US,미국,디램,2021.06,US
199,360,0,8542321020,161,0,US,미국,에스램,2021.06,US
-40961,25307,10,8542321030,66268,65,US,미국,플래시 메모리,2021.06,US
-748502,60435,144,8542321090,808937,110,US,미국,기타,2021.06,US
39441040,39481040,1180,8542323000,40000,6,US,미국,복합구조칩 집적회로,2021.06,US
2237774,2238350,53,8542324030,576,3,US,미국,제8517호의 기기에 전용되거나 주로 사용되는 것,2021.06,US
1170,1170,1,8542324060,0,0,US,미국,제8425호ㆍ제8426호ㆍ제8428호ㆍ제8429호ㆍ제8430호ㆍ제8443.99호ㆍ8470호ㆍ제8471호ㆍ제8472호ㆍ제9026호ㆍ제9030호ㆍ제9504호의 기계 또는 기기에 전용되거나 주로 사용되는 것,2021.06,US
2256,2737,3,8542324090,481,2,US,미국,기타,2021.06,US
20811535,22485599,1664,8542321010,1674064,162,US,미국,디램,2021.07,US
-54005,0,0,8542321020,54005,5,US,미국,에스램,2021.07,US
-11193,5531,13,8542321030,16724,11,US,미국,플래시 메모리,2021.07,US
-915798,18602,5,8542321090,934400,141,US,미국,기타,2021.07,US
45027928,46208500,1139,8542323000,1180572,23,US,미국,복합구조칩 집적회로,2021.07,US
3331849,3332078,77,8542324030,229,1,US,미국,제8517호의 기기에 전용되거나 주로 사용되는 것,2021.07,US
3732,3732,1,8542324060,0,0,US,미국,제8425호ㆍ제8426호ㆍ제8428호ㆍ제8429호ㆍ제8430호ㆍ제8443.99호ㆍ8470호ㆍ제8471호ㆍ제8472호ㆍ제9026호ㆍ제9030호ㆍ제9504호의 기계 또는 기기에 전용되거나 주로 사용되는 것,2021.07,US
4679,4686,3,8542324090,7,0,US,미국,기타,2021.07,US
14089390,15815021,1009,8542321010,1725631,76,US,미국,디램,2021.08,US
-24230,0,0,8542321020,24230,1,US,미국,에스램,2021.08,US
-82183,2723,2,8542321030,84906,41,US,미국,플래시 메모리,2021.08,US
-877391,6582,4,8542321090,883973,202,US,미국,기타,2021.08,US
34441719,34444392,971,8542323000,2673,6,US,미국,복합구조칩 집적회로,2021.08,US
2492818,2493650,67,8542324030,832,3,US,미국,제8517호의 기기에 전용되거나 주로 사용되는 것,2021.08,US
17114270,18002054,1354,8542321010,887784,35,US,미국,디램,2021.09,US
-68094,0,0,8542321020,68094,15,US,미국,에스램,2021.09,US
-55673,4210,1,8542321030,59883,72,US,미국,플래시 메모리,2021.09,US
-638695,2859,2,8542321090,641554,167,US,미국,기타,2021.09,US
39568220,42014926,1264,8542323000,2446706,93,US,미국,복합구조칩 집적회로,2021.09,US
3338037,3338311,76,8542324030,274,1,US,미국,제8517호의 기기에 전용되거나 주로 사용되는 것,2021.09,US
-76,0,0,8542324060,76,0,US,미국,제8425호ㆍ제8426호ㆍ제8428호ㆍ제8429호ㆍ제8430호ㆍ제8443.99호ㆍ8470호ㆍ제8471호ㆍ제8472호ㆍ제9026호ㆍ제9030호ㆍ제9504호의 기계 또는 기기에 전용되거나 주로 사용되는 것,2021.09,US
-27847,1372,1,8542324090,29219,3,US,미국,기타,2021.09,US
20853594,21444301,1471,8542321010,590707,18,US,미국,디램,2021.10,US
-1494,0,0,8542321020,1494,1,US,미국,에스램,2021.10,US
2369,60898,13,8542321030,58529,34,US,미국,플래시 메모리,2021.10,US
-289820,11354,4,8542321090,301174,116,US,미국,기타,2021.10,US
43407630,43416018,531,8542323000,8388,5,US,미국,복합구조칩 집적회로,2021.10,US
2375196,2375324,62,8542324030,128,1,US,미국,제8517호의 기기에 전용되거나 주로 사용되는 것,2021.10,US
1300,1300,1,8542324090,0,0,US,미국,기타,2021.10,US
17300515,17888275,1207,8542321010,587760,35,US,미국,디램,2021.11,US
-1459,0,0,8542321020,1459,1,US,미국,에스램,2021.11,US
-667045,26999,15,8542321030,694044,56,US,미국,플래시 메모리,2021.11,US
-1994983,26931,76,8542321090,2021914,427,US,미국,기타,2021.11,US
-711,0,0,8542322000,711,1,US,미국,하이브리드 집적회로,2021.11,US
63930668,64240312,796,8542323000,309644,49,US,미국,복합구조칩 집적회로,2021.11,US
2381686,2412650,53,8542324030,30964,5,US,미국,제8517호의 기기에 전용되거나 주로 사용되는 것,2021.11,US
-147,0,0,8542324090,147,1,US,미국,기타,2021.11,US
18966616,19440823,1222,8542321010,474207,79,US,미국,디램,2021.12,US
-80498,7423,1,8542321030,87921,32,US,미국,플래시 메모리,2021.12,US
-836872,1151,3,8542321090,838023,127,US,미국,기타,2021.12,US
46306975,48801151,609,8542323000,2494176,44,US,미국,복합구조칩 집적회로,2021.12,US
-56547049,2149902,51,8542324030,58696951,1891,US,미국,제8517호의 기기에 전용되거나 주로 사용되는 것,2021.12,US
67105,67310,42,8542324090,205,0,US,미국,기타,2021.12,US
17928271674,18327947912,849052,-,399676238,20741,-,-,-,총계,HK
52341932,52873184,16747,8542321010,531252,212,HK,홍콩,디램,2021.01,HK
450714,450714,707,8542321020,0,0,HK,홍콩,에스램,2021.01,HK
51426244,52556343,11646,8542321030,1130099,248,HK,홍콩,플래시 메모리,2021.01,HK
1149536,1408058,1104,8542321090,258522,260,HK,홍콩,기타,2021.01,HK
-5491,24180,55,8542322000,29671,2,HK,홍콩,하이브리드 집적회로,2021.01,HK
701567056,725252324,21719,8542323000,23685268,588,HK,홍콩,복합구조칩 집적회로,2021.01,HK
267331795,267519598,7305,8542324030,187803,9,HK,홍콩,제8517호의 기기에 전용되거나 주로 사용되는 것,2021.01,HK
8496,8496,1,8542324090,0,0,HK,홍콩,기타,2021.01,HK
44232880,44972104,13480,8542321010,739224,682,HK,홍콩,디램,2021.02,HK
261094,261094,309,8542321020,0,0,HK,홍콩,에스램,2021.02,HK
54030101,54059742,8838,8542321030,29641,8,HK,홍콩,플래시 메모리,2021.02,HK
-207716,1556410,1205,8542321090,1764126,327,HK,홍콩,기타,2021.02,HK
23870,23870,55,8542322000,0,0,HK,홍콩,하이브리드 집적회로,2021.02,HK
867554407,877707683,25266,8542323000,10153276,305,HK,홍콩,복합구조칩 집적회로,2021.02,HK
276761019,276761036,7590,8542324030,17,0,HK,홍콩,제8517호의 기기에 전용되거나 주로 사용되는 것,2021.02,HK
92621791,94803803,15706,8542321010,2182012,1175,HK,홍콩,디램,2021.03,HK
282778,282778,517,8542321020,0,0,HK,홍콩,에스램,2021.03,HK
69892633,69994686,13076,8542321030,102053,55,HK,홍콩,플래시 메모리,2021.03,HK
1483304,1721393,1622,8542321090,238089,150,HK,홍콩,기타,2021.03,HK
1059658109,1072815258,30008,8542323000,13157149,258,HK,홍콩,복합구조칩 집적회로,2021.03,HK
366746090,366818330,8067,8542324030,72240,4,HK,홍콩,제8517호의 기기에 전용되거나 주로 사용되는 것,2021.03,HK
-24614,649,1,8542324090,25263,23,HK,홍콩,기타,2021.03,HK
105311496,106787630,19095,8542321010,1476134,528,HK,홍콩,디램,2021.04,HK
510746,510746,665,8542321020,0,0,HK,홍콩,에스램,2021.04,HK
35585627,36631775,7848,8542321030,1046148,285,HK,홍콩,플래시 메모리,2021.04,HK
3910249,3975583,2998,8542321090,65334,93,HK,홍콩,기타,2021.04,HK
971624749,989298412,26664,8542323000,17673663,236,HK,홍콩,복합구조칩 집적회로,2021.04,HK
290877878,291787719,6837,8542324030,909841,11,HK,홍콩,제8517호의 기기에 전용되거나 주로 사용되는 것,2021.04,HK
-1934,2312,0,8542324090,4246,1,HK,홍콩,기타,2021.04,HK
85986365,87197707,16636,8542321010,1211342,1029,HK,홍콩,디램,2021.05,HK
383638,388926,611,8542321020,5288,3,HK,홍콩,에스램,2021.05,HK
49014965,51252117,8143,8542321030,2237152,458,HK,홍콩,플래시 메모리,2021.05,HK
1297891,1451169,1314,8542321090,153278,63,HK,홍콩,기타,2021.05,HK
1200401383,1206026764,26480,8542323000,5625381,112,HK,홍콩,복합구조칩 집적회로,2021.05,HK
270648177,270651154,5960,8542324030,2977,1,HK,홍콩,제8517호의 기기에 전용되거나 주로 사용되는 것,2021.05,HK
234,234,1,8542324050,0,0,HK,홍콩,제9031호의 기기에 전용되거나 주로 사용되는 것(반도체 제조용으로 한정한다),2021.05,HK
-271,1184,0,8542324090,1455,0,HK,홍콩,기타,2021.05,HK
127441943,128101252,21073,8542321010,659309,1154,HK,홍콩,디램,2021.06,HK
424771,424771,721,8542321020,0,0,HK,홍콩,에스램,2021.06,HK
49822296,50916969,8666,8542321030,1094673,188,HK,홍콩,플래시 메모리,2021.06,HK
1080985,1573564,1064,8542321090,492579,67,HK,홍콩,기타,2021.06,HK
1367142047,1389819350,28448,8542323000,22677303,1139,HK,홍콩,복합구조칩 집적회로,2021.06,HK
277921647,277989189,5889,8542324030,67542,5,HK,홍콩,제8517호의 기기에 전용되거나 주로 사용되는 것,2021.06,HK
11238,11238,2,8542324090,0,0,HK,홍콩,기타,2021.06,HK
81494977,81628669,21114,8542321010,133692,308,HK,홍콩,디램,2021.07,HK
572237,572237,673,8542321020,0,0,HK,홍콩,에스램,2021.07,HK
24838379,26874492,5859,8542321030,2036113,357,HK,홍콩,플래시 메모리,2021.07,HK
1210834,1486706,1175,8542321090,275872,109,HK,홍콩,기타,2021.07,HK
23625,23625,3,8542322000,0,0,HK,홍콩,하이브리드 집적회로,2021.07,HK
836421613,890705314,29640,8542323000,54283701,784,HK,홍콩,복합구조칩 집적회로,2021.07,HK
351574702,351866155,6207,8542324030,291453,5,HK,홍콩,제8517호의 기기에 전용되거나 주로 사용되는 것,2021.07,HK
5400,5400,4,8542324060,0,0,HK,홍콩,제8425호ㆍ제8426호ㆍ제8428호ㆍ제8429호ㆍ제8430호ㆍ제8443.99호ㆍ8470호ㆍ제8471호ㆍ제8472호ㆍ제9026호ㆍ제9030호ㆍ제9504호의 기계 또는 기기에 전용되거나 주로 사용되는 것,2021.07,HK
15846,15846,10,8542324090,0,0,HK,홍콩,기타,2021.07,HK
76454231,76794079,23153,8542321010,339848,304,HK,홍콩,디램,2021.08,HK
539114,543729,796,8542321020,4615,2,HK,홍콩,에스램,2021.08,HK
66292149,67340144,9942,8542321030,1047995,138,HK,홍콩,플래시 메모리,2021.08,HK
422439,734753,841,8542321090,312314,66,HK,홍콩,기타,2021.08,HK
1130181390,1156172874,38977,8542323000,25991484,296,HK,홍콩,복합구조칩 집적회로,2021.08,HK
356214610,356226191,5942,8542324030,11581,4,HK,홍콩,제8517호의 기기에 전용되거나 주로 사용되는 것,2021.08,HK
-155,1066,0,8542324060,1221,0,HK,홍콩,제8425호ㆍ제8426호ㆍ제8428호ㆍ제8429호ㆍ제8430호ㆍ제8443.99호ㆍ8470호ㆍ제8471호ㆍ제8472호ㆍ제9026호ㆍ제9030호ㆍ제9504호의 기계 또는 기기에 전용되거나 주로 사용되는 것,2021.08,HK
475213,475213,49,8542324090,0,0,HK,홍콩,기타,2021.08,HK
88527087,90653049,23277,8542321010,2125962,945,HK,홍콩,디램,2021.09,HK
709646,709646,612,8542321020,0,0,HK,홍콩,에스램,2021.09,HK
121285462,123783956,15830,8542321030,2498494,375,HK,홍콩,플래시 메모리,2021.09,HK
411518,628309,379,8542321090,216791,179,HK,홍콩,기타,2021.09,HK
73400,73400,4,8542322000,0,0,HK,홍콩,하이브리드 집적회로,2021.09,HK
1348288695,1422534544,34641,8542323000,74245849,1680,HK,홍콩,복합구조칩 집적회로,2021.09,HK
402078337,402078422,6888,8542324030,85,1,HK,홍콩,제8517호의 기기에 전용되거나 주로 사용되는 것,2021.09,HK
2250,2250,1,8542324040,0,0,HK,홍콩,제8528.42호ㆍ제8528.52호ㆍ제8528.62호ㆍ제8531.20호의 기기에 전용되거나 주로 사용되는 것,2021.09,HK
90922,90922,16,8542324090,0,0,HK,홍콩,기타,2021.09,HK
64416144,65054924,24093,8542321010,638780,886,HK,홍콩,디램,2021.10,HK
425622,425622,509,8542321020,0,0,HK,홍콩,에스램,2021.10,HK
19618125,19831290,5548,8542321030,213165,60,HK,홍콩,플래시 메모리,2021.10,HK
765899,1188964,857,8542321090,423065,202,HK,홍콩,기타,2021.10,HK
835344447,885565773,31985,8542323000,50221326,493,HK,홍콩,복합구조칩 집적회로,2021.10,HK
316117266,316197457,5838,8542324030,80191,4,HK,홍콩,제8517호의 기기에 전용되거나 주로 사용되는 것,2021.10,HK
2250,2250,3,8542324040,0,0,HK,홍콩,제8528.42호ㆍ제8528.52호ㆍ제8528.62호ㆍ제8531.20호의 기기에 전용되거나 주로 사용되는 것,2021.10,HK
395,395,0,8542324090,0,0,HK,홍콩,기타,2021.10,HK
73235681,74008300,21694,8542321010,772619,610,HK,홍콩,디램,2021.11,HK
462995,462995,836,8542321020,0,0,HK,홍콩,에스램,2021.11,HK
26924152,27876201,6222,8542321030,952049,118,HK,홍콩,플래시 메모리,2021.11,HK
1113572,1334258,987,8542321090,220686,117,HK,홍콩,기타,2021.11,HK
-11190,0,0,8542322000,11190,10,HK,홍콩,하이브리드 집적회로,2021.11,HK
1087484709,1108026375,42977,8542323000,20541666,426,HK,홍콩,복합구조칩 집적회로,2021.11,HK
194245219,195065525,5288,8542324030,820306,19,HK,홍콩,제8517호의 기기에 전용되거나 주로 사용되는 것,2021.11,HK
6750,6750,13,8542324040,0,0,HK,홍콩,제8528.42호ㆍ제8528.52호ㆍ제8528.62호ㆍ제8531.20호의 기기에 전용되거나 주로 사용되는 것,2021.11,HK
39541,39541,7,8542324090,0,0,HK,홍콩,기타,2021.11,HK
68420776,69600525,26311,8542321010,1179749,906,HK,홍콩,디램,2021.12,HK
231551,258538,439,8542321020,26987,53,HK,홍콩,에스램,2021.12,HK
117772491,118747494,14271,8542321030,975003,153,HK,홍콩,플래시 메모리,2021.12,HK
527146,1145737,772,8542321090,618591,185,HK,홍콩,기타,2021.12,HK
1111519315,1159991841,51519,8542323000,48472526,1264,HK,홍콩,복합구조칩 집적회로,2021.12,HK
374299342,374300671,8703,8542324030,1329,2,HK,홍콩,제8517호의 기기에 전용되거나 주로 사용되는 것,2021.12,HK
2700,2700,3,8542324050,0,0,HK,홍콩,제9031호의 기기에 전용되거나 주로 사용되는 것(반도체 제조용으로 한정한다),2021.12,HK
-590,0,0,8542324060,590,0,HK,홍콩,제8425호ㆍ제8426호ㆍ제8428호ㆍ제8429호ㆍ제8430호ㆍ제8443.99호ㆍ8470호ㆍ제8471호ㆍ제8472호ㆍ제9026호ㆍ제9030호ㆍ제9504호의 기계 또는 기기에 전용되거나 주로 사용되는 것,2021.12,HK
121297,121297,5,8542324090,0,0,HK,홍콩,기타,2021.12,HK
490088395,544655021,25917,-,54566626,11788,-,-,-,총계,JP
7885460,8733638,733,8542321010,848178,41,JP,일본,디램,2021.01,JP
-5920,2842,3,8542321020,8762,0,JP,일본,에스램,2021.01,JP
94232,94430,124,8542321030,198,0,JP,일본,플래시 메모리,2021.01,JP
-534172,120,2,8542321090,534292,781,JP,일본,기타,2021.01,JP
-132,0,0,8542322000,132,0,JP,일본,하이브리드 집적회로,2021.01,JP
28161451,29811945,1085,8542323000,1650494,26,JP,일본,복합구조칩 집적회로,2021.01,JP
2912800,2914129,79,8542324030,1329,2,JP,일본,제8517호의 기기에 전용되거나 주로 사용되는 것,2021.01,JP
7495,7495,4,8542324090,0,0,JP,일본,기타,2021.01,JP
9595173,10046499,782,8542321010,451326,54,JP,일본,디램,2021.02,JP
-1652,1406,3,8542321020,3058,1,JP,일본,에스램,2021.02,JP
-1562,52855,92,8542321030,54417,57,JP,일본,플래시 메모리,2021.02,JP
-497687,753,4,8542321090,498440,670,JP,일본,기타,2021.02,JP
-8439,0,0,8542322000,8439,9,JP,일본,하이브리드 집적회로,2021.02,JP
16208610,19015315,741,8542323000,2806705,48,JP,일본,복합구조칩 집적회로,2021.02,JP
3578265,3591321,101,8542324030,13056,6,JP,일본,제8517호의 기기에 전용되거나 주로 사용되는 것,2021.02,JP
5624248,6916257,587,8542321010,1292009,50,JP,일본,디램,2021.03,JP
-16605,7977,23,8542321020,24582,1,JP,일본,에스램,2021.03,JP
34632,44047,71,8542321030,9415,3,JP,일본,플래시 메모리,2021.03,JP
-619007,5009,5,8542321090,624016,759,JP,일본,기타,2021.03,JP
25378917,27134363,1251,8542323000,1755446,28,JP,일본,복합구조칩 집적회로,2021.03,JP
3470052,3475858,129,8542324030,5806,1,JP,일본,제8517호의 기기에 전용되거나 주로 사용되는 것,2021.03,JP
10348851,11049066,844,8542321010,700215,98,JP,일본,디램,2021.04,JP
-4704,3092,5,8542321020,7796,0,JP,일본,에스램,2021.04,JP
-562519,8287,67,8542321030,570806,203,JP,일본,플래시 메모리,2021.04,JP
-1016361,20928,14,8542321090,1037289,421,JP,일본,기타,2021.04,JP
-3983,0,0,8542322000,3983,10,JP,일본,하이브리드 집적회로,2021.04,JP
25422463,28974896,858,8542323000,3552433,59,JP,일본,복합구조칩 집적회로,2021.04,JP
6522595,6522666,153,8542324030,71,1,JP,일본,제8517호의 기기에 전용되거나 주로 사용되는 것,2021.04,JP
-250,0,0,8542324050,250,0,JP,일본,제9031호의 기기에 전용되거나 주로 사용되는 것(반도체 제조용으로 한정한다),2021.04,JP
15490673,16109602,1174,8542321010,618929,233,JP,일본,디램,2021.05,JP
-495,14446,29,8542321020,14941,20,JP,일본,에스램,2021.05,JP
-63051,3899,30,8542321030,66950,44,JP,일본,플래시 메모리,2021.05,JP
-639411,5427,9,8542321090,644838,915,JP,일본,기타,2021.05,JP
34043428,35979012,1467,8542323000,1935584,57,JP,일본,복합구조칩 집적회로,2021.05,JP
3527583,3527639,129,8542324030,56,0,JP,일본,제8517호의 기기에 전용되거나 주로 사용되는 것,2021.05,JP
3187,3926,4,8542324090,739,22,JP,일본,기타,2021.05,JP
5776237,7599676,585,8542321010,1823439,218,JP,일본,디램,2021.06,JP
-71,15446,36,8542321020,15517,7,JP,일본,에스램,2021.06,JP
-78808,12451,50,8542321030,91259,36,JP,일본,플래시 메모리,2021.06,JP
-882823,2690,2,8542321090,885513,1147,JP,일본,기타,2021.06,JP
-275,0,0,8542322000,275,1,JP,일본,하이브리드 집적회로,2021.06,JP
34039664,36689401,1381,8542323000,2649737,193,JP,일본,복합구조칩 집적회로,2021.06,JP
5291311,5291374,248,8542324030,63,0,JP,일본,제8517호의 기기에 전용되거나 주로 사용되는 것,2021.06,JP
7504381,9844270,787,8542321010,2339889,41,JP,일본,디램,2021.07,JP
-14094,4978,17,8542321020,19072,12,JP,일본,에스램,2021.07,JP
-275504,44271,41,8542321030,319775,80,JP,일본,플래시 메모리,2021.07,JP
-708358,518,2,8542321090,708876,969,JP,일본,기타,2021.07,JP
-1,0,0,8542322000,1,1,JP,일본,하이브리드 집적회로,2021.07,JP
30284548,30480877,1100,8542323000,196329,36,JP,일본,복합구조칩 집적회로,2021.07,JP
2937410,2937516,102,8542324030,106,2,JP,일본,제8517호의 기기에 전용되거나 주로 사용되는 것,2021.07,JP
7553,7600,3,8542324090,47,0,JP,일본,기타,2021.07,JP
9648066,11541099,812,8542321010,1893033,35,JP,일본,디램,2021.08,JP
-4645,15270,40,8542321020,19915,7,JP,일본,에스램,2021.08,JP
6771,7093,42,8542321030,322,1,JP,일본,플래시 메모리,2021.08,JP
-468549,0,0,8542321090,468549,795,JP,일본,기타,2021.08,JP
25132,25132,13,8542322000,0,0,JP,일본,하이브리드 집적회로,2021.08,JP
28067767,28375893,1144,8542323000,308126,32,JP,일본,복합구조칩 집적회로,2021.08,JP
2790524,2790646,82,8542324030,122,1,JP,일본,제8517호의 기기에 전용되거나 주로 사용되는 것,2021.08,JP
9279973,10879720,832,8542321010,1599747,48,JP,일본,디램,2021.09,JP
16840,53511,103,8542321020,36671,22,JP,일본,에스램,2021.09,JP
-14457,54923,65,8542321030,69380,25,JP,일본,플래시 메모리,2021.09,JP
-729970,0,0,8542321090,729970,939,JP,일본,기타,2021.09,JP
132,132,1,8542322000,0,0,JP,일본,하이브리드 집적회로,2021.09,JP
23889922,27412851,1132,8542323000,3522929,76,JP,일본,복합구조칩 집적회로,2021.09,JP
2746697,2746895,67,8542324030,198,1,JP,일본,제8517호의 기기에 전용되거나 주로 사용되는 것,2021.09,JP
13296660,15896709,1247,8542321010,2600049,36,JP,일본,디램,2021.10,JP
-10236,6547,32,8542321020,16783,0,JP,일본,에스램,2021.10,JP
-11123,8348,65,8542321030,19471,6,JP,일본,플래시 메모리,2021.10,JP
-844573,39733,13,8542321090,884306,574,JP,일본,기타,2021.10,JP
300257,300390,45,8542322000,133,0,JP,일본,하이브리드 집적회로,2021.10,JP
31694668,33874688,909,8542323000,2180020,51,JP,일본,복합구조칩 집적회로,2021.10,JP
4010103,4010200,126,8542324030,97,1,JP,일본,제8517호의 기기에 전용되거나 주로 사용되는 것,2021.10,JP
7080281,11876120,970,8542321010,4795839,74,JP,일본,디램,2021.11,JP
-4590,10206,36,8542321020,14796,0,JP,일본,에스램,2021.11,JP
43719,46170,34,8542321030,2451,0,JP,일본,플래시 메모리,2021.11,JP
-489444,4440,11,8542321090,493884,829,JP,일본,기타,2021.11,JP
35005839,35707214,880,8542323000,701375,53,JP,일본,복합구조칩 집적회로,2021.11,JP
3224780,3225114,153,8542324030,334,2,JP,일본,제8517호의 기기에 전용되거나 주로 사용되는 것,2021.11,JP
2083,2083,2,8542324090,0,0,JP,일본,기타,2021.11,JP
6626109,10623929,762,8542321010,3997820,61,JP,일본,디램,2021.12,JP
-17112,18503,48,8542321020,35615,0,JP,일본,에스램,2021.12,JP
45730,48350,61,8542321030,2620,5,JP,일본,플래시 메모리,2021.12,JP
-1039105,8387,9,8542321090,1047492,695,JP,일본,기타,2021.12,JP
16381,16381,2,8542322000,0,0,JP,일본,하이브리드 집적회로,2021.12,JP
32239949,32569567,1019,8542323000,329618,51,JP,일본,복합구조칩 집적회로,2021.12,JP
5448481,5448564,209,8542324030,83,1,JP,일본,제8517호의 기기에 전용되거나 주로 사용되는 것,2021.12,JP
-13349225,118536656,18287,-,131885881,5351,-,-,-,총계,SG
1638560,3257728,453,8542321010,1619168,28,SG,싱가포르,디램,2021.01,SG
-10742,2160,8,8542321020,12902,26,SG,싱가포르,에스램,2021.01,SG
233322,245027,166,8542321030,11705,11,SG,싱가포르,플래시 메모리,2021.01,SG
-635726,3567,7,8542321090,639293,100,SG,싱가포르,기타,2021.01,SG
-5529448,782579,104,8542323000,6312027,436,SG,싱가포르,복합구조칩 집적회로,2021.01,SG
2782156,2837313,41,8542324030,55157,1,SG,싱가포르,제8517호의 기기에 전용되거나 주로 사용되는 것,2021.01,SG
18111,23408,9,8542324090,5297,25,SG,싱가포르,기타,2021.01,SG
-927671,3101854,599,8542321010,4029525,42,SG,싱가포르,디램,2021.02,SG
11520,11520,38,8542321020,0,0,SG,싱가포르,에스램,2021.02,SG
150228,151674,105,8542321030,1446,4,SG,싱가포르,플래시 메모리,2021.02,SG
-576252,16074,16,8542321090,592326,515,SG,싱가포르,기타,2021.02,SG
-1074942,718799,46,8542323000,1793741,113,SG,싱가포르,복합구조칩 집적회로,2021.02,SG
1451318,1451538,23,8542324030,220,0,SG,싱가포르,제8517호의 기기에 전용되거나 주로 사용되는 것,2021.02,SG
6909,6909,14,8542324050,0,0,SG,싱가포르,제9031호의 기기에 전용되거나 주로 사용되는 것(반도체 제조용으로 한정한다),2021.02,SG
-16133251,5197482,820,8542321010,21330733,306,SG,싱가포르,디램,2021.03,SG
5040,5040,17,8542321020,0,0,SG,싱가포르,에스램,2021.03,SG
144180,151015,92,8542321030,6835,9,SG,싱가포르,플래시 메모리,2021.03,SG
-1345850,29532,36,8542321090,1375382,247,SG,싱가포르,기타,2021.03,SG
-2730475,363968,39,8542323000,3094443,127,SG,싱가포르,복합구조칩 집적회로,2021.03,SG
1016977,1016977,24,8542324030,0,0,SG,싱가포르,제8517호의 기기에 전용되거나 주로 사용되는 것,2021.03,SG
58019,58019,32,8542324090,0,0,SG,싱가포르,기타,2021.03,SG
-840022,7855464,1127,8542321010,8695486,130,SG,싱가포르,디램,2021.04,SG
5040,5040,17,8542321020,0,0,SG,싱가포르,에스램,2021.04,SG
145865,184368,147,8542321030,38503,15,SG,싱가포르,플래시 메모리,2021.04,SG
-483512,12738,17,8542321090,496250,170,SG,싱가포르,기타,2021.04,SG
-3361087,598943,40,8542323000,3960030,223,SG,싱가포르,복합구조칩 집적회로,2021.04,SG
1499453,1562332,28,8542324030,62879,1,SG,싱가포르,제8517호의 기기에 전용되거나 주로 사용되는 것,2021.04,SG
717,717,3,8542324090,0,0,SG,싱가포르,기타,2021.04,SG
3539087,3978720,761,8542321010,439633,4,SG,싱가포르,디램,2021.05,SG
5760,5760,18,8542321020,0,0,SG,싱가포르,에스램,2021.05,SG
87479,88316,19,8542321030,837,0,SG,싱가포르,플래시 메모리,2021.05,SG
-722806,41613,8,8542321090,764419,165,SG,싱가포르,기타,2021.05,SG
-2149036,889493,51,8542323000,3038529,94,SG,싱가포르,복합구조칩 집적회로,2021.05,SG
1116318,1116318,32,8542324030,0,0,SG,싱가포르,제8517호의 기기에 전용되거나 주로 사용되는 것,2021.05,SG
5773145,7029582,1129,8542321010,1256437,13,SG,싱가포르,디램,2021.06,SG
13788,13788,22,8542321020,0,0,SG,싱가포르,에스램,2021.06,SG
172718,253640,104,8542321030,80922,18,SG,싱가포르,플래시 메모리,2021.06,SG
-369074,4014,3,8542321090,373088,116,SG,싱가포르,기타,2021.06,SG
-271010,1714574,57,8542323000,1985584,114,SG,싱가포르,복합구조칩 집적회로,2021.06,SG
1211577,1212845,23,8542324030,1268,1,SG,싱가포르,제8517호의 기기에 전용되거나 주로 사용되는 것,2021.06,SG
3600,3600,1,8542324050,0,0,SG,싱가포르,제9031호의 기기에 전용되거나 주로 사용되는 것(반도체 제조용으로 한정한다),2021.06,SG
-748635,10281298,1429,8542321010,11029933,145,SG,싱가포르,디램,2021.07,SG
8064,8064,30,8542321020,0,0,SG,싱가포르,에스램,2021.07,SG
189005,228765,190,8542321030,39760,10,SG,싱가포르,플래시 메모리,2021.07,SG
-371180,20700,8,8542321090,391880,40,SG,싱가포르,기타,2021.07,SG
2007,2007,1,8542322000,0,0,SG,싱가포르,하이브리드 집적회로,2021.07,SG
808431,1372799,534,8542323000,564368,53,SG,싱가포르,복합구조칩 집적회로,2021.07,SG
-630207,0,0,8542324030,630207,7,SG,싱가포르,제8517호의 기기에 전용되거나 주로 사용되는 것,2021.07,SG
4466586,12111335,1734,8542321010,7644749,58,SG,싱가포르,디램,2021.08,SG
6480,6480,21,8542321020,0,0,SG,싱가포르,에스램,2021.08,SG
62380,74935,41,8542321030,12555,9,SG,싱가포르,플래시 메모리,2021.08,SG
-638442,3949,5,8542321090,642391,71,SG,싱가포르,기타,2021.08,SG
202051,771147,703,8542323000,569096,18,SG,싱가포르,복합구조칩 집적회로,2021.08,SG
-24904,451,0,8542324030,25355,1,SG,싱가포르,제8517호의 기기에 전용되거나 주로 사용되는 것,2021.08,SG
1800,1800,1,8542324090,0,0,SG,싱가포르,기타,2021.08,SG
15222855,19989029,2958,8542321010,4766174,108,SG,싱가포르,디램,2021.09,SG
5760,5760,19,8542321020,0,0,SG,싱가포르,에스램,2021.09,SG
-12541,23647,34,8542321030,36188,21,SG,싱가포르,플래시 메모리,2021.09,SG
-3821256,0,0,8542321090,3821256,347,SG,싱가포르,기타,2021.09,SG
-1017768,939039,566,8542323000,1956807,233,SG,싱가포르,복합구조칩 집적회로,2021.09,SG
6869,6869,0,8542324030,0,0,SG,싱가포르,제8517호의 기기에 전용되거나 주로 사용되는 것,2021.09,SG
-2807843,8095664,1085,8542321010,10903507,165,SG,싱가포르,디램,2021.10,SG
-17,0,0,8542321020,17,0,SG,싱가포르,에스램,2021.10,SG
-79128,0,0,8542321030,79128,63,SG,싱가포르,플래시 메모리,2021.10,SG
-1187850,0,0,8542321090,1187850,91,SG,싱가포르,기타,2021.10,SG
253081,1625822,71,8542323000,1372741,38,SG,싱가포르,복합구조칩 집적회로,2021.10,SG
-84973,56103,3,8542324030,141076,4,SG,싱가포르,제8517호의 기기에 전용되거나 주로 사용되는 것,2021.10,SG
-20653,0,0,8542324090,20653,12,SG,싱가포르,기타,2021.10,SG
-4901284,5765674,753,8542321010,10666958,141,SG,싱가포르,디램,2021.11,SG
-2320,4838,15,8542321020,7158,1,SG,싱가포르,에스램,2021.11,SG
-6135,27285,70,8542321030,33420,6,SG,싱가포르,플래시 메모리,2021.11,SG
-660117,4251,4,8542321090,664368,120,SG,싱가포르,기타,2021.11,SG
916192,1032339,16,8542323000,116147,4,SG,싱가포르,복합구조칩 집적회로,2021.11,SG
115,115,1,8542324030,0,0,SG,싱가포르,제8517호의 기기에 전용되거나 주로 사용되는 것,2021.11,SG
288,288,1,8542324060,0,0,SG,싱가포르,제8425호ㆍ제8426호ㆍ제8428호ㆍ제8429호ㆍ제8430호ㆍ제8443.99호ㆍ8470호ㆍ제8471호ㆍ제8472호ㆍ제9026호ㆍ제9030호ㆍ제9504호의 기계 또는 기기에 전용되거나 주로 사용되는 것,2021.11,SG
-2366668,7843730,974,8542321010,10210398,132,SG,싱가포르,디램,2021.12,SG
-224,0,0,8542321020,224,0,SG,싱가포르,에스램,2021.12,SG
30825,30895,85,8542321030,70,1,SG,싱가포르,플래시 메모리,2021.12,SG
-2047245,113933,49,8542321090,2161178,393,SG,싱가포르,기타,2021.12,SG
1967393,2083597,594,8542323000,116204,4,SG,싱가포르,복합구조칩 집적회로,2021.12,SG
16536559,112348816,5887,-,95812257,10263,-,-,-,총계,MY
1835981,1843770,170,8542321010,7789,4,MY,말레이시아,디램,2021.01,MY
768,768,2,8542321020,0,0,MY,말레이시아,에스램,2021.01,MY
-343211,182430,19,8542321030,525641,77,MY,말레이시아,플래시 메모리,2021.01,MY
-677005,0,0,8542321090,677005,342,MY,말레이시아,기타,2021.01,MY
-3835120,3150296,61,8542323000,6985416,522,MY,말레이시아,복합구조칩 집적회로,2021.01,MY
223643,223643,7,8542324030,0,0,MY,말레이시아,제8517호의 기기에 전용되거나 주로 사용되는 것,2021.01,MY
1046386,1046386,92,8542321010,0,0,MY,말레이시아,디램,2021.02,MY
-1573,0,0,8542321020,1573,5,MY,말레이시아,에스램,2021.02,MY
-24707,276734,17,8542321030,301441,122,MY,말레이시아,플래시 메모리,2021.02,MY
-3795055,0,0,8542321090,3795055,671,MY,말레이시아,기타,2021.02,MY
-5499970,4056020,99,8542323000,9555990,795,MY,말레이시아,복합구조칩 집적회로,2021.02,MY
373733,373733,13,8542324030,0,0,MY,말레이시아,제8517호의 기기에 전용되거나 주로 사용되는 것,2021.02,MY
-6282,0,0,8542324090,6282,2,MY,말레이시아,기타,2021.02,MY
3163032,3176306,232,8542321010,13274,17,MY,말레이시아,디램,2021.03,MY
-2514,0,0,8542321020,2514,0,MY,말레이시아,에스램,2021.03,MY
-124994,439231,23,8542321030,564225,110,MY,말레이시아,플래시 메모리,2021.03,MY
-4191462,3,1,8542321090,4191465,464,MY,말레이시아,기타,2021.03,MY
-3810312,3018992,164,8542323000,6829304,118,MY,말레이시아,복합구조칩 집적회로,2021.03,MY
590569,590569,21,8542324030,0,0,MY,말레이시아,제8517호의 기기에 전용되거나 주로 사용되는 것,2021.03,MY
1819256,1819256,129,8542321010,0,0,MY,말레이시아,디램,2021.04,MY
-26717,416817,24,8542321030,443534,81,MY,말레이시아,플래시 메모리,2021.04,MY
-1356496,0,0,8542321090,1356496,196,MY,말레이시아,기타,2021.04,MY
-393,0,0,8542322000,393,0,MY,말레이시아,하이브리드 집적회로,2021.04,MY
-2593846,3961484,216,8542323000,6555330,101,MY,말레이시아,복합구조칩 집적회로,2021.04,MY
69229,342478,14,8542324030,273249,6,MY,말레이시아,제8517호의 기기에 전용되거나 주로 사용되는 것,2021.04,MY
-28860,0,0,8542324090,28860,3,MY,말레이시아,기타,2021.04,MY
1401085,1401948,102,8542321010,863,1,MY,말레이시아,디램,2021.05,MY
83,768,2,8542321020,685,0,MY,말레이시아,에스램,2021.05,MY
-171662,440048,23,8542321030,611710,179,MY,말레이시아,플래시 메모리,2021.05,MY
-2708948,0,0,8542321090,2708948,307,MY,말레이시아,기타,2021.05,MY
-1623536,3263380,213,8542323000,4886916,278,MY,말레이시아,복합구조칩 집적회로,2021.05,MY
500989,529847,17,8542324030,28858,1,MY,말레이시아,제8517호의 기기에 전용되거나 주로 사용되는 것,2021.05,MY
-28681,0,0,8542324090,28681,1,MY,말레이시아,기타,2021.05,MY
4484405,4490155,317,8542321010,5750,10,MY,말레이시아,디램,2021.06,MY
-2743,0,0,8542321020,2743,0,MY,말레이시아,에스램,2021.06,MY
-167620,247648,13,8542321030,415268,81,MY,말레이시아,플래시 메모리,2021.06,MY
-4795962,0,0,8542321090,4795962,571,MY,말레이시아,기타,2021.06,MY
3640298,4871943,293,8542323000,1231645,37,MY,말레이시아,복합구조칩 집적회로,2021.06,MY
241482,369009,16,8542324030,127527,18,MY,말레이시아,제8517호의 기기에 전용되거나 주로 사용되는 것,2021.06,MY
-75650,0,0,8542324090,75650,2,MY,말레이시아,기타,2021.06,MY
2608264,2608764,161,8542321010,500,1,MY,말레이시아,디램,2021.07,MY
-2246,768,2,8542321020,3014,1,MY,말레이시아,에스램,2021.07,MY
129315,806186,41,8542321030,676871,130,MY,말레이시아,플래시 메모리,2021.07,MY
-2889095,1488,2,8542321090,2890583,669,MY,말레이시아,기타,2021.07,MY
4243261,5544584,305,8542323000,1301323,54,MY,말레이시아,복합구조칩 집적회로,2021.07,MY
363601,363601,11,8542324030,0,0,MY,말레이시아,제8517호의 기기에 전용되거나 주로 사용되는 것,2021.07,MY
-3,0,0,8542324090,3,0,MY,말레이시아,기타,2021.07,MY
4466061,4472723,210,8542321010,6662,5,MY,말레이시아,디램,2021.08,MY
-5082,0,0,8542321020,5082,1,MY,말레이시아,에스램,2021.08,MY
141538,518883,27,8542321030,377345,75,MY,말레이시아,플래시 메모리,2021.08,MY
-4950652,0,0,8542321090,4950652,725,MY,말레이시아,기타,2021.08,MY
1312222,3727863,149,8542323000,2415641,83,MY,말레이시아,복합구조칩 집적회로,2021.08,MY
276589,276683,11,8542324030,94,0,MY,말레이시아,제8517호의 기기에 전용되거나 주로 사용되는 것,2021.08,MY
5575464,5633800,271,8542321010,58336,25,MY,말레이시아,디램,2021.09,MY
-428,0,0,8542321020,428,0,MY,말레이시아,에스램,2021.09,MY
-113383,335730,21,8542321030,449113,81,MY,말레이시아,플래시 메모리,2021.09,MY
-4174734,0,0,8542321090,4174734,592,MY,말레이시아,기타,2021.09,MY
4482748,6866267,293,8542323000,2383519,163,MY,말레이시아,복합구조칩 집적회로,2021.09,MY
209675,240686,7,8542324030,31011,4,MY,말레이시아,제8517호의 기기에 전용되거나 주로 사용되는 것,2021.09,MY
2771619,2778296,173,8542321010,6677,5,MY,말레이시아,디램,2021.10,MY
-3048,0,0,8542321020,3048,0,MY,말레이시아,에스램,2021.10,MY
61766,512750,48,8542321030,450984,90,MY,말레이시아,플래시 메모리,2021.10,MY
-2087550,0,0,8542321090,2087550,470,MY,말레이시아,기타,2021.10,MY
3536272,4080200,227,8542323000,543928,9,MY,말레이시아,복합구조칩 집적회로,2021.10,MY
248464,248464,7,8542324030,0,0,MY,말레이시아,제8517호의 기기에 전용되거나 주로 사용되는 것,2021.10,MY
12814319,12851829,646,8542321010,37510,10,MY,말레이시아,디램,2021.11,MY
-4360,883,2,8542321020,5243,1,MY,말레이시아,에스램,2021.11,MY
-334011,409417,39,8542321030,743428,151,MY,말레이시아,플래시 메모리,2021.11,MY
-5077074,0,0,8542321090,5077074,707,MY,말레이시아,기타,2021.11,MY
4053862,4289789,214,8542323000,235927,3,MY,말레이시아,복합구조칩 집적회로,2021.11,MY
518665,534020,12,8542324030,15355,1,MY,말레이시아,제8517호의 기기에 전용되거나 주로 사용되는 것,2021.11,MY
-508,0,0,8542324090,508,0,MY,말레이시아,기타,2021.11,MY
9425379,9427488,504,8542321010,2109,1,MY,말레이시아,디램,2021.12,MY
-25737,0,0,8542321020,25737,1,MY,말레이시아,에스램,2021.12,MY
-437152,367116,26,8542321030,804268,142,MY,말레이시아,플래시 메모리,2021.12,MY
-8641662,0,1,8542321090,8641662,783,MY,말레이시아,기타,2021.12,MY
3801314,4064278,153,8542323000,262964,139,MY,말레이시아,복합구조칩 집적회로,2021.12,MY
745266,852598,22,8542324030,107332,11,MY,말레이시아,제8517호의 기기에 전용되거나 주로 사용되는 것,2021.12,MY
3020177290,3045160322,246917,-,24983032,8501,-,-,-,총계,PH
155270227,156473466,6577,8542321010,1203239,302,PH,필리핀,디램,2021.01,PH
-5996,0,0,8542321020,5996,1,PH,필리핀,에스램,2021.01,PH
10130641,10295790,470,8542321030,165149,53,PH,필리핀,플래시 메모리,2021.01,PH
-99432,1,0,8542321090,99433,105,PH,필리핀,기타,2021.01,PH
5874383,5884568,79,8542323000,10185,8,PH,필리핀,복합구조칩 집적회로,2021.01,PH
-172,0,0,8542324090,172,0,PH,필리핀,기타,2021.01,PH
194371179,195027769,26586,8542321010,656590,209,PH,필리핀,디램,2021.02,PH
-1982,0,0,8542321020,1982,1,PH,필리핀,에스램,2021.02,PH
11430644,11533397,448,8542321030,102753,114,PH,필리핀,플래시 메모리,2021.02,PH
-652029,6002,1,8542321090,658031,270,PH,필리핀,기타,2021.02,PH
-96619,174878,2,8542323000,271497,205,PH,필리핀,복합구조칩 집적회로,2021.02,PH
189540706,190418354,26510,8542321010,877648,152,PH,필리핀,디램,2021.03,PH
-5790,0,0,8542321020,5790,1,PH,필리핀,에스램,2021.03,PH
772336,872703,94,8542321030,100367,34,PH,필리핀,플래시 메모리,2021.03,PH
-350064,0,0,8542321090,350064,237,PH,필리핀,기타,2021.03,PH
2556139,2752368,164,8542323000,196229,146,PH,필리핀,복합구조칩 집적회로,2021.03,PH
198464520,199427011,21480,8542321010,962491,153,PH,필리핀,디램,2021.04,PH
-15502,0,0,8542321020,15502,21,PH,필리핀,에스램,2021.04,PH
925254,1076821,108,8542321030,151567,44,PH,필리핀,플래시 메모리,2021.04,PH
-234251,2,0,8542321090,234253,203,PH,필리핀,기타,2021.04,PH
-882,0,0,8542322000,882,1,PH,필리핀,하이브리드 집적회로,2021.04,PH
476296,677746,87,8542323000,201450,159,PH,필리핀,복합구조칩 집적회로,2021.04,PH
228548831,229729618,24693,8542321010,1180787,197,PH,필리핀,디램,2021.05,PH
-6753,0,0,8542321020,6753,4,PH,필리핀,에스램,2021.05,PH
3274656,3547803,241,8542321030,273147,91,PH,필리핀,플래시 메모리,2021.05,PH
94588,499524,152,8542321090,404936,248,PH,필리핀,기타,2021.05,PH
140056,140056,1,8542323000,0,0,PH,필리핀,복합구조칩 집적회로,2021.05,PH
-27,0,0,8542324010,27,0,PH,필리핀,제9301호ㆍ제9306호의 물품에 전용되거나 주로 사용되는 것,2021.05,PH
223764741,225127545,12401,8542321010,1362804,210,PH,필리핀,디램,2021.06,PH
-1097,0,0,8542321020,1097,1,PH,필리핀,에스램,2021.06,PH
2242816,2337536,151,8542321030,94720,21,PH,필리핀,플래시 메모리,2021.06,PH
-407305,0,0,8542321090,407305,333,PH,필리핀,기타,2021.06,PH
-810629,618974,66,8542323000,1429603,537,PH,필리핀,복합구조칩 집적회로,2021.06,PH
295218863,297710707,14535,8542321010,2491844,852,PH,필리핀,디램,2021.07,PH
-6688,0,0,8542321020,6688,2,PH,필리핀,에스램,2021.07,PH
4111914,4210165,257,8542321030,98251,36,PH,필리핀,플래시 메모리,2021.07,PH
-51314,317473,76,8542321090,368787,179,PH,필리핀,기타,2021.07,PH
19595,270011,2,8542323000,250416,208,PH,필리핀,복합구조칩 집적회로,2021.07,PH
339221822,340827321,23220,8542321010,1605499,214,PH,필리핀,디램,2021.08,PH
-60862,0,0,8542321020,60862,42,PH,필리핀,에스램,2021.08,PH
6263934,6372171,292,8542321030,108237,31,PH,필리핀,플래시 메모리,2021.08,PH
-369080,33204,107,8542321090,402284,206,PH,필리핀,기타,2021.08,PH
-113513,201073,2,8542323000,314586,263,PH,필리핀,복합구조칩 집적회로,2021.08,PH
310919157,312402139,19351,8542321010,1482982,150,PH,필리핀,디램,2021.09,PH
12675944,12770967,488,8542321030,95023,24,PH,필리핀,플래시 메모리,2021.09,PH
-403689,3307,10,8542321090,406996,208,PH,필리핀,기타,2021.09,PH
-136377,142517,1,8542323000,278894,188,PH,필리핀,복합구조칩 집적회로,2021.09,PH
291353479,293162472,33140,8542321010,1808993,230,PH,필리핀,디램,2021.10,PH
-2954,0,0,8542321020,2954,2,PH,필리핀,에스램,2021.10,PH
9102796,9205832,370,8542321030,103036,28,PH,필리핀,플래시 메모리,2021.10,PH
-416535,1650,13,8542321090,418185,188,PH,필리핀,기타,2021.10,PH
9733374,9936211,333,8542323000,202837,169,PH,필리핀,복합구조칩 집적회로,2021.10,PH
-662,0,0,8542324030,662,1,PH,필리핀,제8517호의 기기에 전용되거나 주로 사용되는 것,2021.10,PH
255555693,256104857,14958,8542321010,549164,68,PH,필리핀,디램,2021.11,PH
-2955,0,0,8542321020,2955,1,PH,필리핀,에스램,2021.11,PH
998589,1084142,271,8542321030,85553,18,PH,필리핀,플래시 메모리,2021.11,PH
-465085,8520,32,8542321090,473605,168,PH,필리핀,기타,2021.11,PH
-248,0,0,8542322000,248,0,PH,필리핀,하이브리드 집적회로,2021.11,PH
2648609,2939049,278,8542323000,290440,242,PH,필리핀,복합구조칩 집적회로,2021.11,PH
244133428,244711189,18059,8542321010,577761,77,PH,필리핀,디램,2021.12,PH
-343,0,0,8542321020,343,1,PH,필리핀,에스램,2021.12,PH
13885759,14126978,683,8542321030,241219,47,PH,필리핀,플래시 메모리,2021.12,PH
-440686,110,0,8542321090,440796,334,PH,필리핀,기타,2021.12,PH
1651777,1996325,130,8542323000,344548,252,PH,필리핀,복합구조칩 집적회로,2021.12,PH
-35014,0,0,8542324030,35014,10,PH,필리핀,제8517호의 기기에 전용되거나 주로 사용되는 것,2021.12,PH
-921,0,0,8542324090,921,0,PH,필리핀,기타,2021.12,PH
13198478924,31727273151,1422269,-,18528794227,912239,-,-,-,총계,CN
935021101,1452773494,53763,8542321010,517752393,39557,CN,중국,디램,2022.01,CN
-108766,1388,4,8542321020,110154,75,CN,중국,에스램,2022.01,CN
199549804,381069495,30425,8542321030,181519691,12830,CN,중국,플래시 메모리,2022.01,CN
-10436651,974308,443,8542321090,11410959,5364,CN,중국,기타,2022.01,CN
6581,11329,30,8542322000,4748,11,CN,중국,하이브리드 집적회로,2022.01,CN
292679383,1020843612,26137,8542323000,728164229,13592,CN,중국,복합구조칩 집적회로,2022.01,CN
21851673,32539092,1015,8542324000,10687419,488,CN,중국,복합부품 집적회로(MCOs),2022.01,CN
-612,0,0,8542324030,612,0,CN,중국,제8517호의 기기에 전용되거나 주로 사용되는 것,2022.01,CN
881232877,1401612315,48439,8542321010,520379438,32143,CN,중국,디램,2022.02,CN
-145769,16395,7,8542321020,162164,111,CN,중국,에스램,2022.02,CN
291669330,519787467,29680,8542321030,228118137,19979,CN,중국,플래시 메모리,2022.02,CN
-5012119,1848016,551,8542321090,6860135,3334,CN,중국,기타,2022.02,CN
21809,22462,54,8542322000,653,3,CN,중국,하이브리드 집적회로,2022.02,CN
-82507299,731723474,24834,8542323000,814230773,14253,CN,중국,복합구조칩 집적회로,2022.02,CN
35466369,49836283,1189,8542324000,14369914,487,CN,중국,복합부품 집적회로(MCOs),2022.02,CN
1206666283,1736963237,80685,8542321010,530296954,42715,CN,중국,디램,2022.03,CN
-50373,15595,5,8542321020,65968,44,CN,중국,에스램,2022.03,CN
396340996,604264195,31699,8542321030,207923199,17546,CN,중국,플래시 메모리,2022.03,CN
-6606426,1944036,1034,8542321090,8550462,2857,CN,중국,기타,2022.03,CN
-3727,15896,45,8542322000,19623,30,CN,중국,하이브리드 집적회로,2022.03,CN
146722657,936732509,32922,8542323000,790009852,14249,CN,중국,복합구조칩 집적회로,2022.03,CN
74076938,109153180,2250,8542324000,35076242,470,CN,중국,복합부품 집적회로(MCOs),2022.03,CN
922739610,1425897880,44026,8542321010,503158270,34868,CN,중국,디램,2022.04,CN
-9927,0,0,8542321020,9927,12,CN,중국,에스램,2022.04,CN
503485516,625907403,32522,8542321030,122421887,11975,CN,중국,플래시 메모리,2022.04,CN
-8980880,1697701,662,8542321090,10678581,3170,CN,중국,기타,2022.04,CN
6784,15896,45,8542322000,9112,5,CN,중국,하이브리드 집적회로,2022.04,CN
-316536272,586064001,22632,8542323000,902600273,15299,CN,중국,복합구조칩 집적회로,2022.04,CN
51915682,87800138,2609,8542324000,35884456,429,CN,중국,복합부품 집적회로(MCOs),2022.04,CN
1070952600,1633735334,45341,8542321010,562782734,44534,CN,중국,디램,2022.05,CN
-77869,15108,49,8542321020,92977,62,CN,중국,에스램,2022.05,CN
378935782,629972771,34382,8542321030,251036989,22564,CN,중국,플래시 메모리,2022.05,CN
-10395661,705367,604,8542321090,11101028,2717,CN,중국,기타,2022.05,CN
8965,15896,45,8542322000,6931,11,CN,중국,하이브리드 집적회로,2022.05,CN
-161585653,711197423,28483,8542323000,872783076,14544,CN,중국,복합구조칩 집적회로,2022.05,CN
-24692820,36096143,1445,8542324000,60788963,746,CN,중국,복합부품 집적회로(MCOs),2022.05,CN
938432523,1525321856,47992,8542321010,586889333,38781,CN,중국,디램,2022.06,CN
-35319,0,0,8542321020,35319,21,CN,중국,에스램,2022.06,CN
438934443,672615078,30504,8542321030,233680635,19520,CN,중국,플래시 메모리,2022.06,CN
-19012620,4914074,1339,8542321090,23926694,3392,CN,중국,기타,2022.06,CN
-14692,15461,45,8542322000,30153,13,CN,중국,하이브리드 집적회로,2022.06,CN
-110556376,722034597,37929,8542323000,832590973,13802,CN,중국,복합구조칩 집적회로,2022.06,CN
124658401,204051855,7818,8542324000,79393454,750,CN,중국,복합부품 집적회로(MCOs),2022.06,CN
1056823823,1647816145,78466,8542321010,590992322,40790,CN,중국,디램,2022.07,CN
-105920,200,1,8542321020,106120,72,CN,중국,에스램,2022.07,CN
494640348,679659189,30266,8542321030,185018841,14349,CN,중국,플래시 메모리,2022.07,CN
-13319205,6225271,1376,8542321090,19544476,3005,CN,중국,기타,2022.07,CN
565967,602501,380,8542322000,36534,53,CN,중국,하이브리드 집적회로,2022.07,CN
165714731,830534751,34375,8542323000,664820020,13120,CN,중국,복합구조칩 집적회로,2022.07,CN
141277727,143378761,3818,8542324000,2101034,56,CN,중국,복합부품 집적회로(MCOs),2022.07,CN
567147348,1240944785,48112,8542321010,673797437,48012,CN,중국,디램,2022.08,CN
-55532,33600,1,8542321020,89132,57,CN,중국,에스램,2022.08,CN
393108186,546822891,26825,8542321030,153714705,12569,CN,중국,플래시 메모리,2022.08,CN
-18819205,1002291,541,8542321090,19821496,2086,CN,중국,기타,2022.08,CN
412923,414967,290,8542322000,2044,1,CN,중국,하이브리드 집적회로,2022.08,CN
-176523468,690360159,26505,8542323000,866883627,17535,CN,중국,복합구조칩 집적회로,2022.08,CN
15651576,33899249,961,8542324000,18247673,302,CN,중국,복합부품 집적회로(MCOs),2022.08,CN
593091093,1208711957,65351,8542321010,615620864,48778,CN,중국,디램,2022.09,CN
-76609,7360,6,8542321020,83969,10,CN,중국,에스램,2022.09,CN
367748528,523899558,25347,8542321030,156151030,12231,CN,중국,플래시 메모리,2022.09,CN
-16761580,874375,371,8542321090,17635955,1909,CN,중국,기타,2022.09,CN
-19146,0,0,8542322000,19146,23,CN,중국,하이브리드 집적회로,2022.09,CN
195067587,856595906,41320,8542323000,661528319,13233,CN,중국,복합구조칩 집적회로,2022.09,CN
26186660,34455223,729,8542324000,8268563,154,CN,중국,복합부품 집적회로(MCOs),2022.09,CN
192418654,872583022,64857,8542321010,680164368,50602,CN,중국,디램,2022.10,CN
-1682,0,0,8542321020,1682,1,CN,중국,에스램,2022.10,CN
143480263,394495197,22364,8542321030,251014934,21390,CN,중국,플래시 메모리,2022.10,CN
-14142179,924473,497,8542321090,15066652,2721,CN,중국,기타,2022.10,CN
-153740459,524551807,20735,8542323000,678292266,13373,CN,중국,복합구조칩 집적회로,2022.10,CN
-6500189,16173084,489,8542324000,22673273,440,CN,중국,복합부품 집적회로(MCOs),2022.10,CN
209992131,852574827,50418,8542321010,642582696,52512,CN,중국,디램,2022.11,CN
1335,2052,4,8542321020,717,2,CN,중국,에스램,2022.11,CN
237062070,433943272,25446,8542321030,196881202,15251,CN,중국,플래시 메모리,2022.11,CN
-3864014,1052295,529,8542321090,4916309,785,CN,중국,기타,2022.11,CN
17509,19783,50,8542322000,2274,4,CN,중국,하이브리드 집적회로,2022.11,CN
-71358212,406132728,22378,8542323000,477490940,11584,CN,중국,복합구조칩 집적회로,2022.11,CN
30694144,44309782,1409,8542324000,13615638,279,CN,중국,복합부품 집적회로(MCOs),2022.11,CN
297002712,861414756,64048,8542321010,564412044,42165,CN,중국,디램,2022.12,CN
-22882,0,0,8542321020,22882,15,CN,중국,에스램,2022.12,CN
137211967,293445645,23934,8542321030,156233678,10978,CN,중국,플래시 메모리,2022.12,CN
-5397992,1222800,462,8542321090,6620792,1532,CN,중국,기타,2022.12,CN
-34510,0,0,8542322000,34510,76,CN,중국,하이브리드 집적회로,2022.12,CN
220113326,651737728,33272,8542323000,431624402,11359,CN,중국,복합구조칩 집적회로,2022.12,CN
39184824,76229001,2653,8542324000,37044177,1475,CN,중국,복합부품 집적회로(MCOs),2022.12,CN
3307660142,4052580018,244985,-,744919876,118689,-,-,-,총계,TW
69481569,80492045,8354,8542321010,11010476,4958,TW,대만,디램,2022.01,TW
-82458,35547,67,8542321020,118005,33,TW,대만,에스램,2022.01,TW
13703395,23375129,2557,8542321030,9671734,6567,TW,대만,플래시 메모리,2022.01,TW
-9644937,15340,5,8542321090,9660277,1800,TW,대만,기타,2022.01,TW
146853911,177466250,4029,8542323000,30612339,819,TW,대만,복합구조칩 집적회로,2022.01,TW
710107,856659,28,8542324000,146552,14,TW,대만,복합부품 집적회로(MCOs),2022.01,TW
88182922,95874035,9608,8542321010,7691113,3069,TW,대만,디램,2022.02,TW
-150670,15513,42,8542321020,166183,57,TW,대만,에스램,2022.02,TW
3872489,13375675,1730,8542321030,9503186,5432,TW,대만,플래시 메모리,2022.02,TW
-3690910,15540,5,8542321090,3706450,1082,TW,대만,기타,2022.02,TW
-8574,0,0,8542322000,8574,3,TW,대만,하이브리드 집적회로,2022.02,TW
134604168,188018227,4229,8542323000,53414059,1360,TW,대만,복합구조칩 집적회로,2022.02,TW
2032924,2041236,131,8542324000,8312,1,TW,대만,복합부품 집적회로(MCOs),2022.02,TW
95087772,103215379,9928,8542321010,8127607,3880,TW,대만,디램,2022.03,TW
-146513,36262,73,8542321020,182775,47,TW,대만,에스램,2022.03,TW
-878936,7822937,1202,8542321030,8701873,6155,TW,대만,플래시 메모리,2022.03,TW
-5649626,62813,15,8542321090,5712439,1293,TW,대만,기타,2022.03,TW
236538025,271728130,11841,8542323000,35190105,1304,TW,대만,복합구조칩 집적회로,2022.03,TW
18251748,18295583,299,8542324000,43835,8,TW,대만,복합부품 집적회로(MCOs),2022.03,TW
94498988,106381379,10142,8542321010,11882391,3189,TW,대만,디램,2022.04,TW
-61530,44688,91,8542321020,106218,45,TW,대만,에스램,2022.04,TW
-3797232,3714861,707,8542321030,7512093,4585,TW,대만,플래시 메모리,2022.04,TW
-11789543,230,3,8542321090,11789773,2251,TW,대만,기타,2022.04,TW
136103551,178943878,5829,8542323000,42840327,1250,TW,대만,복합구조칩 집적회로,2022.04,TW
8625608,8800624,336,8542324000,175016,6,TW,대만,복합부품 집적회로(MCOs),2022.04,TW
115413872,123225728,8855,8542321010,7811856,2022,TW,대만,디램,2022.05,TW
-69261,63025,111,8542321020,132286,45,TW,대만,에스램,2022.05,TW
-1848611,6693536,703,8542321030,8542147,5838,TW,대만,플래시 메모리,2022.05,TW
-3928276,2053,4,8542321090,3930329,1389,TW,대만,기타,2022.05,TW
232021722,298221769,12978,8542323000,66200047,2493,TW,대만,복합구조칩 집적회로,2022.05,TW
3126214,3220654,113,8542324000,94440,8,TW,대만,복합부품 집적회로(MCOs),2022.05,TW
106988669,113071028,8963,8542321010,6082359,2990,TW,대만,디램,2022.06,TW
-84576,22772,43,8542321020,107348,31,TW,대만,에스램,2022.06,TW
-299303,8923317,753,8542321030,9222620,6028,TW,대만,플래시 메모리,2022.06,TW
-9059316,36676,15,8542321090,9095992,1450,TW,대만,기타,2022.06,TW
-51733,0,0,8542322000,51733,2,TW,대만,하이브리드 집적회로,2022.06,TW
239705672,281590581,10798,8542323000,41884909,737,TW,대만,복합구조칩 집적회로,2022.06,TW
28818642,36639836,591,8542324000,7821194,61,TW,대만,복합부품 집적회로(MCOs),2022.06,TW
46620878,50767151,7070,8542321010,4146273,2238,TW,대만,디램,2022.07,TW
-11017,40127,51,8542321020,51144,12,TW,대만,에스램,2022.07,TW
1919602,7401897,936,8542321030,5482295,3348,TW,대만,플래시 메모리,2022.07,TW
-12373018,19987,10,8542321090,12393005,1530,TW,대만,기타,2022.07,TW
-5895,0,0,8542322000,5895,2,TW,대만,하이브리드 집적회로,2022.07,TW
211907484,260950672,4711,8542323000,49043188,1651,TW,대만,복합구조칩 집적회로,2022.07,TW
16749,16792,9,8542324000,43,1,TW,대만,복합부품 집적회로(MCOs),2022.07,TW
99160130,104427634,10794,8542321010,5267504,3428,TW,대만,디램,2022.08,TW
-77403,6048,12,8542321020,83451,31,TW,대만,에스램,2022.08,TW
10319183,14130300,2878,8542321030,3811117,2565,TW,대만,플래시 메모리,2022.08,TW
-3605458,521,3,8542321090,3605979,1266,TW,대만,기타,2022.08,TW
372562475,420041582,7514,8542323000,47479107,1633,TW,대만,복합구조칩 집적회로,2022.08,TW
21470638,21547138,457,8542324000,76500,9,TW,대만,복합부품 집적회로(MCOs),2022.08,TW
126018879,130136716,14332,8542321010,4117837,3385,TW,대만,디램,2022.09,TW
-22447,88533,270,8542321020,110980,34,TW,대만,에스램,2022.09,TW
-1352484,4308219,993,8542321030,5660703,2787,TW,대만,플래시 메모리,2022.09,TW
-8738620,7758,8,8542321090,8746378,1262,TW,대만,기타,2022.09,TW
-164,0,0,8542322000,164,0,TW,대만,하이브리드 집적회로,2022.09,TW
211910374,253689701,5543,8542323000,41779327,614,TW,대만,복합구조칩 집적회로,2022.09,TW
12071,17452,7,8542324000,5381,1,TW,대만,복합부품 집적회로(MCOs),2022.09,TW
82721372,86645950,10197,8542321010,3924578,2047,TW,대만,디램,2022.10,TW
33690,100049,275,8542321020,66359,12,TW,대만,에스램,2022.10,TW
-1595125,4112255,619,8542321030,5707380,2389,TW,대만,플래시 메모리,2022.10,TW
-8009840,7526,3,8542321090,8017366,1215,TW,대만,기타,2022.10,TW
72528981,91096446,2806,8542323000,18567465,456,TW,대만,복합구조칩 집적회로,2022.10,TW
50379,51844,6,8542324000,1465,1,TW,대만,복합부품 집적회로(MCOs),2022.10,TW
67052413,72840242,11598,8542321010,5787829,2443,TW,대만,디램,2022.11,TW
-64380,89610,260,8542321020,153990,98,TW,대만,에스램,2022.11,TW
-414271,4834313,1139,8542321030,5248584,3125,TW,대만,플래시 메모리,2022.11,TW
-2852018,58054,5,8542321090,2910072,663,TW,대만,기타,2022.11,TW
174453486,188701047,6554,8542323000,14247561,691,TW,대만,복합구조칩 집적회로,2022.11,TW
-2206079,525516,13,8542324000,2731595,41,TW,대만,복합부품 집적회로(MCOs),2022.11,TW
84722557,91083964,32290,8542321010,6361407,2787,TW,대만,디램,2022.12,TW
-119489,30294,36,8542321020,149783,40,TW,대만,에스램,2022.12,TW
5577621,10021361,2129,8542321030,4443740,2766,TW,대만,플래시 메모리,2022.12,TW
-1313392,223,1,8542321090,1313615,699,TW,대만,기타,2022.12,TW
-269,0,0,8542322000,269,0,TW,대만,하이브리드 집적회로,2022.12,TW
37764855,82095385,6218,8542323000,44330530,1113,TW,대만,복합구조칩 집적회로,2022.12,TW
217731,348776,61,8542324000,131045,4,TW,대만,복합부품 집적회로(MCOs),2022.12,TW
6903219149,6952269712,440335,-,49050563,2625,-,-,-,총계,VN
344412931,344725085,29338,8542321010,312154,10,VN,베트남,디램,2022.01,VN
4757,4757,0,8542321020,0,0,VN,베트남,에스램,2022.01,VN
7283133,7324689,2778,8542321030,41556,45,VN,베트남,플래시 메모리,2022.01,VN
3550922,3552598,2290,8542321090,1676,1,VN,베트남,기타,2022.01,VN
1719,1719,5,8542322000,0,0,VN,베트남,하이브리드 집적회로,2022.01,VN
304250410,305570828,4151,8542323000,1320418,22,VN,베트남,복합구조칩 집적회로,2022.01,VN
51912506,51912506,730,8542324000,0,0,VN,베트남,복합부품 집적회로(MCOs),2022.01,VN
239284377,239403622,21974,8542321010,119245,5,VN,베트남,디램,2022.02,VN
7810899,7811528,2681,8542321030,629,1,VN,베트남,플래시 메모리,2022.02,VN
3509582,4030668,2372,8542321090,521086,126,VN,베트남,기타,2022.02,VN
13208,13208,9,8542322000,0,0,VN,베트남,하이브리드 집적회로,2022.02,VN
309752296,309752902,3950,8542323000,606,4,VN,베트남,복합구조칩 집적회로,2022.02,VN
87980483,87980483,1067,8542324000,0,0,VN,베트남,복합부품 집적회로(MCOs),2022.02,VN
266288175,266288383,26498,8542321010,208,4,VN,베트남,디램,2022.03,VN
4753,4753,0,8542321020,0,0,VN,베트남,에스램,2022.03,VN
8949833,8952879,3535,8542321030,3046,3,VN,베트남,플래시 메모리,2022.03,VN
5069667,5070949,1929,8542321090,1282,2,VN,베트남,기타,2022.03,VN
20282,20282,27,8542322000,0,0,VN,베트남,하이브리드 집적회로,2022.03,VN
505135402,508184547,6081,8542323000,3049145,104,VN,베트남,복합구조칩 집적회로,2022.03,VN
101357781,101398823,1403,8542324000,41042,2,VN,베트남,복합부품 집적회로(MCOs),2022.03,VN
232809701,233995671,21286,8542321010,1185970,43,VN,베트남,디램,2022.04,VN
4756,4756,0,8542321020,0,0,VN,베트남,에스램,2022.04,VN
15306573,15360338,3390,8542321030,53765,53,VN,베트남,플래시 메모리,2022.04,VN
5300930,5416024,1952,8542321090,115094,24,VN,베트남,기타,2022.04,VN
3965,3965,4,8542322000,0,0,VN,베트남,하이브리드 집적회로,2022.04,VN
258014585,259069835,3919,8542323000,1055250,136,VN,베트남,복합구조칩 집적회로,2022.04,VN
71942414,81158008,1046,8542324000,9215594,230,VN,베트남,복합부품 집적회로(MCOs),2022.04,VN
328476930,328481897,25124,8542321010,4967,2,VN,베트남,디램,2022.05,VN
17506,17506,20,8542321020,0,0,VN,베트남,에스램,2022.05,VN
10367913,10369454,3130,8542321030,1541,3,VN,베트남,플래시 메모리,2022.05,VN
3440868,3517355,1880,8542321090,76487,8,VN,베트남,기타,2022.05,VN
252974184,253118727,4481,8542323000,144543,24,VN,베트남,복합구조칩 집적회로,2022.05,VN
37155159,37155159,657,8542324000,0,0,VN,베트남,복합부품 집적회로(MCOs),2022.05,VN
341149578,346751209,24382,8542321010,5601631,2,VN,베트남,디램,2022.06,VN
1652,1652,0,8542321020,0,0,VN,베트남,에스램,2022.06,VN
7373973,7376643,2115,8542321030,2670,3,VN,베트남,플래시 메모리,2022.06,VN
5517545,5792876,1545,8542321090,275331,54,VN,베트남,기타,2022.06,VN
58707,58707,2,8542322000,0,0,VN,베트남,하이브리드 집적회로,2022.06,VN
221290567,221373485,2816,8542323000,82918,3,VN,베트남,복합구조칩 집적회로,2022.06,VN
37002097,37163620,898,8542324000,161523,21,VN,베트남,복합부품 집적회로(MCOs),2022.06,VN
323210469,323236759,32446,8542321010,26290,2,VN,베트남,디램,2022.07,VN
5586,5586,0,8542321020,0,0,VN,베트남,에스램,2022.07,VN
7009315,7009341,2274,8542321030,26,0,VN,베트남,플래시 메모리,2022.07,VN
5992683,5998777,2062,8542321090,6094,38,VN,베트남,기타,2022.07,VN
23448,23448,1,8542322000,0,0,VN,베트남,하이브리드 집적회로,2022.07,VN
113643177,115268020,2659,8542323000,1624843,54,VN,베트남,복합구조칩 집적회로,2022.07,VN
50943948,50943948,1594,8542324000,0,0,VN,베트남,복합부품 집적회로(MCOs),2022.07,VN
338540674,338540894,32000,8542321010,220,27,VN,베트남,디램,2022.08,VN
4760,4760,0,8542321020,0,0,VN,베트남,에스램,2022.08,VN
6148704,6159206,1972,8542321030,10502,30,VN,베트남,플래시 메모리,2022.08,VN
8375016,8477018,3077,8542321090,102002,58,VN,베트남,기타,2022.08,VN
994,994,1,8542322000,0,0,VN,베트남,하이브리드 집적회로,2022.08,VN
136029480,136029990,3036,8542323000,510,1,VN,베트남,복합구조칩 집적회로,2022.08,VN
34960187,34960187,829,8542324000,0,0,VN,베트남,복합부품 집적회로(MCOs),2022.08,VN
219067028,219863922,20603,8542321010,796894,247,VN,베트남,디램,2022.09,VN
3969,3969,1,8542321020,0,0,VN,베트남,에스램,2022.09,VN
8266639,8276395,2489,8542321030,9756,2,VN,베트남,플래시 메모리,2022.09,VN
10337391,10395169,3589,8542321090,57778,49,VN,베트남,기타,2022.09,VN
183986163,185202452,7312,8542323000,1216289,67,VN,베트남,복합구조칩 집적회로,2022.09,VN
32545497,40550523,1180,8542324000,8005026,233,VN,베트남,복합부품 집적회로(MCOs),2022.09,VN
358950304,359141346,31131,8542321010,191042,28,VN,베트남,디램,2022.10,VN
6993,6993,3,8542321020,0,0,VN,베트남,에스램,2022.10,VN
6052402,6060147,1908,8542321030,7745,0,VN,베트남,플래시 메모리,2022.10,VN
8168869,8238609,2153,8542321090,69740,32,VN,베트남,기타,2022.10,VN
90,90,1,8542322000,0,0,VN,베트남,하이브리드 집적회로,2022.10,VN
171816660,172309907,3106,8542323000,493247,37,VN,베트남,복합구조칩 집적회로,2022.10,VN
39544121,39594821,991,8542324000,50700,4,VN,베트남,복합부품 집적회로(MCOs),2022.10,VN
282652849,283403667,29200,8542321010,750818,2,VN,베트남,디램,2022.11,VN
8916,8916,1,8542321020,0,0,VN,베트남,에스램,2022.11,VN
8628442,8663124,2544,8542321030,34682,32,VN,베트남,플래시 메모리,2022.11,VN
11368000,11390060,2432,8542321090,22060,43,VN,베트남,기타,2022.11,VN
5479,5479,5,8542322000,0,0,VN,베트남,하이브리드 집적회로,2022.11,VN
98040391,101398248,2768,8542323000,3357857,224,VN,베트남,복합구조칩 집적회로,2022.11,VN
18507780,18507780,866,8542324000,0,0,VN,베트남,복합부품 집적회로(MCOs),2022.11,VN
267844251,268009665,30256,8542321010,165414,75,VN,베트남,디램,2022.12,VN
18864,18864,1,8542321020,0,0,VN,베트남,에스램,2022.12,VN
6732013,6767355,1815,8542321030,35342,39,VN,베트남,플래시 메모리,2022.12,VN
5143971,5211806,1538,8542321090,67835,48,VN,베트남,기타,2022.12,VN
50023,50023,39,8542322000,0,0,VN,베트남,하이브리드 집적회로,2022.12,VN
58411592,66836222,2619,8542323000,8424630,316,VN,베트남,복합구조칩 집적회로,2022.12,VN
7369292,7503136,366,8542324000,133844,3,VN,베트남,복합부품 집적회로(MCOs),2022.12,VN
518346408,568825705,21688,-,50479297,4649,-,-,-,총계,US
12071656,12703704,746,8542321010,632048,208,US,미국,디램,2022.01,US
503,680,1,8542321020,177,1,US,미국,에스램,2022.01,US
-1008568,32313,17,8542321030,1040881,50,US,미국,플래시 메모리,2022.01,US
-563190,143267,28,8542321090,706457,118,US,미국,기타,2022.01,US
43254318,43502379,787,8542323000,248061,20,US,미국,복합구조칩 집적회로,2022.01,US
3828596,3828596,103,8542324000,0,0,US,미국,복합부품 집적회로(MCOs),2022.01,US
11890645,13649936,874,8542321010,1759291,96,US,미국,디램,2022.02,US
-855,0,0,8542321020,855,1,US,미국,에스램,2022.02,US
-887100,32296,31,8542321030,919396,75,US,미국,플래시 메모리,2022.02,US
-158351,384,1,8542321090,158735,62,US,미국,기타,2022.02,US
30922144,31211504,873,8542323000,289360,15,US,미국,복합구조칩 집적회로,2022.02,US
2629786,2660922,78,8542324000,31136,7,US,미국,복합부품 집적회로(MCOs),2022.02,US
13744129,14345125,913,8542321010,600996,75,US,미국,디램,2022.03,US
-2280,0,0,8542321020,2280,3,US,미국,에스램,2022.03,US
-580066,19681,22,8542321030,599747,76,US,미국,플래시 메모리,2022.03,US
-3982924,69494,6,8542321090,4052418,557,US,미국,기타,2022.03,US
-119500,0,0,8542322000,119500,8,US,미국,하이브리드 집적회로,2022.03,US
43892234,45220725,816,8542323000,1328491,35,US,미국,복합구조칩 집적회로,2022.03,US
2131335,2207976,71,8542324000,76641,12,US,미국,복합부품 집적회로(MCOs),2022.03,US
12876886,13569730,904,8542321010,692844,126,US,미국,디램,2022.04,US
-107,500,1,8542321020,607,0,US,미국,에스램,2022.04,US
-1755204,151101,187,8542321030,1906305,199,US,미국,플래시 메모리,2022.04,US
-2338139,71101,16,8542321090,2409240,177,US,미국,기타,2022.04,US
31853039,31942266,1049,8542323000,89227,14,US,미국,복합구조칩 집적회로,2022.04,US
3251702,3252572,82,8542324000,870,3,US,미국,복합부품 집적회로(MCOs),2022.04,US
8473168,8914538,721,8542321010,441370,30,US,미국,디램,2022.05,US
-46370,27525,15,8542321030,73895,50,US,미국,플래시 메모리,2022.05,US
-123449,25734,17,8542321090,149183,10,US,미국,기타,2022.05,US
25850611,25884282,569,8542323000,33671,16,US,미국,복합구조칩 집적회로,2022.05,US
-14084070,2763986,90,8542324000,16848056,500,US,미국,복합부품 집적회로(MCOs),2022.05,US
11036752,11584996,869,8542321010,548244,23,US,미국,디램,2022.06,US
-848,167,0,8542321020,1015,3,US,미국,에스램,2022.06,US
-9907,56176,95,8542321030,66083,59,US,미국,플래시 메모리,2022.06,US
-3035694,3366,23,8542321090,3039060,296,US,미국,기타,2022.06,US
-38384,0,0,8542322000,38384,6,US,미국,하이브리드 집적회로,2022.06,US
22754514,22791456,342,8542323000,36942,22,US,미국,복합구조칩 집적회로,2022.06,US
2906150,2929932,83,8542324000,23782,7,US,미국,복합부품 집적회로(MCOs),2022.06,US
12462828,13268292,1487,8542321010,805464,86,US,미국,디램,2022.07,US
-559,0,0,8542321020,559,1,US,미국,에스램,2022.07,US
-1712310,26604,39,8542321030,1738914,99,US,미국,플래시 메모리,2022.07,US
-419763,51439,10,8542321090,471202,89,US,미국,기타,2022.07,US
-866652,0,0,8542322000,866652,150,US,미국,하이브리드 집적회로,2022.07,US
24492979,24493573,472,8542323000,594,3,US,미국,복합구조칩 집적회로,2022.07,US
3604623,3613289,125,8542324000,8666,2,US,미국,복합부품 집적회로(MCOs),2022.07,US
17324425,17678593,2076,8542321010,354168,81,US,미국,디램,2022.08,US
1420,1420,2,8542321020,0,0,US,미국,에스램,2022.08,US
-3418,41546,85,8542321030,44964,58,US,미국,플래시 메모리,2022.08,US
-122453,13488,4,8542321090,135941,41,US,미국,기타,2022.08,US
-4905,0,0,8542322000,4905,2,US,미국,하이브리드 집적회로,2022.08,US
24573137,24589986,729,8542323000,16849,13,US,미국,복합구조칩 집적회로,2022.08,US
5001777,5004271,156,8542324000,2494,3,US,미국,복합부품 집적회로(MCOs),2022.08,US
9437689,9835122,1301,8542321010,397433,39,US,미국,디램,2022.09,US
-19113,1056,3,8542321020,20169,2,US,미국,에스램,2022.09,US
34429,79289,24,8542321030,44860,60,US,미국,플래시 메모리,2022.09,US
-3482461,168435,24,8542321090,3650896,358,US,미국,기타,2022.09,US
662,662,3,8542322000,0,0,US,미국,하이브리드 집적회로,2022.09,US
61440836,61442730,839,8542323000,1894,6,US,미국,복합구조칩 집적회로,2022.09,US
5339509,5339897,174,8542324000,388,2,US,미국,복합부품 집적회로(MCOs),2022.09,US
3049014,3269493,357,8542321010,220479,16,US,미국,디램,2022.10,US
-81,0,0,8542321020,81,0,US,미국,에스램,2022.10,US
-10212,39842,16,8542321030,50054,109,US,미국,플래시 메모리,2022.10,US
-133356,27260,39,8542321090,160616,104,US,미국,기타,2022.10,US
-25593,0,0,8542322000,25593,2,US,미국,하이브리드 집적회로,2022.10,US
42808165,42889756,878,8542323000,81591,30,US,미국,복합구조칩 집적회로,2022.10,US
2207898,2208339,81,8542324000,441,2,US,미국,복합부품 집적회로(MCOs),2022.10,US
4197670,4279012,511,8542321010,81342,76,US,미국,디램,2022.11,US
-373,0,0,8542321020,373,0,US,미국,에스램,2022.11,US
-123757,9523,2,8542321030,133280,29,US,미국,플래시 메모리,2022.11,US
-280902,56931,49,8542321090,337833,16,US,미국,기타,2022.11,US
34676174,34822011,269,8542323000,145837,11,US,미국,복합구조칩 집적회로,2022.11,US
4152116,4152260,131,8542324000,144,1,US,미국,복합부품 집적회로(MCOs),2022.11,US
5953469,6362879,805,8542321010,409410,25,US,미국,디램,2022.12,US
-1712,1056,3,8542321020,2768,1,US,미국,에스램,2022.12,US
-16961,9146,1,8542321030,26107,19,US,미국,플래시 메모리,2022.12,US
-79605,78528,33,8542321090,158133,40,US,미국,기타,2022.12,US
-24,0,0,8542322000,24,0,US,미국,하이브리드 집적회로,2022.12,US
8426668,9539276,440,8542323000,1112608,113,US,미국,복합구조칩 집적회로,2022.12,US
1831968,1832291,87,8542324000,323,2,US,미국,복합부품 집적회로(MCOs),2022.12,US
11797156730,12452562969,888876,-,655406239,28758,-,-,-,총계,HK
54707491,55445645,16016,8542321010,738154,500,HK,홍콩,디램,2022.01,HK
186645,186645,357,8542321020,0,0,HK,홍콩,에스램,2022.01,HK
86285371,87962896,8744,8542321030,1677525,238,HK,홍콩,플래시 메모리,2022.01,HK
1251944,1890867,981,8542321090,638923,229,HK,홍콩,기타,2022.01,HK
-39571,0,0,8542322000,39571,28,HK,홍콩,하이브리드 집적회로,2022.01,HK
598405769,652149034,36473,8542323000,53743265,1512,HK,홍콩,복합구조칩 집적회로,2022.01,HK
217821280,218057417,5185,8542324000,236137,14,HK,홍콩,복합부품 집적회로(MCOs),2022.01,HK
82575425,85225287,15529,8542321010,2649862,1689,HK,홍콩,디램,2022.02,HK
115432,115432,159,8542321020,0,0,HK,홍콩,에스램,2022.02,HK
68908014,69367900,8375,8542321030,459886,117,HK,홍콩,플래시 메모리,2022.02,HK
882706,1414478,924,8542321090,531772,375,HK,홍콩,기타,2022.02,HK
-19754,0,0,8542322000,19754,10,HK,홍콩,하이브리드 집적회로,2022.02,HK
669895033,698366145,34789,8542323000,28471112,1632,HK,홍콩,복합구조칩 집적회로,2022.02,HK
188827437,188897220,4995,8542324000,69783,10,HK,홍콩,복합부품 집적회로(MCOs),2022.02,HK
73176352,73900703,17565,8542321010,724351,362,HK,홍콩,디램,2022.03,HK
243049,255342,414,8542321020,12293,1,HK,홍콩,에스램,2022.03,HK
98220138,102888617,12141,8542321030,4668479,219,HK,홍콩,플래시 메모리,2022.03,HK
1241850,1800193,891,8542321090,558343,143,HK,홍콩,기타,2022.03,HK
1016807019,1044948301,46820,8542323000,28141282,357,HK,홍콩,복합구조칩 집적회로,2022.03,HK
202891794,202891852,5266,8542324000,58,1,HK,홍콩,복합부품 집적회로(MCOs),2022.03,HK
70134123,70275146,13227,8542321010,141023,92,HK,홍콩,디램,2022.04,HK
193805,195412,325,8542321020,1607,3,HK,홍콩,에스램,2022.04,HK
71197319,73880038,11993,8542321030,2682719,309,HK,홍콩,플래시 메모리,2022.04,HK
1653414,1878792,1449,8542321090,225378,168,HK,홍콩,기타,2022.04,HK
706266032,734653971,29856,8542323000,28387939,414,HK,홍콩,복합구조칩 집적회로,2022.04,HK
130647577,131065191,4164,8542324000,417614,28,HK,홍콩,복합부품 집적회로(MCOs),2022.04,HK
68728141,69066771,15580,8542321010,338630,336,HK,홍콩,디램,2022.05,HK
129942,129942,236,8542321020,0,0,HK,홍콩,에스램,2022.05,HK
135638485,137128283,17097,8542321030,1489798,232,HK,홍콩,플래시 메모리,2022.05,HK
1595107,1806103,1211,8542321090,210996,260,HK,홍콩,기타,2022.05,HK
877291807,918944170,33600,8542323000,41652363,367,HK,홍콩,복합구조칩 집적회로,2022.05,HK
228901368,229491119,6926,8542324000,589751,19,HK,홍콩,복합부품 집적회로(MCOs),2022.05,HK
77400629,78948915,15472,8542321010,1548286,1430,HK,홍콩,디램,2022.06,HK
85279,85279,68,8542321020,0,0,HK,홍콩,에스램,2022.06,HK
72380891,72413440,10495,8542321030,32549,46,HK,홍콩,플래시 메모리,2022.06,HK
2517619,2579155,1655,8542321090,61536,62,HK,홍콩,기타,2022.06,HK
1065878856,1127761963,50505,8542323000,61883107,552,HK,홍콩,복합구조칩 집적회로,2022.06,HK
276448356,276448761,9649,8542324000,405,8,HK,홍콩,복합부품 집적회로(MCOs),2022.06,HK
54293004,54677391,18824,8542321010,384387,217,HK,홍콩,디램,2022.07,HK
39267,89571,111,8542321020,50304,53,HK,홍콩,에스램,2022.07,HK
12861423,12970798,2505,8542321030,109375,85,HK,홍콩,플래시 메모리,2022.07,HK
1590074,2039630,1054,8542321090,449556,79,HK,홍콩,기타,2022.07,HK
367659225,458976470,23774,8542323000,91317245,869,HK,홍콩,복합구조칩 집적회로,2022.07,HK
107370284,107372399,5974,8542324000,2115,3,HK,홍콩,복합부품 집적회로(MCOs),2022.07,HK
89515182,90467782,21377,8542321010,952600,832,HK,홍콩,디램,2022.08,HK
41048,41048,53,8542321020,0,0,HK,홍콩,에스램,2022.08,HK
15148356,15311556,3337,8542321030,163200,80,HK,홍콩,플래시 메모리,2022.08,HK
2932017,3397462,944,8542321090,465445,47,HK,홍콩,기타,2022.08,HK
127727,128960,76,8542322000,1233,2,HK,홍콩,하이브리드 집적회로,2022.08,HK
544918599,623650074,33809,8542323000,78731475,2277,HK,홍콩,복합구조칩 집적회로,2022.08,HK
112149041,112472601,6354,8542324000,323560,99,HK,홍콩,복합부품 집적회로(MCOs),2022.08,HK
77768351,83261057,17472,8542321010,5492706,706,HK,홍콩,디램,2022.09,HK
48422,49631,67,8542321020,1209,0,HK,홍콩,에스램,2022.09,HK
111226387,111332939,25856,8542321030,106552,82,HK,홍콩,플래시 메모리,2022.09,HK
1818122,2019283,958,8542321090,201161,127,HK,홍콩,기타,2022.09,HK
915164149,916058210,44775,8542323000,894061,766,HK,홍콩,복합구조칩 집적회로,2022.09,HK
227844342,227844995,9340,8542324000,653,4,HK,홍콩,복합부품 집적회로(MCOs),2022.09,HK
61054709,61068281,19326,8542321010,13572,24,HK,홍콩,디램,2022.10,HK
123985,123985,246,8542321020,0,0,HK,홍콩,에스램,2022.10,HK
148117587,148276549,42379,8542321030,158962,79,HK,홍콩,플래시 메모리,2022.10,HK
1527918,1539427,686,8542321090,11509,19,HK,홍콩,기타,2022.10,HK
98950,98950,30,8542322000,0,0,HK,홍콩,하이브리드 집적회로,2022.10,HK
561804346,673217935,35570,8542323000,111413589,3585,HK,홍콩,복합구조칩 집적회로,2022.10,HK
44142891,44143697,6596,8542324000,806,4,HK,홍콩,복합부품 집적회로(MCOs),2022.10,HK
50010203,58774915,16831,8542321010,8764712,1669,HK,홍콩,디램,2022.11,HK
2271,2811,5,8542321020,540,0,HK,홍콩,에스램,2022.11,HK
51868070,52274009,15452,8542321030,405939,262,HK,홍콩,플래시 메모리,2022.11,HK
1594345,1708411,569,8542321090,114066,841,HK,홍콩,기타,2022.11,HK
484074050,501033819,29824,8542323000,16959769,1899,HK,홍콩,복합구조칩 집적회로,2022.11,HK
30057741,31749119,3356,8542324000,1691378,58,HK,홍콩,복합부품 집적회로(MCOs),2022.11,HK
29873580,30614653,17669,8542321010,741073,511,HK,홍콩,디램,2022.12,HK
18504,18514,39,8542321020,10,1,HK,홍콩,에스램,2022.12,HK
25457567,25777180,9783,8542321030,319613,135,HK,홍콩,플래시 메모리,2022.12,HK
607763,1017697,484,8542321090,409934,99,HK,홍콩,기타,2022.12,HK
406051,406051,170,8542322000,0,0,HK,홍콩,하이브리드 집적회로,2022.12,HK
467410435,539120007,31238,8542323000,71709572,1478,HK,홍콩,복합구조칩 집적회로,2022.12,HK
46918570,46918677,2835,8542324000,107,3,HK,홍콩,복합부품 집적회로(MCOs),2022.12,HK
350066166,394461300,18322,-,44395134,8208,-,-,-,총계,JP
1420521,7780028,547,8542321010,6359507,147,JP,일본,디램,2022.01,JP
-46355,7080,31,8542321020,53435,0,JP,일본,에스램,2022.01,JP
2550,8038,42,8542321030,5488,6,JP,일본,플래시 메모리,2022.01,JP
-543153,985,1,8542321090,544138,398,JP,일본,기타,2022.01,JP
14679912,15472909,435,8542323000,792997,78,JP,일본,복합구조칩 집적회로,2022.01,JP
1239721,1239830,51,8542324000,109,1,JP,일본,복합부품 집적회로(MCOs),2022.01,JP
5397306,7297877,532,8542321010,1900571,41,JP,일본,디램,2022.02,JP
-3513,7508,36,8542321020,11021,3,JP,일본,에스램,2022.02,JP
18848,19012,4,8542321030,164,2,JP,일본,플래시 메모리,2022.02,JP
-488845,236,1,8542321090,489081,402,JP,일본,기타,2022.02,JP
-1232,0,0,8542322000,1232,1,JP,일본,하이브리드 집적회로,2022.02,JP
20331160,21115602,613,8542323000,784442,71,JP,일본,복합구조칩 집적회로,2022.02,JP
352664,352753,17,8542324000,89,1,JP,일본,복합부품 집적회로(MCOs),2022.02,JP
1509067,6921514,439,8542321010,5412447,97,JP,일본,디램,2022.03,JP
-49094,2026,7,8542321020,51120,1,JP,일본,에스램,2022.03,JP
16437,17131,75,8542321030,694,2,JP,일본,플래시 메모리,2022.03,JP
-230483,29187,6,8542321090,259670,513,JP,일본,기타,2022.03,JP
31837336,33494841,1055,8542323000,1657505,101,JP,일본,복합구조칩 집적회로,2022.03,JP
1480836,1481018,95,8542324000,182,1,JP,일본,복합부품 집적회로(MCOs),2022.03,JP
6302221,9293975,720,8542321010,2991754,45,JP,일본,디램,2022.04,JP
-4379,5261,16,8542321020,9640,1,JP,일본,에스램,2022.04,JP
22773,22773,60,8542321030,0,0,JP,일본,플래시 메모리,2022.04,JP
-667288,23123,38,8542321090,690411,723,JP,일본,기타,2022.04,JP
28981217,30214448,958,8542323000,1233231,74,JP,일본,복합구조칩 집적회로,2022.04,JP
1675767,1676721,93,8542324000,954,2,JP,일본,복합부품 집적회로(MCOs),2022.04,JP
6119690,7447013,509,8542321010,1327323,26,JP,일본,디램,2022.05,JP
-147764,5630,12,8542321020,153394,6,JP,일본,에스램,2022.05,JP
1126,4630,30,8542321030,3504,7,JP,일본,플래시 메모리,2022.05,JP
-682801,1421,11,8542321090,684222,577,JP,일본,기타,2022.05,JP
42428386,43683323,1370,8542323000,1254937,56,JP,일본,복합구조칩 집적회로,2022.05,JP
2860702,2860944,124,8542324000,242,2,JP,일본,복합부품 집적회로(MCOs),2022.05,JP
4815955,5673781,408,8542321010,857826,13,JP,일본,디램,2022.06,JP
-55608,2669,3,8542321020,58277,2,JP,일본,에스램,2022.06,JP
189,720,17,8542321030,531,2,JP,일본,플래시 메모리,2022.06,JP
-537959,7207,6,8542321090,545166,553,JP,일본,기타,2022.06,JP
-7407,0,0,8542322000,7407,7,JP,일본,하이브리드 집적회로,2022.06,JP
35015762,37119686,1280,8542323000,2103924,125,JP,일본,복합구조칩 집적회로,2022.06,JP
1886482,1886602,95,8542324000,120,2,JP,일본,복합부품 집적회로(MCOs),2022.06,JP
2896889,3717725,316,8542321010,820836,12,JP,일본,디램,2022.07,JP
-52400,5213,13,8542321020,57613,6,JP,일본,에스램,2022.07,JP
-30660,134354,80,8542321030,165014,3,JP,일본,플래시 메모리,2022.07,JP
-932463,1924,3,8542321090,934387,343,JP,일본,기타,2022.07,JP
-3229,0,0,8542322000,3229,89,JP,일본,하이브리드 집적회로,2022.07,JP
19436847,20854052,806,8542323000,1417205,108,JP,일본,복합구조칩 집적회로,2022.07,JP
1293442,1293684,50,8542324000,242,2,JP,일본,복합부품 집적회로(MCOs),2022.07,JP
2397476,3122225,276,8542321010,724749,12,JP,일본,디램,2022.08,JP
-15962,1555,8,8542321020,17517,0,JP,일본,에스램,2022.08,JP
320852,321338,80,8542321030,486,2,JP,일본,플래시 메모리,2022.08,JP
-769838,36856,12,8542321090,806694,717,JP,일본,기타,2022.08,JP
-658,0,0,8542322000,658,1,JP,일본,하이브리드 집적회로,2022.08,JP
21257447,21950013,873,8542323000,692566,64,JP,일본,복합구조칩 집적회로,2022.08,JP
962042,962251,45,8542324000,209,2,JP,일본,복합부품 집적회로(MCOs),2022.08,JP
7102468,8010374,581,8542321010,907906,12,JP,일본,디램,2022.09,JP
-41828,7035,22,8542321020,48863,1,JP,일본,에스램,2022.09,JP
72703,249788,61,8542321030,177085,50,JP,일본,플래시 메모리,2022.09,JP
-504735,5858,4,8542321090,510593,693,JP,일본,기타,2022.09,JP
-3522,0,0,8542322000,3522,4,JP,일본,하이브리드 집적회로,2022.09,JP
21429765,21803001,944,8542323000,373236,48,JP,일본,복합구조칩 집적회로,2022.09,JP
828575,828797,42,8542324000,222,2,JP,일본,복합부품 집적회로(MCOs),2022.09,JP
3267842,3725141,371,8542321010,457299,19,JP,일본,디램,2022.10,JP
-15106,8563,29,8542321020,23669,0,JP,일본,에스램,2022.10,JP
19637,19922,53,8542321030,285,2,JP,일본,플래시 메모리,2022.10,JP
-442930,101818,5,8542321090,544748,638,JP,일본,기타,2022.10,JP
27732344,28601563,1017,8542323000,869219,86,JP,일본,복합구조칩 집적회로,2022.10,JP
927332,927502,35,8542324000,170,2,JP,일본,복합부품 집적회로(MCOs),2022.10,JP
3748506,4029966,499,8542321010,281460,9,JP,일본,디램,2022.11,JP
4023,4023,17,8542321020,0,0,JP,일본,에스램,2022.11,JP
8767,9495,36,8542321030,728,1,JP,일본,플래시 메모리,2022.11,JP
-441671,1795,4,8542321090,443466,480,JP,일본,기타,2022.11,JP
-2314,0,0,8542322000,2314,7,JP,일본,하이브리드 집적회로,2022.11,JP
10447892,11753001,645,8542323000,1305109,92,JP,일본,복합구조칩 집적회로,2022.11,JP
1282571,1286685,56,8542324000,4114,6,JP,일본,복합부품 집적회로(MCOs),2022.11,JP
5084948,5485688,681,8542321010,400740,17,JP,일본,디램,2022.12,JP
4453,4478,17,8542321020,25,0,JP,일본,에스램,2022.12,JP
3070,4448,18,8542321030,1378,3,JP,일본,플래시 메모리,2022.12,JP
-573014,450,0,8542321090,573464,471,JP,일본,기타,2022.12,JP
-8014,0,0,8542322000,8014,8,JP,일본,하이브리드 집적회로,2022.12,JP
17254342,18414816,809,8542323000,1160474,83,JP,일본,복합구조칩 집적회로,2022.12,JP
1189530,1598401,80,8542324000,408871,25,JP,일본,복합부품 집적회로(MCOs),2022.12,JP
-133232212,166184603,16636,-,299416815,7558,-,-,-,총계,SG
5428396,9912447,1262,8542321010,4484051,56,SG,싱가포르,디램,2022.01,SG
27305,27305,87,8542321030,0,0,SG,싱가포르,플래시 메모리,2022.01,SG
-2451350,21560,4,8542321090,2472910,157,SG,싱가포르,기타,2022.01,SG
-3457440,833032,42,8542323000,4290472,74,SG,싱가포르,복합구조칩 집적회로,2022.01,SG
-40088,9487,1,8542324000,49575,20,SG,싱가포르,복합부품 집적회로(MCOs),2022.01,SG
2599134,6892543,925,8542321010,4293409,48,SG,싱가포르,디램,2022.02,SG
48457,48706,32,8542321030,249,0,SG,싱가포르,플래시 메모리,2022.02,SG
-1543646,26000,10,8542321090,1569646,160,SG,싱가포르,기타,2022.02,SG
-1598468,1317483,198,8542323000,2915951,51,SG,싱가포르,복합구조칩 집적회로,2022.02,SG
-17333170,185774,23,8542324000,17518944,222,SG,싱가포르,복합부품 집적회로(MCOs),2022.02,SG
1675254,9238525,1117,8542321010,7563271,81,SG,싱가포르,디램,2022.03,SG
-38130,34046,79,8542321030,72176,50,SG,싱가포르,플래시 메모리,2022.03,SG
-4311208,24834,4,8542321090,4336042,547,SG,싱가포르,기타,2022.03,SG
1976068,1976139,82,8542323000,71,3,SG,싱가포르,복합구조칩 집적회로,2022.03,SG
-11299727,45292,5,8542324000,11345019,254,SG,싱가포르,복합부품 집적회로(MCOs),2022.03,SG
-1550414,3941265,446,8542321010,5491679,49,SG,싱가포르,디램,2022.04,SG
-86,0,0,8542321020,86,0,SG,싱가포르,에스램,2022.04,SG
-26448,24739,54,8542321030,51187,23,SG,싱가포르,플래시 메모리,2022.04,SG
-457426,183787,15,8542321090,641213,130,SG,싱가포르,기타,2022.04,SG
1441883,1950589,117,8542323000,508706,19,SG,싱가포르,복합구조칩 집적회로,2022.04,SG
13245671,16860587,571,8542324000,3614916,76,SG,싱가포르,복합부품 집적회로(MCOs),2022.04,SG
-1987510,6757482,462,8542321010,8744992,100,SG,싱가포르,디램,2022.05,SG
-229,0,0,8542321020,229,0,SG,싱가포르,에스램,2022.05,SG
-106041,109058,51,8542321030,215099,45,SG,싱가포르,플래시 메모리,2022.05,SG
-588989,128813,25,8542321090,717802,180,SG,싱가포르,기타,2022.05,SG
2088676,2088680,80,8542323000,4,1,SG,싱가포르,복합구조칩 집적회로,2022.05,SG
102917,122171,8,8542324000,19254,30,SG,싱가포르,복합부품 집적회로(MCOs),2022.05,SG
-6195665,6622862,440,8542321010,12818527,156,SG,싱가포르,디램,2022.06,SG
15130,16128,49,8542321020,998,0,SG,싱가포르,에스램,2022.06,SG
3636,5372,16,8542321030,1736,4,SG,싱가포르,플래시 메모리,2022.06,SG
-1915999,202462,23,8542321090,2118461,142,SG,싱가포르,기타,2022.06,SG
609765,1496896,227,8542323000,887131,18,SG,싱가포르,복합구조칩 집적회로,2022.06,SG
-118423290,443090,21,8542324000,118866380,2445,SG,싱가포르,복합부품 집적회로(MCOs),2022.06,SG
-9106247,3842846,217,8542321010,12949093,148,SG,싱가포르,디램,2022.07,SG
1068063,1068265,172,8542321030,202,1,SG,싱가포르,플래시 메모리,2022.07,SG
-1431912,49817,16,8542321090,1481729,59,SG,싱가포르,기타,2022.07,SG
5975009,6302057,565,8542323000,327048,6,SG,싱가포르,복합구조칩 집적회로,2022.07,SG
-316652,159,0,8542324000,316811,21,SG,싱가포르,복합부품 집적회로(MCOs),2022.07,SG
-4205993,3933362,166,8542321010,8139355,98,SG,싱가포르,디램,2022.08,SG
1577586,1584744,661,8542321030,7158,16,SG,싱가포르,플래시 메모리,2022.08,SG
-2013423,615004,30,8542321090,2628427,90,SG,싱가포르,기타,2022.08,SG
-175331,609594,192,8542323000,784925,123,SG,싱가포르,복합구조칩 집적회로,2022.08,SG
-1292084,11804,1,8542324000,1303888,47,SG,싱가포르,복합부품 집적회로(MCOs),2022.08,SG
150723,7712040,654,8542321010,7561317,91,SG,싱가포르,디램,2022.09,SG
10191,10483,32,8542321020,292,0,SG,싱가포르,에스램,2022.09,SG
5833298,6475232,1167,8542321030,641934,73,SG,싱가포르,플래시 메모리,2022.09,SG
-3230644,16215,6,8542321090,3246859,151,SG,싱가포르,기타,2022.09,SG
373661,627943,34,8542323000,254282,9,SG,싱가포르,복합구조칩 집적회로,2022.09,SG
-22581741,12439,1,8542324000,22594180,751,SG,싱가포르,복합부품 집적회로(MCOs),2022.09,SG
-1629218,380073,40,8542321010,2009291,24,SG,싱가포르,디램,2022.10,SG
-558,0,0,8542321020,558,0,SG,싱가포르,에스램,2022.10,SG
1610868,1658561,309,8542321030,47693,25,SG,싱가포르,플래시 메모리,2022.10,SG
-3295370,39913,6,8542321090,3335283,201,SG,싱가포르,기타,2022.10,SG
4178398,4503888,144,8542323000,325490,61,SG,싱가포르,복합구조칩 집적회로,2022.10,SG
-368236,18360,3,8542324000,386596,14,SG,싱가포르,복합부품 집적회로(MCOs),2022.10,SG
-8222781,45821,8,8542321010,8268602,79,SG,싱가포르,디램,2022.11,SG
-4653,0,0,8542321020,4653,4,SG,싱가포르,에스램,2022.11,SG
4089706,4091382,525,8542321030,1676,7,SG,싱가포르,플래시 메모리,2022.11,SG
-1941166,450934,42,8542321090,2392100,114,SG,싱가포르,기타,2022.11,SG
867708,1146220,76,8542323000,278512,36,SG,싱가포르,복합구조칩 집적회로,2022.11,SG
-746012,53372,3,8542324000,799384,42,SG,싱가포르,복합부품 집적회로(MCOs),2022.11,SG
24829983,27261229,3724,8542321010,2431246,35,SG,싱가포르,디램,2022.12,SG
5480,8064,25,8542321020,2584,1,SG,싱가포르,에스램,2022.12,SG
1429883,1433582,329,8542321030,3699,1,SG,싱가포르,플래시 메모리,2022.12,SG
-705015,228938,18,8542321090,933953,75,SG,싱가포르,기타,2022.12,SG
19962256,20310065,970,8542323000,347809,13,SG,싱가포르,복합구조칩 집적회로,2022.12,SG
135043,135043,26,8542324000,0,0,SG,싱가포르,복합부품 집적회로(MCOs),2022.12,SG
98279164,197736786,10703,-,99457622,7871,-,-,-,총계,MY
6109350,6109350,320,8542321010,0,0,MY,말레이시아,디램,2022.01,MY
-19477,1766,5,8542321020,21243,1,MY,말레이시아,에스램,2022.01,MY
97242,403096,51,8542321030,305854,59,MY,말레이시아,플래시 메모리,2022.01,MY
-6731715,0,0,8542321090,6731715,789,MY,말레이시아,기타,2022.01,MY
2599067,2805437,165,8542323000,206370,7,MY,말레이시아,복합구조칩 집적회로,2022.01,MY
47676,47676,1,8542324000,0,0,MY,말레이시아,복합부품 집적회로(MCOs),2022.01,MY
5307443,5310356,247,8542321010,2913,1,MY,말레이시아,디램,2022.02,MY
-19760,0,0,8542321020,19760,1,MY,말레이시아,에스램,2022.02,MY
-26088,275060,15,8542321030,301148,64,MY,말레이시아,플래시 메모리,2022.02,MY
-1590834,0,0,8542321090,1590834,194,MY,말레이시아,기타,2022.02,MY
2368868,2455176,167,8542323000,86308,6,MY,말레이시아,복합구조칩 집적회로,2022.02,MY
5225299,5225299,300,8542321010,0,0,MY,말레이시아,디램,2022.03,MY
-5413,0,0,8542321020,5413,0,MY,말레이시아,에스램,2022.03,MY
421551,614688,49,8542321030,193137,68,MY,말레이시아,플래시 메모리,2022.03,MY
-5399003,33,2,8542321090,5399036,740,MY,말레이시아,기타,2022.03,MY
4149826,4222691,347,8542323000,72865,2,MY,말레이시아,복합구조칩 집적회로,2022.03,MY
4754327,4756206,296,8542321010,1879,2,MY,말레이시아,디램,2022.04,MY
-20773,883,3,8542321020,21656,1,MY,말레이시아,에스램,2022.04,MY
375580,430585,52,8542321030,55005,19,MY,말레이시아,플래시 메모리,2022.04,MY
-11616548,18,0,8542321090,11616566,1188,MY,말레이시아,기타,2022.04,MY
3482729,3505490,272,8542323000,22761,1,MY,말레이시아,복합구조칩 집적회로,2022.04,MY
22842,22842,1,8542324000,0,0,MY,말레이시아,복합부품 집적회로(MCOs),2022.04,MY
8879482,8879527,508,8542321010,45,0,MY,말레이시아,디램,2022.05,MY
-5648,0,0,8542321020,5648,1,MY,말레이시아,에스램,2022.05,MY
435161,636346,83,8542321030,201185,52,MY,말레이시아,플래시 메모리,2022.05,MY
-2845292,0,0,8542321090,2845292,415,MY,말레이시아,기타,2022.05,MY
9271481,9278864,389,8542323000,7383,1,MY,말레이시아,복합구조칩 집적회로,2022.05,MY
-16580,0,0,8542324000,16580,2,MY,말레이시아,복합부품 집적회로(MCOs),2022.05,MY
15676033,15676386,785,8542321010,353,0,MY,말레이시아,디램,2022.06,MY
-9484,883,3,8542321020,10367,0,MY,말레이시아,에스램,2022.06,MY
315304,521384,64,8542321030,206080,55,MY,말레이시아,플래시 메모리,2022.06,MY
-13167273,32165,0,8542321090,13199438,996,MY,말레이시아,기타,2022.06,MY
4816227,4820305,410,8542323000,4078,1,MY,말레이시아,복합구조칩 집적회로,2022.06,MY
261428,261428,5,8542324000,0,0,MY,말레이시아,복합부품 집적회로(MCOs),2022.06,MY
9199969,9199969,470,8542321010,0,0,MY,말레이시아,디램,2022.07,MY
-12056,0,0,8542321020,12056,2,MY,말레이시아,에스램,2022.07,MY
5911019,6097323,350,8542321030,186304,57,MY,말레이시아,플래시 메모리,2022.07,MY
-16021948,3553,1,8542321090,16025501,1293,MY,말레이시아,기타,2022.07,MY
7667445,7667445,242,8542323000,0,0,MY,말레이시아,복합구조칩 집적회로,2022.07,MY
205230,221817,4,8542324000,16587,1,MY,말레이시아,복합부품 집적회로(MCOs),2022.07,MY
2441301,2441314,168,8542321010,13,0,MY,말레이시아,디램,2022.08,MY
-15815,1843,5,8542321020,17658,2,MY,말레이시아,에스램,2022.08,MY
15079998,15423144,740,8542321030,343146,63,MY,말레이시아,플래시 메모리,2022.08,MY
-3670755,24480,8,8542321090,3695235,336,MY,말레이시아,기타,2022.08,MY
8840865,8840876,489,8542323000,11,0,MY,말레이시아,복합구조칩 집적회로,2022.08,MY
-20331720,69775,2,8542324000,20401495,0,MY,말레이시아,복합부품 집적회로(MCOs),2022.08,MY
3941234,3941280,306,8542321010,46,1,MY,말레이시아,디램,2022.09,MY
-8434,0,0,8542321020,8434,0,MY,말레이시아,에스램,2022.09,MY
1825118,2162077,114,8542321030,336959,69,MY,말레이시아,플래시 메모리,2022.09,MY
-3600183,0,0,8542321090,3600183,453,MY,말레이시아,기타,2022.09,MY
10461018,10461042,238,8542323000,24,0,MY,말레이시아,복합구조칩 집적회로,2022.09,MY
18519,59587,1,8542324000,41068,7,MY,말레이시아,복합부품 집적회로(MCOs),2022.09,MY
3148072,3151925,245,8542321010,3853,3,MY,말레이시아,디램,2022.10,MY
-38941,922,3,8542321020,39863,3,MY,말레이시아,에스램,2022.10,MY
1146026,1476793,87,8542321030,330767,94,MY,말레이시아,플래시 메모리,2022.10,MY
-8158029,1947,4,8542321090,8159976,566,MY,말레이시아,기타,2022.10,MY
5944268,5967429,522,8542323000,23161,4,MY,말레이시아,복합구조칩 집적회로,2022.10,MY
1914956,1916510,158,8542321010,1554,6,MY,말레이시아,디램,2022.11,MY
-2281,0,0,8542321020,2281,0,MY,말레이시아,에스램,2022.11,MY
4083176,4260781,211,8542321030,177605,37,MY,말레이시아,플래시 메모리,2022.11,MY
-71274,1207,4,8542321090,72481,35,MY,말레이시아,기타,2022.11,MY
17591692,17592695,797,8542323000,1003,3,MY,말레이시아,복합구조칩 집적회로,2022.11,MY
-57379,142,0,8542324000,57521,11,MY,말레이시아,복합부품 집적회로(MCOs),2022.11,MY
2315500,2315645,198,8542321010,145,1,MY,말레이시아,디램,2022.12,MY
-651,922,3,8542321020,1573,0,MY,말레이시아,에스램,2022.12,MY
1755498,2072089,99,8542321030,316591,84,MY,말레이시아,플래시 메모리,2022.12,MY
-61787,42,0,8542321090,61829,22,MY,말레이시아,기타,2022.12,MY
16038236,16049030,691,8542323000,10794,3,MY,말레이시아,복합구조칩 집적회로,2022.12,MY
-2341751,19242,1,8542324000,2360993,49,MY,말레이시아,복합부품 집적회로(MCOs),2022.12,MY
2621785520,2676314008,394029,-,54528488,18084,-,-,-,총계,PH
255315993,256334582,32069,8542321010,1018589,94,PH,필리핀,디램,2022.01,PH
9672326,9771835,487,8542321030,99509,23,PH,필리핀,플래시 메모리,2022.01,PH
-542312,570,1,8542321090,542882,305,PH,필리핀,기타,2022.01,PH
2519126,2900092,191,8542323000,380966,256,PH,필리핀,복합구조칩 집적회로,2022.01,PH
263345414,265868973,33487,8542321010,2523559,228,PH,필리핀,디램,2022.02,PH
-1573,0,0,8542321020,1573,2,PH,필리핀,에스램,2022.02,PH
7058611,7194500,503,8542321030,135889,40,PH,필리핀,플래시 메모리,2022.02,PH
-565044,0,0,8542321090,565044,282,PH,필리핀,기타,2022.02,PH
701087,965938,7,8542323000,264851,178,PH,필리핀,복합구조칩 집적회로,2022.02,PH
211770844,214255235,19493,8542321010,2484391,213,PH,필리핀,디램,2022.03,PH
-8589,0,0,8542321020,8589,1,PH,필리핀,에스램,2022.03,PH
6303560,6630319,533,8542321030,326759,85,PH,필리핀,플래시 메모리,2022.03,PH
-548921,0,0,8542321090,548921,224,PH,필리핀,기타,2022.03,PH
1219698,1488934,15,8542323000,269236,181,PH,필리핀,복합구조칩 집적회로,2022.03,PH
274688279,276865480,39328,8542321010,2177201,184,PH,필리핀,디램,2022.04,PH
-4791,0,0,8542321020,4791,3,PH,필리핀,에스램,2022.04,PH
13794319,13968032,685,8542321030,173713,69,PH,필리핀,플래시 메모리,2022.04,PH
-680620,35220,9,8542321090,715840,253,PH,필리핀,기타,2022.04,PH
4194012,4548899,441,8542323000,354887,197,PH,필리핀,복합구조칩 집적회로,2022.04,PH
250551253,252740735,14773,8542321010,2189482,223,PH,필리핀,디램,2022.05,PH
-837,0,0,8542321020,837,0,PH,필리핀,에스램,2022.05,PH
6112218,6339829,324,8542321030,227611,103,PH,필리핀,플래시 메모리,2022.05,PH
-586901,39760,104,8542321090,626661,265,PH,필리핀,기타,2022.05,PH
-247018,360153,27,8542323000,607171,323,PH,필리핀,복합구조칩 집적회로,2022.05,PH
349468927,352169541,42597,8542321010,2700614,239,PH,필리핀,디램,2022.06,PH
-11158,0,0,8542321020,11158,7,PH,필리핀,에스램,2022.06,PH
11661765,11803874,435,8542321030,142109,72,PH,필리핀,플래시 메모리,2022.06,PH
-552836,1,0,8542321090,552837,267,PH,필리핀,기타,2022.06,PH
-206471,144666,8,8542323000,351137,236,PH,필리핀,복합구조칩 집적회로,2022.06,PH
225322739,241137166,46364,8542321010,15814427,8986,PH,필리핀,디램,2022.07,PH
-6375,0,0,8542321020,6375,4,PH,필리핀,에스램,2022.07,PH
12527764,12668091,594,8542321030,140327,27,PH,필리핀,플래시 메모리,2022.07,PH
-701675,3,0,8542321090,701678,277,PH,필리핀,기타,2022.07,PH
-20748,0,0,8542322000,20748,0,PH,필리핀,하이브리드 집적회로,2022.07,PH
-87447,115543,34,8542323000,202990,136,PH,필리핀,복합구조칩 집적회로,2022.07,PH
172803889,177666682,13827,8542321010,4862793,1166,PH,필리핀,디램,2022.08,PH
-16280,0,0,8542321020,16280,15,PH,필리핀,에스램,2022.08,PH
11296065,11455981,626,8542321030,159916,71,PH,필리핀,플래시 메모리,2022.08,PH
-598407,6759,4,8542321090,605166,232,PH,필리핀,기타,2022.08,PH
3016891,3279151,302,8542323000,262260,164,PH,필리핀,복합구조칩 집적회로,2022.08,PH
126805131,130793988,7738,8542321010,3988857,392,PH,필리핀,디램,2022.09,PH
-32895,0,0,8542321020,32895,15,PH,필리핀,에스램,2022.09,PH
4323132,4429596,422,8542321030,106464,25,PH,필리핀,플래시 메모리,2022.09,PH
-569521,2,0,8542321090,569523,177,PH,필리핀,기타,2022.09,PH
11431511,11653114,566,8542323000,221603,149,PH,필리핀,복합구조칩 집적회로,2022.09,PH
159911336,163252943,46404,8542321010,3341607,404,PH,필리핀,디램,2022.10,PH
-13305,0,0,8542321020,13305,14,PH,필리핀,에스램,2022.10,PH
5111739,5285205,647,8542321030,173466,38,PH,필리핀,플래시 메모리,2022.10,PH
-402657,0,0,8542321090,402657,228,PH,필리핀,기타,2022.10,PH
482519,657042,85,8542323000,174523,112,PH,필리핀,복합구조칩 집적회로,2022.10,PH
-1419,0,0,8542324000,1419,3,PH,필리핀,복합부품 집적회로(MCOs),2022.10,PH
107721600,108926364,49969,8542321010,1204764,185,PH,필리핀,디램,2022.11,PH
-78349,0,0,8542321020,78349,35,PH,필리핀,에스램,2022.11,PH
2722031,2802877,353,8542321030,80846,11,PH,필리핀,플래시 메모리,2022.11,PH
-279121,1,0,8542321090,279122,131,PH,필리핀,기타,2022.11,PH
1497996,1677584,129,8542323000,179588,119,PH,필리핀,복합구조칩 집적회로,2022.11,PH
113533918,113645316,40122,8542321010,111398,17,PH,필리핀,디램,2022.12,PH
-12921,0,0,8542321020,12921,5,PH,필리핀,에스램,2022.12,PH
2040174,2182735,313,8542321030,142561,46,PH,필리핀,플래시 메모리,2022.12,PH
-233678,0,0,8542321090,233678,126,PH,필리핀,기타,2022.12,PH
-128478,250697,14,8542323000,379175,220,PH,필리핀,복합구조칩 집적회로,2022.12,PH
6526525639,19160480195,1427356,-,12633954556,778562,-,-,-,총계,CN
-3085512,527846691,34383,8542321010,530932203,39885,CN,중국,디램,2023.01,CN
-61948,1388,3,8542321020,63336,41,CN,중국,에스램,2023.01,CN
62203372,329834795,17650,8542321030,267631423,15935,CN,중국,플래시 메모리,2023.01,CN
-721821,1545246,589,8542321090,2267067,3608,CN,중국,기타,2023.01,CN
-2944,13381,45,8542322000,16325,1530,CN,중국,하이브리드 집적회로,2023.01,CN
3160195,320551379,15927,8542323000,317391184,8213,CN,중국,복합구조칩 집적회로,2023.01,CN
43553129,49572085,1990,8542324000,6018956,153,CN,중국,복합부품 집적회로(MCOs),2023.01,CN
209254410,634968656,46633,8542321010,425714246,37157,CN,중국,디램,2023.02,CN
-53800,0,0,8542321020,53800,39,CN,중국,에스램,2023.02,CN
176914559,439118814,30370,8542321030,262204255,15194,CN,중국,플래시 메모리,2023.02,CN
399075,2551333,1164,8542321090,2152258,1618,CN,중국,기타,2023.02,CN
544,10390,27,8542322000,9846,17,CN,중국,하이브리드 집적회로,2023.02,CN
-69308613,388494506,24358,8542323000,457803119,13362,CN,중국,복합구조칩 집적회로,2023.02,CN
12358194,33533834,1248,8542324000,21175640,614,CN,중국,복합부품 집적회로(MCOs),2023.02,CN
327083301,702504188,54694,8542321010,375420887,32700,CN,중국,디램,2023.03,CN
-111132,0,0,8542321020,111132,73,CN,중국,에스램,2023.03,CN
257526300,469519114,32471,8542321030,211992814,18891,CN,중국,플래시 메모리,2023.03,CN
-4217941,2924768,1289,8542321090,7142709,2556,CN,중국,기타,2023.03,CN
-3630,14348,45,8542322000,17978,13,CN,중국,하이브리드 집적회로,2023.03,CN
-236098817,315722097,30116,8542323000,551820914,13744,CN,중국,복합구조칩 집적회로,2023.03,CN
58248867,66252627,2912,8542324000,8003760,259,CN,중국,복합부품 집적회로(MCOs),2023.03,CN
378236692,748987419,60226,8542321010,370750727,47789,CN,중국,디램,2023.04,CN
-67267,0,0,8542321020,67267,68,CN,중국,에스램,2023.04,CN
157021062,298722103,23217,8542321030,141701041,10966,CN,중국,플래시 메모리,2023.04,CN
-9980707,2211694,1073,8542321090,12192401,2519,CN,중국,기타,2023.04,CN
7129,8169,26,8542322000,1040,3,CN,중국,하이브리드 집적회로,2023.04,CN
-7533649,364472091,29946,8542323000,372005740,9118,CN,중국,복합구조칩 집적회로,2023.04,CN
21892571,31013306,1996,8542324000,9120735,191,CN,중국,복합부품 집적회로(MCOs),2023.04,CN
450975362,789930776,59416,8542321010,338955414,34645,CN,중국,디램,2023.05,CN
-120653,0,0,8542321020,120653,76,CN,중국,에스램,2023.05,CN
-150874486,300331201,21629,8542321030,451205687,24990,CN,중국,플래시 메모리,2023.05,CN
-9268645,1865423,951,8542321090,11134068,2515,CN,중국,기타,2023.05,CN
-24080,13317,35,8542322000,37397,95,CN,중국,하이브리드 집적회로,2023.05,CN
-69201578,325284117,28221,8542323000,394485695,11190,CN,중국,복합구조칩 집적회로,2023.05,CN
-11575936,2289335,171,8542324000,13865271,540,CN,중국,복합부품 집적회로(MCOs),2023.05,CN
362807936,729196572,61396,8542321010,366388636,31365,CN,중국,디램,2023.06,CN
-37475,14993,3,8542321020,52468,33,CN,중국,에스램,2023.06,CN
401326,361631620,43673,8542321030,361230294,29400,CN,중국,플래시 메모리,2023.06,CN
-5892777,3173389,1424,8542321090,9066166,2967,CN,중국,기타,2023.06,CN
-71777,8297,30,8542322000,80074,3,CN,중국,하이브리드 집적회로,2023.06,CN
307230241,612310867,62506,8542323000,305080626,8506,CN,중국,복합구조칩 집적회로,2023.06,CN
40223961,52633459,2770,8542324000,12409498,522,CN,중국,복합부품 집적회로(MCOs),2023.06,CN
398357331,835554910,52116,8542321010,437197579,33915,CN,중국,디램,2023.07,CN
-736225,0,0,8542321020,736225,129,CN,중국,에스램,2023.07,CN
8478976,279514920,23869,8542321030,271035944,16493,CN,중국,플래시 메모리,2023.07,CN
-6219600,2226449,1128,8542321090,8446049,3049,CN,중국,기타,2023.07,CN
-71138,12616,40,8542322000,83754,106,CN,중국,하이브리드 집적회로,2023.07,CN
178424723,445828198,40637,8542323000,267403475,8999,CN,중국,복합구조칩 집적회로,2023.07,CN
790639,3943832,214,8542324000,3153193,309,CN,중국,복합부품 집적회로(MCOs),2023.07,CN
380486623,834915881,58316,8542321010,454429258,31083,CN,중국,디램,2023.08,CN
-367616,0,0,8542321020,367616,120,CN,중국,에스램,2023.08,CN
359349055,482627251,34534,8542321030,123278196,7690,CN,중국,플래시 메모리,2023.08,CN
-8175031,1908776,944,8542321090,10083807,2103,CN,중국,기타,2023.08,CN
-64736,8062,22,8542322000,72798,32,CN,중국,하이브리드 집적회로,2023.08,CN
17114827,346719924,28858,8542323000,329605097,9196,CN,중국,복합구조칩 집적회로,2023.08,CN
-11957082,3918224,203,8542324000,15875306,442,CN,중국,복합부품 집적회로(MCOs),2023.08,CN
376062070,740757336,48198,8542321010,364695266,28188,CN,중국,디램,2023.09,CN
-46260,0,0,8542321020,46260,33,CN,중국,에스램,2023.09,CN
376508406,593009087,52074,8542321030,216500681,14721,CN,중국,플래시 메모리,2023.09,CN
-3116025,1600647,1100,8542321090,4716672,2026,CN,중국,기타,2023.09,CN
-83600,7402,26,8542322000,91002,140,CN,중국,하이브리드 집적회로,2023.09,CN
152173050,521157836,34568,8542323000,368984786,11463,CN,중국,복합구조칩 집적회로,2023.09,CN
18604806,26647711,994,8542324000,8042905,891,CN,중국,복합부품 집적회로(MCOs),2023.09,CN
385508650,797081112,52059,8542321010,411572462,27950,CN,중국,디램,2023.10,CN
-32909,0,0,8542321020,32909,25,CN,중국,에스램,2023.10,CN
179737658,468305856,31068,8542321030,288568198,15039,CN,중국,플래시 메모리,2023.10,CN
-4710393,1727391,852,8542321090,6437784,1883,CN,중국,기타,2023.10,CN
253985,348493,86,8542322000,94508,93,CN,중국,하이브리드 집적회로,2023.10,CN
-5662906,368714558,24689,8542323000,374377464,10658,CN,중국,복합구조칩 집적회로,2023.10,CN
3009979,3681744,194,8542324000,671765,125,CN,중국,복합부품 집적회로(MCOs),2023.10,CN
468905823,915736965,57538,8542321010,446831142,45845,CN,중국,디램,2023.11,CN
-14189,4200,1,8542321020,18389,13,CN,중국,에스램,2023.11,CN
329047488,456172095,29818,8542321030,127124607,7395,CN,중국,플래시 메모리,2023.11,CN
-4365518,1208885,672,8542321090,5574403,2195,CN,중국,기타,2023.11,CN
-267042,1010,8,8542322000,268052,121,CN,중국,하이브리드 집적회로,2023.11,CN
19003369,374046770,27901,8542323000,355043401,8115,CN,중국,복합구조칩 집적회로,2023.11,CN
-10522737,4515362,211,8542324000,15038099,393,CN,중국,복합부품 집적회로(MCOs),2023.11,CN
439862126,918733449,77010,8542321010,478871323,39201,CN,중국,디램,2023.12,CN
-98,0,0,8542321020,98,0,CN,중국,에스램,2023.12,CN
129936617,364696414,21997,8542321030,234759797,14162,CN,중국,플래시 메모리,2023.12,CN
-8185696,1423004,1058,8542321090,9608700,2967,CN,중국,기타,2023.12,CN
-16813,5057,20,8542322000,21870,22,CN,중국,하이브리드 집적회로,2023.12,CN
86252577,450349793,29523,8542323000,364097216,7882,CN,중국,복합구조칩 집적회로,2023.12,CN
-7910563,4291187,182,8542324000,12201750,245,CN,중국,복합부품 집적회로(MCOs),2023.12,CN
2304988481,3002461406,309559,-,697472925,96616,-,-,-,총계,TW
61769693,66528446,9980,8542321010,4758753,2161,TW,대만,디램,2023.01,TW
-69961,12873,19,8542321020,82834,32,TW,대만,에스램,2023.01,TW
-675573,2243417,1012,8542321030,2918990,1941,TW,대만,플래시 메모리,2023.01,TW
-2497427,7665,3,8542321090,2505092,556,TW,대만,기타,2023.01,TW
37286066,63889030,2808,8542323000,26602964,1072,TW,대만,복합구조칩 집적회로,2023.01,TW
-1387205,433612,11,8542324000,1820817,81,TW,대만,복합부품 집적회로(MCOs),2023.01,TW
56381659,63160114,10350,8542321010,6778455,1720,TW,대만,디램,2023.02,TW
-63377,11925,17,8542321020,75302,23,TW,대만,에스램,2023.02,TW
1887541,4013759,1200,8542321030,2126218,1884,TW,대만,플래시 메모리,2023.02,TW
-9783848,872,2,8542321090,9784720,1391,TW,대만,기타,2023.02,TW
69578886,89619374,4251,8542323000,20040488,580,TW,대만,복합구조칩 집적회로,2023.02,TW
-4553820,795120,42,8542324000,5348940,111,TW,대만,복합부품 집적회로(MCOs),2023.02,TW
107612043,113921275,20071,8542321010,6309232,1371,TW,대만,디램,2023.03,TW
-185001,18976,22,8542321020,203977,119,TW,대만,에스램,2023.03,TW
3988642,7452463,3209,8542321030,3463821,1847,TW,대만,플래시 메모리,2023.03,TW
-5863701,2193,4,8542321090,5865894,1154,TW,대만,기타,2023.03,TW
75995028,92465007,3651,8542323000,16469979,542,TW,대만,복합구조칩 집적회로,2023.03,TW
-4067646,447864,11,8542324000,4515510,132,TW,대만,복합부품 집적회로(MCOs),2023.03,TW
99615062,105258800,24847,8542321010,5643738,6308,TW,대만,디램,2023.04,TW
-7610,101810,284,8542321020,109420,49,TW,대만,에스램,2023.04,TW
-57247,3922221,1238,8542321030,3979468,2370,TW,대만,플래시 메모리,2023.04,TW
-2070671,23574,9,8542321090,2094245,866,TW,대만,기타,2023.04,TW
-47,0,0,8542322000,47,0,TW,대만,하이브리드 집적회로,2023.04,TW
65723946,82725673,5286,8542323000,17001727,553,TW,대만,복합구조칩 집적회로,2023.04,TW
-2493962,202350,57,8542324000,2696312,72,TW,대만,복합부품 집적회로(MCOs),2023.04,TW
57078083,66577398,15358,8542321010,9499315,3413,TW,대만,디램,2023.05,TW
-120734,55592,147,8542321020,176326,48,TW,대만,에스램,2023.05,TW
1567827,5547733,2136,8542321030,3979906,2902,TW,대만,플래시 메모리,2023.05,TW
-8621527,465,3,8542321090,8621992,1160,TW,대만,기타,2023.05,TW
17981124,100147367,2505,8542323000,82166243,3372,TW,대만,복합구조칩 집적회로,2023.05,TW
299779,674353,123,8542324000,374574,14,TW,대만,복합부품 집적회로(MCOs),2023.05,TW
90047273,96546193,17789,8542321010,6498920,3365,TW,대만,디램,2023.06,TW
-46851,62316,152,8542321020,109167,36,TW,대만,에스램,2023.06,TW
21275973,26189524,7467,8542321030,4913551,3081,TW,대만,플래시 메모리,2023.06,TW
-1448415,2013,2,8542321090,1450428,659,TW,대만,기타,2023.06,TW
110536510,136613811,6004,8542323000,26077301,659,TW,대만,복합구조칩 집적회로,2023.06,TW
-3287730,107618,21,8542324000,3395348,77,TW,대만,복합부품 집적회로(MCOs),2023.06,TW
64063392,68663582,17420,8542321010,4600190,3750,TW,대만,디램,2023.07,TW
-72078,55189,158,8542321020,127267,35,TW,대만,에스램,2023.07,TW
6519080,11200636,3683,8542321030,4681556,3288,TW,대만,플래시 메모리,2023.07,TW
-3486226,6731,3,8542321090,3492957,1832,TW,대만,기타,2023.07,TW
-431,0,0,8542322000,431,0,TW,대만,하이브리드 집적회로,2023.07,TW
83004950,123439272,3902,8542323000,40434322,863,TW,대만,복합구조칩 집적회로,2023.07,TW
-1266431,106866,10,8542324000,1373297,41,TW,대만,복합부품 집적회로(MCOs),2023.07,TW
64148295,71287771,11507,8542321010,7139476,3561,TW,대만,디램,2023.08,TW
-74761,41621,140,8542321020,116382,62,TW,대만,에스램,2023.08,TW
15412540,20594358,8109,8542321030,5181818,3402,TW,대만,플래시 메모리,2023.08,TW
-5429576,8391,5,8542321090,5437967,862,TW,대만,기타,2023.08,TW
158791926,228561300,5813,8542323000,69769374,1237,TW,대만,복합구조칩 집적회로,2023.08,TW
-8230301,82360,16,8542324000,8312661,187,TW,대만,복합부품 집적회로(MCOs),2023.08,TW
108236334,112992089,19728,8542321010,4755755,2361,TW,대만,디램,2023.09,TW
-74204,28048,30,8542321020,102252,35,TW,대만,에스램,2023.09,TW
43745755,47096959,12510,8542321030,3351204,2959,TW,대만,플래시 메모리,2023.09,TW
-2812026,7604,3,8542321090,2819630,620,TW,대만,기타,2023.09,TW
191541963,221981963,5585,8542323000,30440000,910,TW,대만,복합구조칩 집적회로,2023.09,TW
-4872283,2564149,338,8542324000,7436432,169,TW,대만,복합부품 집적회로(MCOs),2023.09,TW
60711993,64381355,12016,8542321010,3669362,2455,TW,대만,디램,2023.10,TW
-36621,7258,16,8542321020,43879,18,TW,대만,에스램,2023.10,TW
23252722,27572916,8797,8542321030,4320194,3132,TW,대만,플래시 메모리,2023.10,TW
-1513841,232,1,8542321090,1514073,740,TW,대만,기타,2023.10,TW
174984125,216600263,10095,8542323000,41616138,1142,TW,대만,복합구조칩 집적회로,2023.10,TW
-1548007,44972,5,8542324000,1592979,33,TW,대만,복합부품 집적회로(MCOs),2023.10,TW
59677627,61769748,12112,8542321010,2092121,899,TW,대만,디램,2023.11,TW
-121841,7666,18,8542321020,129507,28,TW,대만,에스램,2023.11,TW
26578166,31056467,5985,8542321030,4478301,4113,TW,대만,플래시 메모리,2023.11,TW
-1867658,3490,11,8542321090,1871148,753,TW,대만,기타,2023.11,TW
139996494,183338450,5250,8542323000,43341956,899,TW,대만,복합구조칩 집적회로,2023.11,TW
-9278651,363707,115,8542324000,9642358,202,TW,대만,복합부품 집적회로(MCOs),2023.11,TW
91802405,96815818,13360,8542321010,5013413,3338,TW,대만,디램,2023.12,TW
-148344,14620,11,8542321020,162964,52,TW,대만,에스램,2023.12,TW
29439480,33952327,7218,8542321030,4512847,4117,TW,대만,플래시 메모리,2023.12,TW
-11179337,56090,18,8542321090,11235427,1396,TW,대만,기타,2023.12,TW
-49125,0,0,8542322000,49125,1,TW,대만,하이브리드 집적회로,2023.12,TW
185692172,247793984,5458,8542323000,62101812,1346,TW,대만,복합구조칩 집적회로,2023.12,TW
-1871978,180358,20,8542324000,2052336,55,TW,대만,복합부품 집적회로(MCOs),2023.12,TW
4700922584,4773948302,404715,-,73025718,4625,-,-,-,총계,VN
187124529,187131068,24534,8542321010,6539,14,VN,베트남,디램,2023.01,VN
6726,6726,1,8542321020,0,0,VN,베트남,에스램,2023.01,VN
8688550,8700884,2064,8542321030,12334,1,VN,베트남,플래시 메모리,2023.01,VN
3441556,3469685,1185,8542321090,28129,10,VN,베트남,기타,2023.01,VN
73660,73660,58,8542322000,0,0,VN,베트남,하이브리드 집적회로,2023.01,VN
255236200,255284582,4758,8542323000,48382,3,VN,베트남,복합구조칩 집적회로,2023.01,VN
4932058,5157965,94,8542324000,225907,4,VN,베트남,복합부품 집적회로(MCOs),2023.01,VN
141405321,141424978,16240,8542321010,19657,28,VN,베트남,디램,2023.02,VN
6721,6721,1,8542321020,0,0,VN,베트남,에스램,2023.02,VN
6111091,6141868,1558,8542321030,30777,10,VN,베트남,플래시 메모리,2023.02,VN
3353380,3358529,1317,8542321090,5149,2,VN,베트남,기타,2023.02,VN
7678,7678,7,8542322000,0,0,VN,베트남,하이브리드 집적회로,2023.02,VN
139387391,142028504,3866,8542323000,2641113,137,VN,베트남,복합구조칩 집적회로,2023.02,VN
15008341,15063792,773,8542324000,55451,1,VN,베트남,복합부품 집적회로(MCOs),2023.02,VN
175200941,179392003,23638,8542321010,4191062,167,VN,베트남,디램,2023.03,VN
1975,1975,1,8542321020,0,0,VN,베트남,에스램,2023.03,VN
8907954,8919454,2445,8542321030,11500,2,VN,베트남,플래시 메모리,2023.03,VN
3928607,4013915,1974,8542321090,85308,20,VN,베트남,기타,2023.03,VN
272754,272754,234,8542322000,0,0,VN,베트남,하이브리드 집적회로,2023.03,VN
288233972,288275996,6922,8542323000,42024,40,VN,베트남,복합구조칩 집적회로,2023.03,VN
56918708,56954646,1393,8542324000,35938,4,VN,베트남,복합부품 집적회로(MCOs),2023.03,VN
169311958,169745680,22989,8542321010,433722,58,VN,베트남,디램,2023.04,VN
1842,5069,1,8542321020,3227,0,VN,베트남,에스램,2023.04,VN
18055314,18058611,2663,8542321030,3297,0,VN,베트남,플래시 메모리,2023.04,VN
5640159,5965262,2001,8542321090,325103,30,VN,베트남,기타,2023.04,VN
154765,154765,112,8542322000,0,0,VN,베트남,하이브리드 집적회로,2023.04,VN
69242613,84218926,2871,8542323000,14976313,1056,VN,베트남,복합구조칩 집적회로,2023.04,VN
6550829,6865485,373,8542324000,314656,6,VN,베트남,복합부품 집적회로(MCOs),2023.04,VN
179958817,183872261,25369,8542321010,3913444,81,VN,베트남,디램,2023.05,VN
7230,7230,1,8542321020,0,0,VN,베트남,에스램,2023.05,VN
18367904,18955165,2442,8542321030,587261,38,VN,베트남,플래시 메모리,2023.05,VN
5848929,5894109,2627,8542321090,45180,11,VN,베트남,기타,2023.05,VN
44515,44515,8,8542322000,0,0,VN,베트남,하이브리드 집적회로,2023.05,VN
54305805,58065023,3147,8542323000,3759218,298,VN,베트남,복합구조칩 집적회로,2023.05,VN
10013724,10013724,531,8542324000,0,0,VN,베트남,복합부품 집적회로(MCOs),2023.05,VN
248327308,249013947,31829,8542321010,686639,64,VN,베트남,디램,2023.06,VN
6032,6032,1,8542321020,0,0,VN,베트남,에스램,2023.06,VN
17095901,17108709,2668,8542321030,12808,1,VN,베트남,플래시 메모리,2023.06,VN
4001535,4590619,2786,8542321090,589084,64,VN,베트남,기타,2023.06,VN
33507,33507,7,8542322000,0,0,VN,베트남,하이브리드 집적회로,2023.06,VN
162369072,162448586,6307,8542323000,79514,10,VN,베트남,복합구조칩 집적회로,2023.06,VN
20006114,20006114,969,8542324000,0,0,VN,베트남,복합부품 집적회로(MCOs),2023.06,VN
147177371,147413175,15743,8542321010,235804,19,VN,베트남,디램,2023.07,VN
7218,7218,1,8542321020,0,0,VN,베트남,에스램,2023.07,VN
27465340,27466938,3009,8542321030,1598,1,VN,베트남,플래시 메모리,2023.07,VN
6258911,6605711,2366,8542321090,346800,52,VN,베트남,기타,2023.07,VN
5555,5555,4,8542322000,0,0,VN,베트남,하이브리드 집적회로,2023.07,VN
46511059,49647465,2965,8542323000,3136406,7,VN,베트남,복합구조칩 집적회로,2023.07,VN
6251216,6356953,478,8542324000,105737,28,VN,베트남,복합부품 집적회로(MCOs),2023.07,VN
232432017,233415108,26539,8542321010,983091,630,VN,베트남,디램,2023.08,VN
7213,7213,1,8542321020,0,0,VN,베트남,에스램,2023.08,VN
21652636,21661673,2605,8542321030,9037,4,VN,베트남,플래시 메모리,2023.08,VN
4044874,5752826,3322,8542321090,1707952,132,VN,베트남,기타,2023.08,VN
45891,45891,25,8542322000,0,0,VN,베트남,하이브리드 집적회로,2023.08,VN
82545687,94681190,6188,8542323000,12135503,354,VN,베트남,복합구조칩 집적회로,2023.08,VN
9981636,10457952,783,8542324000,476316,6,VN,베트남,복합부품 집적회로(MCOs),2023.08,VN
178225033,183299406,20821,8542321010,5074373,23,VN,베트남,디램,2023.09,VN
7219,7219,1,8542321020,0,0,VN,베트남,에스램,2023.09,VN
17778901,17783343,2820,8542321030,4442,0,VN,베트남,플래시 메모리,2023.09,VN
6735668,6904964,3212,8542321090,169296,33,VN,베트남,기타,2023.09,VN
66615,66615,38,8542322000,0,0,VN,베트남,하이브리드 집적회로,2023.09,VN
124902758,125875165,5348,8542323000,972407,83,VN,베트남,복합구조칩 집적회로,2023.09,VN
32633344,32633344,1338,8542324000,0,0,VN,베트남,복합부품 집적회로(MCOs),2023.09,VN
141852943,143150257,14229,8542321010,1297314,84,VN,베트남,디램,2023.10,VN
10113,10113,2,8542321020,0,0,VN,베트남,에스램,2023.10,VN
22301256,23819126,3680,8542321030,1517870,104,VN,베트남,플래시 메모리,2023.10,VN
6400402,6426203,2293,8542321090,25801,15,VN,베트남,기타,2023.10,VN
33278,33278,17,8542322000,0,0,VN,베트남,하이브리드 집적회로,2023.10,VN
75703515,75903639,3674,8542323000,200124,16,VN,베트남,복합구조칩 집적회로,2023.10,VN
15952362,16037107,583,8542324000,84745,4,VN,베트남,복합부품 집적회로(MCOs),2023.10,VN
215409746,215587223,18550,8542321010,177477,85,VN,베트남,디램,2023.11,VN
4728,4728,0,8542321020,0,0,VN,베트남,에스램,2023.11,VN
14315605,21791804,3145,8542321030,7476199,500,VN,베트남,플래시 메모리,2023.11,VN
8512415,8608838,3068,8542321090,96423,26,VN,베트남,기타,2023.11,VN
43631,43631,13,8542322000,0,0,VN,베트남,하이브리드 집적회로,2023.11,VN
131174561,131379582,4226,8542323000,205021,57,VN,베트남,복합구조칩 집적회로,2023.11,VN
63577660,63577660,1092,8542324000,0,0,VN,베트남,복합부품 집적회로(MCOs),2023.11,VN
258080873,260561806,33063,8542321010,2480933,101,VN,베트남,디램,2023.12,VN
9358,9358,3,8542321020,0,0,VN,베트남,에스램,2023.12,VN
18147315,18345119,4045,8542321030,197804,23,VN,베트남,플래시 메모리,2023.12,VN
9019363,9028154,3725,8542321090,8791,1,VN,베트남,기타,2023.12,VN
52564,55059,23,8542322000,2495,5,VN,베트남,하이브리드 집적회로,2023.12,VN
214682797,215405223,4190,8542323000,722426,67,VN,베트남,복합구조칩 집적회로,2023.12,VN
273309951,273314748,4727,8542324000,4797,7,VN,베트남,복합부품 집적회로(MCOs),2023.12,VN
200311116,211189317,19650,-,10878201,2711,-,-,-,총계,US
3501389,3718989,545,8542321010,217600,17,US,미국,디램,2023.01,US
-97,0,0,8542321020,97,1,US,미국,에스램,2023.01,US
-18646,16344,6,8542321030,34990,51,US,미국,플래시 메모리,2023.01,US
-860728,93341,96,8542321090,954069,126,US,미국,기타,2023.01,US
-151441,0,0,8542322000,151441,6,US,미국,하이브리드 집적회로,2023.01,US
11918314,14048121,504,8542323000,2129807,63,US,미국,복합구조칩 집적회로,2023.01,US
1322475,1323562,50,8542324000,1087,1,US,미국,복합부품 집적회로(MCOs),2023.01,US
4384563,4688423,1098,8542321010,303860,105,US,미국,디램,2023.02,US
-7336,0,0,8542321020,7336,2,US,미국,에스램,2023.02,US
1997,37116,36,8542321030,35119,28,US,미국,플래시 메모리,2023.02,US
41563,85220,139,8542321090,43657,38,US,미국,기타,2023.02,US
-171989,0,0,8542322000,171989,2,US,미국,하이브리드 집적회로,2023.02,US
10114683,10987324,509,8542323000,872641,71,US,미국,복합구조칩 집적회로,2023.02,US
476906,477569,35,8542324000,663,1,US,미국,복합부품 집적회로(MCOs),2023.02,US
3438658,3757646,675,8542321010,318988,24,US,미국,디램,2023.03,US
-3932,0,0,8542321020,3932,2,US,미국,에스램,2023.03,US
76028,141432,38,8542321030,65404,71,US,미국,플래시 메모리,2023.03,US
-122428,149620,116,8542321090,272048,105,US,미국,기타,2023.03,US
21412857,21600437,908,8542323000,187580,39,US,미국,복합구조칩 집적회로,2023.03,US
363300,363354,13,8542324000,54,1,US,미국,복합부품 집적회로(MCOs),2023.03,US
4017437,4170915,709,8542321010,153478,18,US,미국,디램,2023.04,US
-4416,1000,1,8542321020,5416,4,US,미국,에스램,2023.04,US
-228783,66838,22,8542321030,295621,34,US,미국,플래시 메모리,2023.04,US
8288,54840,13,8542321090,46552,23,US,미국,기타,2023.04,US
-286232,32607,1,8542322000,318839,8,US,미국,하이브리드 집적회로,2023.04,US
6236698,6301630,863,8542323000,64932,38,US,미국,복합구조칩 집적회로,2023.04,US
306882,307368,22,8542324000,486,2,US,미국,복합부품 집적회로(MCOs),2023.04,US
4744946,4942524,901,8542321010,197578,29,US,미국,디램,2023.05,US
-9505,100,0,8542321020,9605,1,US,미국,에스램,2023.05,US
64691,127490,36,8542321030,62799,61,US,미국,플래시 메모리,2023.05,US
-280182,26927,49,8542321090,307109,45,US,미국,기타,2023.05,US
14816995,14824486,647,8542323000,7491,9,US,미국,복합구조칩 집적회로,2023.05,US
1025907,1025975,43,8542324000,68,0,US,미국,복합부품 집적회로(MCOs),2023.05,US
4928620,5138222,942,8542321010,209602,52,US,미국,디램,2023.06,US
-66369,1750,0,8542321020,68119,9,US,미국,에스램,2023.06,US
13822,61309,32,8542321030,47487,58,US,미국,플래시 메모리,2023.06,US
-203291,65966,104,8542321090,269257,28,US,미국,기타,2023.06,US
10520938,10544576,944,8542323000,23638,14,US,미국,복합구조칩 집적회로,2023.06,US
1860164,1860294,54,8542324000,130,1,US,미국,복합부품 집적회로(MCOs),2023.06,US
3991301,4227389,613,8542321010,236088,19,US,미국,디램,2023.07,US
-54978,0,0,8542321020,54978,7,US,미국,에스램,2023.07,US
38188,70577,33,8542321030,32389,41,US,미국,플래시 메모리,2023.07,US
1985,54170,107,8542321090,52185,147,US,미국,기타,2023.07,US
17310131,17312577,845,8542323000,2446,6,US,미국,복합구조칩 집적회로,2023.07,US
1702561,1702608,38,8542324000,47,1,US,미국,복합부품 집적회로(MCOs),2023.07,US
5328390,5360470,818,8542321010,32080,7,US,미국,디램,2023.08,US
-29212,261,0,8542321020,29473,4,US,미국,에스램,2023.08,US
113835,210947,50,8542321030,97112,121,US,미국,플래시 메모리,2023.08,US
-114442,4012,4,8542321090,118454,259,US,미국,기타,2023.08,US
-22777,0,0,8542322000,22777,3,US,미국,하이브리드 집적회로,2023.08,US
24004432,24182255,1333,8542323000,177823,9,US,미국,복합구조칩 집적회로,2023.08,US
1342104,1477989,41,8542324000,135885,39,US,미국,복합부품 집적회로(MCOs),2023.08,US
4964346,4987132,944,8542321010,22786,9,US,미국,디램,2023.09,US
-11268,0,0,8542321020,11268,27,US,미국,에스램,2023.09,US
104606,192297,44,8542321030,87691,111,US,미국,플래시 메모리,2023.09,US
-114098,42764,107,8542321090,156862,82,US,미국,기타,2023.09,US
4720296,4727999,676,8542323000,7703,9,US,미국,복합구조칩 집적회로,2023.09,US
3202321,3202486,88,8542324000,165,4,US,미국,복합부품 집적회로(MCOs),2023.09,US
3883022,3927173,664,8542321010,44151,14,US,미국,디램,2023.10,US
-19749,0,0,8542321020,19749,5,US,미국,에스램,2023.10,US
68694,134937,40,8542321030,66243,73,US,미국,플래시 메모리,2023.10,US
-688428,77552,88,8542321090,765980,47,US,미국,기타,2023.10,US
-142633,0,0,8542322000,142633,4,US,미국,하이브리드 집적회로,2023.10,US
3405613,3407123,445,8542323000,1510,5,US,미국,복합구조칩 집적회로,2023.10,US
382823,383313,53,8542324000,490,2,US,미국,복합부품 집적회로(MCOs),2023.10,US
3163452,3262601,514,8542321010,99149,15,US,미국,디램,2023.11,US
-14758,0,0,8542321020,14758,6,US,미국,에스램,2023.11,US
-23085,75982,12,8542321030,99067,52,US,미국,플래시 메모리,2023.11,US
-186617,8700,18,8542321090,195317,161,US,미국,기타,2023.11,US
-12879,0,0,8542322000,12879,1,US,미국,하이브리드 집적회로,2023.11,US
4227540,4230728,541,8542323000,3188,6,US,미국,복합구조칩 집적회로,2023.11,US
721084,721251,27,8542324000,167,0,US,미국,복합부품 집적회로(MCOs),2023.11,US
6168830,6232053,734,8542321010,63223,68,US,미국,디램,2023.12,US
1034,1420,2,8542321020,386,0,US,미국,에스램,2023.12,US
147737,199312,12,8542321030,51575,73,US,미국,플래시 메모리,2023.12,US
-9682,129209,10,8542321090,138891,82,US,미국,기타,2023.12,US
-19589,0,0,8542322000,19589,3,US,미국,하이브리드 집적회로,2023.12,US
4590144,4590381,430,8542323000,237,0,US,미국,복합구조칩 집적회로,2023.12,US
5008096,5008334,164,8542324000,238,1,US,미국,복합부품 집적회로(MCOs),2023.12,US
11564078410,12211271521,1086470,-,647193111,50829,-,-,-,총계,HK
29956725,30400631,15647,8542321010,443906,325,HK,홍콩,디램,2023.01,HK
34685,34685,28,8542321020,0,0,HK,홍콩,에스램,2023.01,HK
10727658,11762292,3952,8542321030,1034634,627,HK,홍콩,플래시 메모리,2023.01,HK
1032685,1156917,674,8542321090,124232,29,HK,홍콩,기타,2023.01,HK
290421755,314586755,24048,8542323000,24165000,310,HK,홍콩,복합구조칩 집적회로,2023.01,HK
34234447,34235648,2042,8542324000,1201,4,HK,홍콩,복합부품 집적회로(MCOs),2023.01,HK
24748145,25089480,13056,8542321010,341335,316,HK,홍콩,디램,2023.02,HK
162912,162938,149,8542321020,26,0,HK,홍콩,에스램,2023.02,HK
29665031,29670405,12978,8542321030,5374,12,HK,홍콩,플래시 메모리,2023.02,HK
1148082,1409943,868,8542321090,261861,259,HK,홍콩,기타,2023.02,HK
261773,261773,110,8542322000,0,0,HK,홍콩,하이브리드 집적회로,2023.02,HK
295758326,298141536,26402,8542323000,2383210,553,HK,홍콩,복합구조칩 집적회로,2023.02,HK
31224947,31525128,2366,8542324000,300181,15,HK,홍콩,복합부품 집적회로(MCOs),2023.02,HK
31038438,31454343,19439,8542321010,415905,1629,HK,홍콩,디램,2023.03,HK
89327,167199,168,8542321020,77872,89,HK,홍콩,에스램,2023.03,HK
135362155,136128632,49760,8542321030,766477,531,HK,홍콩,플래시 메모리,2023.03,HK
-506755,1715316,841,8542321090,2222071,289,HK,홍콩,기타,2023.03,HK
332468,332468,280,8542322000,0,0,HK,홍콩,하이브리드 집적회로,2023.03,HK
628453230,693315320,56681,8542323000,64862090,6389,HK,홍콩,복합구조칩 집적회로,2023.03,HK
162807748,168184140,10223,8542324000,5376392,1189,HK,홍콩,복합부품 집적회로(MCOs),2023.03,HK
37350034,37809840,22641,8542321010,459806,462,HK,홍콩,디램,2023.04,HK
132353,132374,141,8542321020,21,0,HK,홍콩,에스램,2023.04,HK
17518547,17973568,6376,8542321030,455021,284,HK,홍콩,플래시 메모리,2023.04,HK
759181,1682178,1053,8542321090,922997,135,HK,홍콩,기타,2023.04,HK
244256,249266,200,8542322000,5010,2,HK,홍콩,하이브리드 집적회로,2023.04,HK
320257063,386585927,30395,8542323000,66328864,2510,HK,홍콩,복합구조칩 집적회로,2023.04,HK
60696737,60698146,7658,8542324000,1409,11,HK,홍콩,복합부품 집적회로(MCOs),2023.04,HK
47810284,47990811,29912,8542321010,180527,943,HK,홍콩,디램,2023.05,HK
167620,167620,159,8542321020,0,0,HK,홍콩,에스램,2023.05,HK
21246246,21410417,7433,8542321030,164171,101,HK,홍콩,플래시 메모리,2023.05,HK
2144397,2947840,1229,8542321090,803443,156,HK,홍콩,기타,2023.05,HK
175890,175890,75,8542322000,0,0,HK,홍콩,하이브리드 집적회로,2023.05,HK
658963979,690145979,44132,8542323000,31182000,4974,HK,홍콩,복합구조칩 집적회로,2023.05,HK
149142342,149142548,8409,8542324000,206,6,HK,홍콩,복합부품 집적회로(MCOs),2023.05,HK
33782080,34826705,24794,8542321010,1044625,1130,HK,홍콩,디램,2023.06,HK
197436,197455,181,8542321020,19,0,HK,홍콩,에스램,2023.06,HK
42799715,43184902,14510,8542321030,385187,188,HK,홍콩,플래시 메모리,2023.06,HK
2032371,2414581,761,8542321090,382210,39,HK,홍콩,기타,2023.06,HK
205231,205231,102,8542322000,0,0,HK,홍콩,하이브리드 집적회로,2023.06,HK
1043501587,1086714187,57742,8542323000,43212600,925,HK,홍콩,복합구조칩 집적회로,2023.06,HK
132295793,132533522,4411,8542324000,237729,24,HK,홍콩,복합부품 집적회로(MCOs),2023.06,HK
19614241,20227310,9840,8542321010,613069,598,HK,홍콩,디램,2023.07,HK
71690,71690,71,8542321020,0,0,HK,홍콩,에스램,2023.07,HK
19401944,19526827,8242,8542321030,124883,137,HK,홍콩,플래시 메모리,2023.07,HK
4411510,4616119,2043,8542321090,204609,136,HK,홍콩,기타,2023.07,HK
175006,175006,87,8542322000,0,0,HK,홍콩,하이브리드 집적회로,2023.07,HK
664067361,708015975,47316,8542323000,43948614,1011,HK,홍콩,복합구조칩 집적회로,2023.07,HK
77577609,77582084,3602,8542324000,4475,3,HK,홍콩,복합부품 집적회로(MCOs),2023.07,HK
18175845,19357987,12132,8542321010,1182142,1357,HK,홍콩,디램,2023.08,HK
96756,96756,48,8542321020,0,0,HK,홍콩,에스램,2023.08,HK
20138701,24061384,9906,8542321030,3922683,589,HK,홍콩,플래시 메모리,2023.08,HK
3529695,3597301,1368,8542321090,67606,71,HK,홍콩,기타,2023.08,HK
172090,172090,64,8542322000,0,0,HK,홍콩,하이브리드 집적회로,2023.08,HK
800966608,843253284,51502,8542323000,42286676,1733,HK,홍콩,복합구조칩 집적회로,2023.08,HK
145508060,145508442,7498,8542324000,382,3,HK,홍콩,복합부품 집적회로(MCOs),2023.08,HK
66691325,68805066,28441,8542321010,2113741,2100,HK,홍콩,디램,2023.09,HK
15823,21861,43,8542321020,6038,6,HK,홍콩,에스램,2023.09,HK
36284896,36379818,9838,8542321030,94922,23,HK,홍콩,플래시 메모리,2023.09,HK
2708980,2722563,1082,8542321090,13583,12,HK,홍콩,기타,2023.09,HK
252081,252081,80,8542322000,0,0,HK,홍콩,하이브리드 집적회로,2023.09,HK
944133438,1018725635,67446,8542323000,74592197,1015,HK,홍콩,복합구조칩 집적회로,2023.09,HK
176365009,176365611,8314,8542324000,602,3,HK,홍콩,복합부품 집적회로(MCOs),2023.09,HK
51709727,53592018,19719,8542321010,1882291,2057,HK,홍콩,디램,2023.10,HK
16931,16931,33,8542321020,0,0,HK,홍콩,에스램,2023.10,HK
22781506,22908499,6127,8542321030,126993,24,HK,홍콩,플래시 메모리,2023.10,HK
5251774,5480855,2146,8542321090,229081,115,HK,홍콩,기타,2023.10,HK
866852123,966869326,48180,8542323000,100017203,1435,HK,홍콩,복합구조칩 집적회로,2023.10,HK
140378600,140379435,3837,8542324000,835,3,HK,홍콩,복합부품 집적회로(MCOs),2023.10,HK
61902454,69460313,30046,8542321010,7557859,6896,HK,홍콩,디램,2023.11,HK
29634,29634,41,8542321020,0,0,HK,홍콩,에스램,2023.11,HK
50709036,51111913,8732,8542321030,402877,280,HK,홍콩,플래시 메모리,2023.11,HK
8747954,9234015,1616,8542321090,486061,118,HK,홍콩,기타,2023.11,HK
1030799417,1098546600,57269,8542323000,67747183,1394,HK,홍콩,복합구조칩 집적회로,2023.11,HK
213875377,214072111,6520,8542324000,196734,24,HK,홍콩,복합부품 집적회로(MCOs),2023.11,HK
64002674,65925219,21975,8542321010,1922545,3553,HK,홍콩,디램,2023.12,HK
162635,162635,309,8542321020,0,0,HK,홍콩,에스램,2023.12,HK
185262188,185448761,30861,8542321030,186573,140,HK,홍콩,플래시 메모리,2023.12,HK
4754412,5863929,1502,8542321090,1109517,539,HK,홍콩,기타,2023.12,HK
1312765021,1360362621,68768,8542323000,47597600,979,HK,홍콩,복합구조칩 집적회로,2023.12,HK
265341355,265347280,7801,8542324000,5925,20,HK,홍콩,복합부품 집적회로(MCOs),2023.12,HK
307217212,340532258,21170,-,33315046,7109,-,-,-,총계,JP
1877819,2202330,239,8542321010,324511,8,JP,일본,디램,2023.01,JP
-21754,15360,71,8542321020,37114,1,JP,일본,에스램,2023.01,JP
145028,147695,39,8542321030,2667,6,JP,일본,플래시 메모리,2023.01,JP
-448778,0,0,8542321090,448778,399,JP,일본,기타,2023.01,JP
14255143,15668884,699,8542323000,1413741,92,JP,일본,복합구조칩 집적회로,2023.01,JP
1042895,1045127,69,8542324000,2232,11,JP,일본,복합부품 집적회로(MCOs),2023.01,JP
3383774,3763648,440,8542321010,379874,10,JP,일본,디램,2023.02,JP
-127891,24062,52,8542321020,151953,4,JP,일본,에스램,2023.02,JP
286851,287067,67,8542321030,216,1,JP,일본,플래시 메모리,2023.02,JP
-495005,6349,5,8542321090,501354,522,JP,일본,기타,2023.02,JP
18744387,20123573,839,8542323000,1379186,101,JP,일본,복합구조칩 집적회로,2023.02,JP
651292,654022,24,8542324000,2730,3,JP,일본,복합부품 집적회로(MCOs),2023.02,JP
5207056,5653660,726,8542321010,446604,35,JP,일본,디램,2023.03,JP
6023,10891,45,8542321020,4868,2,JP,일본,에스램,2023.03,JP
78591,152253,30,8542321030,73662,125,JP,일본,플래시 메모리,2023.03,JP
-473845,1421,3,8542321090,475266,505,JP,일본,기타,2023.03,JP
16090979,17572277,886,8542323000,1481298,104,JP,일본,복합구조칩 집적회로,2023.03,JP
1037391,1044740,35,8542324000,7349,4,JP,일본,복합부품 집적회로(MCOs),2023.03,JP
2627886,2770824,312,8542321010,142938,41,JP,일본,디램,2023.04,JP
4494,12720,39,8542321020,8226,0,JP,일본,에스램,2023.04,JP
415,1897,15,8542321030,1482,23,JP,일본,플래시 메모리,2023.04,JP
-378675,2185,10,8542321090,380860,384,JP,일본,기타,2023.04,JP
-22,0,0,8542322000,22,1,JP,일본,하이브리드 집적회로,2023.04,JP
16003436,17943791,990,8542323000,1940355,127,JP,일본,복합구조칩 집적회로,2023.04,JP
1361977,1368681,48,8542324000,6704,4,JP,일본,복합부품 집적회로(MCOs),2023.04,JP
3679635,3796291,525,8542321010,116656,2,JP,일본,디램,2023.05,JP
-4601,5779,18,8542321020,10380,0,JP,일본,에스램,2023.05,JP
133949,134257,33,8542321030,308,2,JP,일본,플래시 메모리,2023.05,JP
-325350,40612,30,8542321090,365962,451,JP,일본,기타,2023.05,JP
20312446,22345069,969,8542323000,2032623,85,JP,일본,복합구조칩 집적회로,2023.05,JP
703495,708775,20,8542324000,5280,4,JP,일본,복합부품 집적회로(MCOs),2023.05,JP
3209011,3410925,363,8542321010,201914,79,JP,일본,디램,2023.06,JP
-38274,3629,17,8542321020,41903,1,JP,일본,에스램,2023.06,JP
83807,85158,15,8542321030,1351,4,JP,일본,플래시 메모리,2023.06,JP
-524689,3966,3,8542321090,528655,446,JP,일본,기타,2023.06,JP
-11021,0,0,8542322000,11021,11,JP,일본,하이브리드 집적회로,2023.06,JP
18768177,26557571,1114,8542323000,7789394,274,JP,일본,복합구조칩 집적회로,2023.06,JP
1079623,1093607,50,8542324000,13984,8,JP,일본,복합부품 집적회로(MCOs),2023.06,JP
3282308,3523890,400,8542321010,241582,124,JP,일본,디램,2023.07,JP
-125205,0,0,8542321020,125205,1,JP,일본,에스램,2023.07,JP
184104,184875,35,8542321030,771,2,JP,일본,플래시 메모리,2023.07,JP
-538369,16809,21,8542321090,555178,365,JP,일본,기타,2023.07,JP
-21518,0,0,8542322000,21518,28,JP,일본,하이브리드 집적회로,2023.07,JP
18816856,20301804,1078,8542323000,1484948,93,JP,일본,복합구조칩 집적회로,2023.07,JP
1205763,1208447,141,8542324000,2684,3,JP,일본,복합부품 집적회로(MCOs),2023.07,JP
2770446,2993478,320,8542321010,223032,100,JP,일본,디램,2023.08,JP
-38708,2966,3,8542321020,41674,2,JP,일본,에스램,2023.08,JP
134644,136580,35,8542321030,1936,6,JP,일본,플래시 메모리,2023.08,JP
-351385,9634,12,8542321090,361019,353,JP,일본,기타,2023.08,JP
-12213,0,0,8542322000,12213,11,JP,일본,하이브리드 집적회로,2023.08,JP
22085637,23783763,1296,8542323000,1698126,103,JP,일본,복합구조칩 집적회로,2023.08,JP
853318,854999,30,8542324000,1681,3,JP,일본,복합부품 집적회로(MCOs),2023.08,JP
4700526,4785764,803,8542321010,85238,40,JP,일본,디램,2023.09,JP
-55863,70,0,8542321020,55933,0,JP,일본,에스램,2023.09,JP
17778,18056,31,8542321030,278,1,JP,일본,플래시 메모리,2023.09,JP
-327715,29409,25,8542321090,357124,354,JP,일본,기타,2023.09,JP
27246797,28372420,1580,8542323000,1125623,81,JP,일본,복합구조칩 집적회로,2023.09,JP
982237,982938,104,8542324000,701,1,JP,일본,복합부품 집적회로(MCOs),2023.09,JP
3318783,3542271,483,8542321010,223488,101,JP,일본,디램,2023.10,JP
-133053,6588,8,8542321020,139641,1,JP,일본,에스램,2023.10,JP
35933,36786,15,8542321030,853,2,JP,일본,플래시 메모리,2023.10,JP
-436568,31181,22,8542321090,467749,333,JP,일본,기타,2023.10,JP
-10657,155,0,8542322000,10812,10,JP,일본,하이브리드 집적회로,2023.10,JP
25421951,26744178,1350,8542323000,1322227,89,JP,일본,복합구조칩 집적회로,2023.10,JP
1213400,1214869,53,8542324000,1469,2,JP,일본,복합부품 집적회로(MCOs),2023.10,JP
2644388,2767819,316,8542321010,123431,55,JP,일본,디램,2023.11,JP
-180346,0,0,8542321020,180346,3,JP,일본,에스램,2023.11,JP
2219,4293,5,8542321030,2074,11,JP,일본,플래시 메모리,2023.11,JP
-400368,1983,5,8542321090,402351,298,JP,일본,기타,2023.11,JP
21180473,22609568,1038,8542323000,1429095,197,JP,일본,복합구조칩 집적회로,2023.11,JP
1001850,1002726,86,8542324000,876,1,JP,일본,복합부품 집적회로(MCOs),2023.11,JP
3792674,4023096,681,8542321010,230422,105,JP,일본,디램,2023.12,JP
-23529,0,0,8542321020,23529,0,JP,일본,에스램,2023.12,JP
-5826,168,4,8542321030,5994,7,JP,일본,플래시 메모리,2023.12,JP
-604671,1665,6,8542321090,606336,289,JP,일본,기타,2023.12,JP
40451999,41465844,2293,8542323000,1013845,50,JP,일본,복합구조칩 집적회로,2023.12,JP
1213447,1214070,50,8542324000,623,2,JP,일본,복합부품 집적회로(MCOs),2023.12,JP
13467565,135159863,28310,-,121692298,5952,-,-,-,총계,SG
-1928624,1690307,174,8542321010,3618931,43,SG,싱가포르,디램,2023.01,SG
1056,1613,5,8542321020,557,0,SG,싱가포르,에스램,2023.01,SG
1355463,1410995,206,8542321030,55532,15,SG,싱가포르,플래시 메모리,2023.01,SG
-1609435,272758,38,8542321090,1882193,42,SG,싱가포르,기타,2023.01,SG
-104253,299027,56,8542323000,403280,60,SG,싱가포르,복합구조칩 집적회로,2023.01,SG
-927123,31443,2,8542324000,958566,37,SG,싱가포르,복합부품 집적회로(MCOs),2023.01,SG
-2704131,98536,25,8542321010,2802667,30,SG,싱가포르,디램,2023.02,SG
-125,0,0,8542321020,125,0,SG,싱가포르,에스램,2023.02,SG
632393,638063,206,8542321030,5670,1,SG,싱가포르,플래시 메모리,2023.02,SG
-1195067,36395,61,8542321090,1231462,92,SG,싱가포르,기타,2023.02,SG
-116038,247245,49,8542323000,363283,48,SG,싱가포르,복합구조칩 집적회로,2023.02,SG
-6745561,52910,5,8542324000,6798471,158,SG,싱가포르,복합부품 집적회로(MCOs),2023.02,SG
-2451326,473116,139,8542321010,2924442,701,SG,싱가포르,디램,2023.03,SG
6172,6451,19,8542321020,279,0,SG,싱가포르,에스램,2023.03,SG
507491,518874,69,8542321030,11383,29,SG,싱가포르,플래시 메모리,2023.03,SG
-2589362,94520,31,8542321090,2683882,136,SG,싱가포르,기타,2023.03,SG
20800,20800,1,8542322000,0,0,SG,싱가포르,하이브리드 집적회로,2023.03,SG
-90028,273496,29,8542323000,363524,31,SG,싱가포르,복합구조칩 집적회로,2023.03,SG
-9329370,59282,6,8542324000,9388652,269,SG,싱가포르,복합부품 집적회로(MCOs),2023.03,SG
-2116207,354181,40,8542321010,2470388,54,SG,싱가포르,디램,2023.04,SG
2888,3226,9,8542321020,338,1,SG,싱가포르,에스램,2023.04,SG
1202606,1202998,164,8542321030,392,1,SG,싱가포르,플래시 메모리,2023.04,SG
-2182817,21834,11,8542321090,2204651,100,SG,싱가포르,기타,2023.04,SG
-62252,319519,141,8542323000,381771,79,SG,싱가포르,복합구조칩 집적회로,2023.04,SG
-17193466,97024,4,8542324000,17290490,488,SG,싱가포르,복합부품 집적회로(MCOs),2023.04,SG
-987250,17375,3,8542321010,1004625,33,SG,싱가포르,디램,2023.05,SG
455118,506578,81,8542321030,51460,24,SG,싱가포르,플래시 메모리,2023.05,SG
-1309243,31170,14,8542321090,1340413,82,SG,싱가포르,기타,2023.05,SG
-259381,137217,25,8542323000,396598,37,SG,싱가포르,복합구조칩 집적회로,2023.05,SG
-2898360,201069,10,8542324000,3099429,84,SG,싱가포르,복합부품 집적회로(MCOs),2023.05,SG
-1892437,710882,658,8542321010,2603319,52,SG,싱가포르,디램,2023.06,SG
2649304,2651777,1452,8542321030,2473,4,SG,싱가포르,플래시 메모리,2023.06,SG
-1346179,69471,28,8542321090,1415650,94,SG,싱가포르,기타,2023.06,SG
3243136,3485584,482,8542323000,242448,8,SG,싱가포르,복합구조칩 집적회로,2023.06,SG
-4944546,116588,10,8542324000,5061134,94,SG,싱가포르,복합부품 집적회로(MCOs),2023.06,SG
301221,440201,347,8542321010,138980,91,SG,싱가포르,디램,2023.07,SG
1849784,1895990,175,8542321030,46206,25,SG,싱가포르,플래시 메모리,2023.07,SG
-1813271,44000,371,8542321090,1857271,117,SG,싱가포르,기타,2023.07,SG
3088742,3452395,503,8542323000,363653,31,SG,싱가포르,복합구조칩 집적회로,2023.07,SG
-4682613,132250,24,8542324000,4814863,105,SG,싱가포르,복합부품 집적회로(MCOs),2023.07,SG
3005458,3154866,1510,8542321010,149408,71,SG,싱가포르,디램,2023.08,SG
-295,0,0,8542321020,295,0,SG,싱가포르,에스램,2023.08,SG
1668010,1671581,588,8542321030,3571,7,SG,싱가포르,플래시 메모리,2023.08,SG
-1558011,46051,13,8542321090,1604062,114,SG,싱가포르,기타,2023.08,SG
5907804,6245563,436,8542323000,337759,68,SG,싱가포르,복합구조칩 집적회로,2023.08,SG
-2940098,413,1,8542324000,2940511,59,SG,싱가포르,복합부품 집적회로(MCOs),2023.08,SG
3528041,3627862,2614,8542321010,99821,47,SG,싱가포르,디램,2023.09,SG
-546,0,0,8542321020,546,0,SG,싱가포르,에스램,2023.09,SG
1903365,1903722,1428,8542321030,357,2,SG,싱가포르,플래시 메모리,2023.09,SG
-2539316,27600,222,8542321090,2566916,134,SG,싱가포르,기타,2023.09,SG
32082229,32454301,3691,8542323000,372072,91,SG,싱가포르,복합구조칩 집적회로,2023.09,SG
-1151580,114634,17,8542324000,1266214,33,SG,싱가포르,복합부품 집적회로(MCOs),2023.09,SG
5383280,5585113,2891,8542321010,201833,94,SG,싱가포르,디램,2023.10,SG
2663,2960,1,8542321020,297,0,SG,싱가포르,에스램,2023.10,SG
5521799,5522010,1399,8542321030,211,0,SG,싱가포르,플래시 메모리,2023.10,SG
-1173999,572,2,8542321090,1174571,51,SG,싱가포르,기타,2023.10,SG
8045335,8417976,619,8542323000,372641,48,SG,싱가포르,복합구조칩 집적회로,2023.10,SG
-1469537,93430,4,8542324000,1562967,58,SG,싱가포르,복합부품 집적회로(MCOs),2023.10,SG
986115,1213027,397,8542321010,226912,71,SG,싱가포르,디램,2023.11,SG
2831617,2835734,1583,8542321030,4117,1,SG,싱가포르,플래시 메모리,2023.11,SG
-2888759,3500,6,8542321090,2892259,206,SG,싱가포르,기타,2023.11,SG
810794,1113867,326,8542323000,303073,11,SG,싱가포르,복합구조칩 집적회로,2023.11,SG
-5417996,128180,8,8542324000,5546176,229,SG,싱가포르,복합부품 집적회로(MCOs),2023.11,SG
28213937,28621152,3288,8542321010,407215,141,SG,싱가포르,디램,2023.12,SG
-13000,0,0,8542321020,13000,2,SG,싱가포르,에스램,2023.12,SG
7043219,7062070,1190,8542321030,18851,27,SG,싱가포르,플래시 메모리,2023.12,SG
-9031713,18265,262,8542321090,9049978,797,SG,싱가포르,기타,2023.12,SG
1987564,3038630,131,8542323000,1051066,35,SG,싱가포르,복합구조칩 집적회로,2023.12,SG
-11106524,139624,11,8542324000,11246148,256,SG,싱가포르,복합부품 집적회로(MCOs),2023.12,SG
364479676,447586851,20324,-,83107175,6619,-,-,-,총계,MY
570975,579232,70,8542321010,8257,3,MY,말레이시아,디램,2023.01,MY
-49979,0,0,8542321020,49979,68,MY,말레이시아,에스램,2023.01,MY
2222808,2340172,150,8542321030,117364,38,MY,말레이시아,플래시 메모리,2023.01,MY
-2230842,0,0,8542321090,2230842,144,MY,말레이시아,기타,2023.01,MY
12671457,13571769,1014,8542323000,900312,25,MY,말레이시아,복합구조칩 집적회로,2023.01,MY
2681324,2681324,205,8542321010,0,0,MY,말레이시아,디램,2023.02,MY
922,922,3,8542321020,0,0,MY,말레이시아,에스램,2023.02,MY
3450357,3933514,215,8542321030,483157,117,MY,말레이시아,플래시 메모리,2023.02,MY
-12348491,0,0,8542321090,12348491,1006,MY,말레이시아,기타,2023.02,MY
-82186,0,0,8542322000,82186,50,MY,말레이시아,하이브리드 집적회로,2023.02,MY
11517335,13289948,934,8542323000,1772613,50,MY,말레이시아,복합구조칩 집적회로,2023.02,MY
-3841024,175709,5,8542324000,4016733,105,MY,말레이시아,복합부품 집적회로(MCOs),2023.02,MY
2512664,2512693,289,8542321010,29,1,MY,말레이시아,디램,2023.03,MY
-699,922,3,8542321020,1621,0,MY,말레이시아,에스램,2023.03,MY
1732833,2120925,150,8542321030,388092,100,MY,말레이시아,플래시 메모리,2023.03,MY
-9680974,0,0,8542321090,9680974,1072,MY,말레이시아,기타,2023.03,MY
9493194,11307841,774,8542323000,1814647,54,MY,말레이시아,복합구조칩 집적회로,2023.03,MY
-136288,406000,9,8542324000,542288,13,MY,말레이시아,복합부품 집적회로(MCOs),2023.03,MY
1186273,1186273,169,8542321010,0,0,MY,말레이시아,디램,2023.04,MY
-2093,0,0,8542321020,2093,0,MY,말레이시아,에스램,2023.04,MY
2816312,3190877,267,8542321030,374565,82,MY,말레이시아,플래시 메모리,2023.04,MY
-276000,0,0,8542321090,276000,27,MY,말레이시아,기타,2023.04,MY
3695966,3718019,383,8542323000,22053,2,MY,말레이시아,복합구조칩 집적회로,2023.04,MY
-2501457,0,0,8542324000,2501457,74,MY,말레이시아,복합부품 집적회로(MCOs),2023.04,MY
3812121,3823851,507,8542321010,11730,8,MY,말레이시아,디램,2023.05,MY
-11833,0,0,8542321020,11833,2,MY,말레이시아,에스램,2023.05,MY
4326612,4545841,426,8542321030,219229,52,MY,말레이시아,플래시 메모리,2023.05,MY
-11741696,0,0,8542321090,11741696,873,MY,말레이시아,기타,2023.05,MY
6168886,6190569,587,8542323000,21683,3,MY,말레이시아,복합구조칩 집적회로,2023.05,MY
-3755061,630796,10,8542324000,4385857,137,MY,말레이시아,복합부품 집적회로(MCOs),2023.05,MY
2697337,2697337,361,8542321010,0,0,MY,말레이시아,디램,2023.06,MY
-13907,0,0,8542321020,13907,1,MY,말레이시아,에스램,2023.06,MY
4964340,5317251,526,8542321030,352911,101,MY,말레이시아,플래시 메모리,2023.06,MY
-520383,0,0,8542321090,520383,33,MY,말레이시아,기타,2023.06,MY
5249853,5271557,534,8542323000,21704,1,MY,말레이시아,복합구조칩 집적회로,2023.06,MY
125383,742976,11,8542324000,617593,20,MY,말레이시아,복합부품 집적회로(MCOs),2023.06,MY
1658250,1658863,347,8542321010,613,0,MY,말레이시아,디램,2023.07,MY
-11216,0,0,8542321020,11216,4,MY,말레이시아,에스램,2023.07,MY
2409655,2581804,373,8542321030,172149,36,MY,말레이시아,플래시 메모리,2023.07,MY
-3916328,0,0,8542321090,3916328,442,MY,말레이시아,기타,2023.07,MY
12285092,12285302,776,8542323000,210,0,MY,말레이시아,복합구조칩 집적회로,2023.07,MY
65521,65521,1,8542324000,0,0,MY,말레이시아,복합부품 집적회로(MCOs),2023.07,MY
2958009,2958037,431,8542321010,28,1,MY,말레이시아,디램,2023.08,MY
-8632,0,0,8542321020,8632,1,MY,말레이시아,에스램,2023.08,MY
3352909,3638328,877,8542321030,285419,61,MY,말레이시아,플래시 메모리,2023.08,MY
-4988226,0,0,8542321090,4988226,182,MY,말레이시아,기타,2023.08,MY
14660728,14697062,1214,8542323000,36334,4,MY,말레이시아,복합구조칩 집적회로,2023.08,MY
-1129557,774781,10,8542324000,1904338,65,MY,말레이시아,복합부품 집적회로(MCOs),2023.08,MY
2725590,2727840,488,8542321010,2250,1,MY,말레이시아,디램,2023.09,MY
-9543,0,0,8542321020,9543,9,MY,말레이시아,에스램,2023.09,MY
3089225,3418140,855,8542321030,328915,47,MY,말레이시아,플래시 메모리,2023.09,MY
-1400311,1877,1,8542321090,1402188,112,MY,말레이시아,기타,2023.09,MY
10976369,10987360,958,8542323000,10991,2,MY,말레이시아,복합구조칩 집적회로,2023.09,MY
-306192,74617,3,8542324000,380809,13,MY,말레이시아,복합부품 집적회로(MCOs),2023.09,MY
2756011,2756011,689,8542321010,0,0,MY,말레이시아,디램,2023.10,MY
-9943,0,0,8542321020,9943,1,MY,말레이시아,에스램,2023.10,MY
2684653,3129107,687,8542321030,444454,82,MY,말레이시아,플래시 메모리,2023.10,MY
-2156121,65,0,8542321090,2156186,202,MY,말레이시아,기타,2023.10,MY
89302455,89349315,861,8542323000,46860,5,MY,말레이시아,복합구조칩 집적회로,2023.10,MY
103798,107348,2,8542324000,3550,5,MY,말레이시아,복합부품 집적회로(MCOs),2023.10,MY
2126515,2126515,248,8542321010,0,0,MY,말레이시아,디램,2023.11,MY
-6964,0,0,8542321020,6964,3,MY,말레이시아,에스램,2023.11,MY
3244946,4053420,837,8542321030,808474,118,MY,말레이시아,플래시 메모리,2023.11,MY
-551304,0,0,8542321090,551304,132,MY,말레이시아,기타,2023.11,MY
113863602,114081370,1085,8542323000,217768,10,MY,말레이시아,복합구조칩 집적회로,2023.11,MY
-5533101,752725,9,8542324000,6285826,181,MY,말레이시아,복합부품 집적회로(MCOs),2023.11,MY
1493607,1539050,332,8542321010,45443,8,MY,말레이시아,디램,2023.12,MY
-27246,0,0,8542321020,27246,24,MY,말레이시아,에스램,2023.12,MY
5138587,5454539,943,8542321030,315952,45,MY,말레이시아,플래시 메모리,2023.12,MY
-2252776,0,0,8542321090,2252776,537,MY,말레이시아,기타,2023.12,MY
78099227,78131536,693,8542323000,32309,6,MY,말레이시아,복합구조칩 집적회로,2023.12,MY
-911652,0,0,8542324000,911652,16,MY,말레이시아,복합부품 집적회로(MCOs),2023.12,MY
747273962,759168953,147875,-,11894991,4381,-,-,-,총계,PH
57950201,58017861,28601,8542321010,67660,8,PH,필리핀,디램,2023.01,PH
-551,0,0,8542321020,551,1,PH,필리핀,에스램,2023.01,PH
2883319,2959723,475,8542321030,76404,21,PH,필리핀,플래시 메모리,2023.01,PH
-124604,0,0,8542321090,124604,53,PH,필리핀,기타,2023.01,PH
305307,305307,29,8542323000,0,0,PH,필리핀,복합구조칩 집적회로,2023.01,PH
59212988,59553341,22586,8542321010,340353,48,PH,필리핀,디램,2023.02,PH
-18269,0,0,8542321020,18269,18,PH,필리핀,에스램,2023.02,PH
4464037,4512853,479,8542321030,48816,21,PH,필리핀,플래시 메모리,2023.02,PH
-266578,2,0,8542321090,266580,95,PH,필리핀,기타,2023.02,PH
-31553,0,0,8542323000,31553,1,PH,필리핀,복합구조칩 집적회로,2023.02,PH
-16800,0,0,8542324000,16800,1,PH,필리핀,복합부품 집적회로(MCOs),2023.02,PH
76127878,78709216,9219,8542321010,2581338,388,PH,필리핀,디램,2023.03,PH
-127257,0,0,8542321020,127257,86,PH,필리핀,에스램,2023.03,PH
5782866,5849027,1018,8542321030,66161,17,PH,필리핀,플래시 메모리,2023.03,PH
-343551,0,0,8542321090,343551,205,PH,필리핀,기타,2023.03,PH
7,7,1,8542323000,0,0,PH,필리핀,복합구조칩 집적회로,2023.03,PH
79258864,79651859,10629,8542321010,392995,81,PH,필리핀,디램,2023.04,PH
-33883,0,0,8542321020,33883,33,PH,필리핀,에스램,2023.04,PH
4899183,4909615,1014,8542321030,10432,6,PH,필리핀,플래시 메모리,2023.04,PH
-215564,0,0,8542321090,215564,202,PH,필리핀,기타,2023.04,PH
56472,56472,3,8542323000,0,0,PH,필리핀,복합구조칩 집적회로,2023.04,PH
-14,0,0,8542324000,14,0,PH,필리핀,복합부품 집적회로(MCOs),2023.04,PH
79411352,79488961,22468,8542321010,77609,28,PH,필리핀,디램,2023.05,PH
-47593,0,0,8542321020,47593,28,PH,필리핀,에스램,2023.05,PH
7517720,7708043,924,8542321030,190323,163,PH,필리핀,플래시 메모리,2023.05,PH
-391896,24224,2,8542321090,416120,203,PH,필리핀,기타,2023.05,PH
1,1,0,8542323000,0,0,PH,필리핀,복합구조칩 집적회로,2023.05,PH
28606856,28913049,8641,8542321010,306193,52,PH,필리핀,디램,2023.06,PH
-9347,0,0,8542321020,9347,10,PH,필리핀,에스램,2023.06,PH
6110648,6141909,813,8542321030,31261,12,PH,필리핀,플래시 메모리,2023.06,PH
-162854,0,0,8542321090,162854,110,PH,필리핀,기타,2023.06,PH
-361,0,0,8542323000,361,0,PH,필리핀,복합구조칩 집적회로,2023.06,PH
43954753,44057385,4774,8542321010,102632,27,PH,필리핀,디램,2023.07,PH
-11793,0,0,8542321020,11793,11,PH,필리핀,에스램,2023.07,PH
4560735,4584129,721,8542321030,23394,4,PH,필리핀,플래시 메모리,2023.07,PH
-257550,0,0,8542321090,257550,146,PH,필리핀,기타,2023.07,PH
-121992,0,0,8542323000,121992,42,PH,필리핀,복합구조칩 집적회로,2023.07,PH
-15,0,0,8542324000,15,0,PH,필리핀,복합부품 집적회로(MCOs),2023.07,PH
92140663,92198395,12217,8542321010,57732,43,PH,필리핀,디램,2023.08,PH
-27457,0,0,8542321020,27457,28,PH,필리핀,에스램,2023.08,PH
1526593,1595448,287,8542321030,68855,15,PH,필리핀,플래시 메모리,2023.08,PH
-321422,0,0,8542321090,321422,305,PH,필리핀,기타,2023.08,PH
-4556,0,0,8542323000,4556,0,PH,필리핀,복합구조칩 집적회로,2023.08,PH
37975266,39127745,5565,8542321010,1152479,156,PH,필리핀,디램,2023.09,PH
-27015,0,0,8542321020,27015,24,PH,필리핀,에스램,2023.09,PH
5039012,5058633,702,8542321030,19621,7,PH,필리핀,플래시 메모리,2023.09,PH
-275218,0,0,8542321090,275218,232,PH,필리핀,기타,2023.09,PH
-211774,0,0,8542323000,211774,7,PH,필리핀,복합구조칩 집적회로,2023.09,PH
46960383,46982914,4806,8542321010,22531,6,PH,필리핀,디램,2023.10,PH
-1996,0,0,8542321020,1996,2,PH,필리핀,에스램,2023.10,PH
4219082,4288603,534,8542321030,69521,23,PH,필리핀,플래시 메모리,2023.10,PH
-620928,0,0,8542321090,620928,299,PH,필리핀,기타,2023.10,PH
181702,204256,18,8542323000,22554,0,PH,필리핀,복합구조칩 집적회로,2023.10,PH
50367177,50426076,5223,8542321010,58899,46,PH,필리핀,디램,2023.11,PH
-30286,0,0,8542321020,30286,3,PH,필리핀,에스램,2023.11,PH
2203154,2280009,334,8542321030,76855,27,PH,필리핀,플래시 메모리,2023.11,PH
-236113,32389,29,8542321090,268502,123,PH,필리핀,기타,2023.11,PH
62848,62848,6,8542323000,0,0,PH,필리핀,복합구조칩 집적회로,2023.11,PH
49098808,50614703,5533,8542321010,1515895,608,PH,필리핀,디램,2023.12,PH
-14234,0,0,8542321020,14234,13,PH,필리핀,에스램,2023.12,PH
685488,731137,212,8542321030,45649,14,PH,필리핀,플래시 메모리,2023.12,PH
-458480,0,0,8542321090,458480,281,PH,필리핀,기타,2023.12,PH
122813,122813,11,8542323000,0,0,PH,필리핀,복합구조칩 집적회로,2023.12,PH
-710,0,0,8542324000,710,0,PH,필리핀,복합부품 집적회로(MCOs),2023.12,PH
9998467388,25815681558,1170269,-,15817214170,864679,-,-,-,총계,CN
501979244,960241372,58223,8542321010,458262128,39968,CN,중국,디램,2024.01,CN
-2033,0,0,8542321020,2033,1,CN,중국,에스램,2024.01,CN
480077900,729141715,34783,8542321030,249063815,12225,CN,중국,플래시 메모리,2024.01,CN
-8513440,1727414,966,8542321090,10240854,3051,CN,중국,기타,2024.01,CN
-157704,7090,26,8542322000,164794,99,CN,중국,하이브리드 집적회로,2024.01,CN
-152504627,212644626,13268,8542323000,365149253,9009,CN,중국,복합구조칩 집적회로,2024.01,CN
-23246354,7706644,291,8542324000,30952998,608,CN,중국,복합부품 집적회로(MCOs),2024.01,CN
636542885,1067413367,51687,8542321010,430870482,41081,CN,중국,디램,2024.02,CN
-622,0,0,8542321020,622,0,CN,중국,에스램,2024.02,CN
434910758,779758836,34404,8542321030,344848078,18483,CN,중국,플래시 메모리,2024.02,CN
-6432752,1003672,541,8542321090,7436424,2052,CN,중국,기타,2024.02,CN
-39,7482,26,8542322000,7521,13,CN,중국,하이브리드 집적회로,2024.02,CN
-187761377,332485934,15916,8542323000,520247311,9048,CN,중국,복합구조칩 집적회로,2024.02,CN
-4795173,10009856,270,8542324000,14805029,417,CN,중국,복합부품 집적회로(MCOs),2024.02,CN
649786688,1106145272,53751,8542321010,456358584,55272,CN,중국,디램,2024.03,CN
-152578,0,0,8542321020,152578,111,CN,중국,에스램,2024.03,CN
309615139,662472570,29405,8542321030,352857431,20699,CN,중국,플래시 메모리,2024.03,CN
-8675536,1116454,677,8542321090,9791990,2988,CN,중국,기타,2024.03,CN
-59448,0,0,8542322000,59448,219,CN,중국,하이브리드 집적회로,2024.03,CN
-276155165,323153813,15892,8542323000,599308978,9825,CN,중국,복합구조칩 집적회로,2024.03,CN
-3790660,30474993,649,8542324000,34265653,1797,CN,중국,복합부품 집적회로(MCOs),2024.03,CN
625312776,1062111404,51583,8542321010,436798628,39647,CN,중국,디램,2024.04,CN
-100802,1388,3,8542321020,102190,112,CN,중국,에스램,2024.04,CN
263799110,518270639,23426,8542321030,254471529,14194,CN,중국,플래시 메모리,2024.04,CN
-10272984,1247173,605,8542321090,11520157,2959,CN,중국,기타,2024.04,CN
-34064,0,0,8542322000,34064,186,CN,중국,하이브리드 집적회로,2024.04,CN
-241093644,344337251,16651,8542323000,585430895,10009,CN,중국,복합구조칩 집적회로,2024.04,CN
-14220954,19759523,425,8542324000,33980477,1001,CN,중국,복합부품 집적회로(MCOs),2024.04,CN
731395496,1205526590,57260,8542321010,474131094,43581,CN,중국,디램,2024.05,CN
-76443,120,2,8542321020,76563,30,CN,중국,에스램,2024.05,CN
378138426,595479232,25670,8542321030,217340806,12732,CN,중국,플래시 메모리,2024.05,CN
-7174284,1976170,847,8542321090,9150454,2395,CN,중국,기타,2024.05,CN
-94246,14842,48,8542322000,109088,188,CN,중국,하이브리드 집적회로,2024.05,CN
-31547241,561963305,25862,8542323000,593510546,9599,CN,중국,복합구조칩 집적회로,2024.05,CN
33523412,38992672,875,8542324000,5469260,180,CN,중국,복합부품 집적회로(MCOs),2024.05,CN
670546372,1178708609,51794,8542321010,508162237,33054,CN,중국,디램,2024.06,CN
-123454,0,0,8542321020,123454,174,CN,중국,에스램,2024.06,CN
400479359,557007952,25186,8542321030,156528593,11490,CN,중국,플래시 메모리,2024.06,CN
-4016377,2736509,1003,8542321090,6752886,2575,CN,중국,기타,2024.06,CN
-15590,0,0,8542322000,15590,31,CN,중국,하이브리드 집적회로,2024.06,CN
189250153,750559616,50290,8542323000,561309463,90309,CN,중국,복합구조칩 집적회로,2024.06,CN
39231904,39646274,1145,8542324000,414370,69,CN,중국,복합부품 집적회로(MCOs),2024.06,CN
903698359,1408018959,53595,8542321010,504320600,29291,CN,중국,디램,2024.07,CN
-167530,0,0,8542321020,167530,103,CN,중국,에스램,2024.07,CN
304630546,447065967,21350,8542321030,142435421,6975,CN,중국,플래시 메모리,2024.07,CN
-12108068,881023,556,8542321090,12989091,4353,CN,중국,기타,2024.07,CN
-7721,658,10,8542322000,8379,4,CN,중국,하이브리드 집적회로,2024.07,CN
-192163230,461527399,20094,8542323000,653690629,10382,CN,중국,복합구조칩 집적회로,2024.07,CN
-23465620,3427658,186,8542324000,26893278,271,CN,중국,복합부품 집적회로(MCOs),2024.07,CN
731149209,1251807035,46867,8542321010,520657826,42217,CN,중국,디램,2024.08,CN
-14943,67212,12,8542321020,82155,76,CN,중국,에스램,2024.08,CN
170981911,314615647,14738,8542321030,143633736,7356,CN,중국,플래시 메모리,2024.08,CN
-11087546,1513379,442,8542321090,12600925,3652,CN,중국,기타,2024.08,CN
-14217,0,0,8542322000,14217,6,CN,중국,하이브리드 집적회로,2024.08,CN
-109177889,422254196,18345,8542323000,531432085,9324,CN,중국,복합구조칩 집적회로,2024.08,CN
-44197474,6797471,331,8542324000,50994945,660,CN,중국,복합부품 집적회로(MCOs),2024.08,CN
658174206,1181019583,57008,8542321010,522845377,42446,CN,중국,디램,2024.09,CN
-18624,62096,9,8542321020,80720,114,CN,중국,에스램,2024.09,CN
355133046,487381085,18820,8542321030,132248039,6570,CN,중국,플래시 메모리,2024.09,CN
-9863340,647281,423,8542321090,10510621,2941,CN,중국,기타,2024.09,CN
-14289,0,0,8542322000,14289,6,CN,중국,하이브리드 집적회로,2024.09,CN
97879563,548104579,22371,8542323000,450225016,7760,CN,중국,복합구조칩 집적회로,2024.09,CN
-53885722,13241726,348,8542324000,67127448,1151,CN,중국,복합부품 집적회로(MCOs),2024.09,CN
692911680,1346690308,52312,8542321010,653778628,43199,CN,중국,디램,2024.10,CN
-150613,0,0,8542321020,150613,141,CN,중국,에스램,2024.10,CN
266225287,371012644,18383,8542321030,104787357,4622,CN,중국,플래시 메모리,2024.10,CN
-12554917,957781,437,8542321090,13512698,3692,CN,중국,기타,2024.10,CN
-70279,3545,15,8542322000,73824,58,CN,중국,하이브리드 집적회로,2024.10,CN
-234092929,297998640,10265,8542323000,532091569,9205,CN,중국,복합구조칩 집적회로,2024.10,CN
-30663921,459405,190,8542324000,31123326,518,CN,중국,복합부품 집적회로(MCOs),2024.10,CN
681576633,1264333807,47099,8542321010,582757174,39178,CN,중국,디램,2024.11,CN
-77375,23993,10,8542321020,101368,81,CN,중국,에스램,2024.11,CN
315375525,401922854,21518,8542321030,86547329,3911,CN,중국,플래시 메모리,2024.11,CN
-9437712,967097,419,8542321090,10404809,2737,CN,중국,기타,2024.11,CN
6170,7369,25,8542322000,1199,5,CN,중국,하이브리드 집적회로,2024.11,CN
-170287918,369549299,13817,8542323000,539837217,10521,CN,중국,복합구조칩 집적회로,2024.11,CN
-120270975,24196092,372,8542324000,144467067,1577,CN,중국,복합부품 집적회로(MCOs),2024.11,CN
606320234,1345494688,54530,8542321010,739174454,49227,CN,중국,디램,2024.12,CN
-10814,41969,13,8542321020,52783,64,CN,중국,에스램,2024.12,CN
241851191,326067547,15703,8542321030,84216356,4396,CN,중국,플래시 메모리,2024.12,CN
-6306161,1273291,626,8542321090,7579452,2501,CN,중국,기타,2024.12,CN
78214,110535,4,8542322000,32321,3,CN,중국,하이브리드 집적회로,2024.12,CN
-124328206,410437886,15315,8542323000,534766092,8795,CN,중국,복합구조칩 집적회로,2024.12,CN
-226658384,1849475,262,8542324000,228507859,3107,CN,중국,복합부품 집적회로(MCOs),2024.12,CN
12235608801,14460368519,296852,-,2224759718,122276,-,-,-,총계,TW
55702768,59341871,11064,8542321010,3639103,2460,TW,대만,디램,2024.01,TW
-107559,8692,23,8542321020,116251,30,TW,대만,에스램,2024.01,TW
23903290,29482260,5024,8542321030,5578970,4325,TW,대만,플래시 메모리,2024.01,TW
-18524338,41972,17,8542321090,18566310,1639,TW,대만,기타,2024.01,TW
187564538,268512368,5403,8542323000,80947830,1083,TW,대만,복합구조칩 집적회로,2024.01,TW
-6214556,338510,60,8542324000,6553066,133,TW,대만,복합부품 집적회로(MCOs),2024.01,TW
53191658,56267301,10541,8542321010,3075643,1804,TW,대만,디램,2024.02,TW
-182387,2534,8,8542321020,184921,112,TW,대만,에스램,2024.02,TW
21985062,26025865,4142,8542321030,4040803,4666,TW,대만,플래시 메모리,2024.02,TW
-8468392,93391,40,8542321090,8561783,1185,TW,대만,기타,2024.02,TW
-22740,0,0,8542322000,22740,29,TW,대만,하이브리드 집적회로,2024.02,TW
82695890,184996631,4944,8542323000,102300741,1829,TW,대만,복합구조칩 집적회로,2024.02,TW
-17197027,554488,98,8542324000,17751515,422,TW,대만,복합부품 집적회로(MCOs),2024.02,TW
76675078,80242967,10196,8542321010,3567889,1117,TW,대만,디램,2024.03,TW
-363109,11100,7,8542321020,374209,63,TW,대만,에스램,2024.03,TW
35606697,41058513,6048,8542321030,5451816,4514,TW,대만,플래시 메모리,2024.03,TW
-1484927,4201,3,8542321090,1489128,632,TW,대만,기타,2024.03,TW
-34301,0,0,8542322000,34301,40,TW,대만,하이브리드 집적회로,2024.03,TW
234812300,322456313,7127,8542323000,87644013,1661,TW,대만,복합구조칩 집적회로,2024.03,TW
14875822,14979566,342,8542324000,103744,10,TW,대만,복합부품 집적회로(MCOs),2024.03,TW
73763950,77231234,9639,8542321010,3467284,1656,TW,대만,디램,2024.04,TW
-110582,0,0,8542321020,110582,79,TW,대만,에스램,2024.04,TW
21493015,27643288,4390,8542321030,6150273,5042,TW,대만,플래시 메모리,2024.04,TW
-13101521,36960,37,8542321090,13138481,1507,TW,대만,기타,2024.04,TW
-27774,0,0,8542322000,27774,30,TW,대만,하이브리드 집적회로,2024.04,TW
417286213,470437641,10091,8542323000,53151428,1060,TW,대만,복합구조칩 집적회로,2024.04,TW
9825836,10223855,501,8542324000,398019,7,TW,대만,복합부품 집적회로(MCOs),2024.04,TW
81600594,87008054,12122,8542321010,5407460,1892,TW,대만,디램,2024.05,TW
-171658,19545,2,8542321020,191203,193,TW,대만,에스램,2024.05,TW
6639797,12439758,1800,8542321030,5799961,5058,TW,대만,플래시 메모리,2024.05,TW
-3351632,3966,9,8542321090,3355598,762,TW,대만,기타,2024.05,TW
-31954,0,0,8542322000,31954,35,TW,대만,하이브리드 집적회로,2024.05,TW
639922265,812793939,10437,8542323000,172871674,3071,TW,대만,복합구조칩 집적회로,2024.05,TW
-8565718,1599638,92,8542324000,10165356,141,TW,대만,복합부품 집적회로(MCOs),2024.05,TW
86795962,100271106,10476,8542321010,13475144,2778,TW,대만,디램,2024.06,TW
-59550,32615,14,8542321020,92165,41,TW,대만,에스램,2024.06,TW
34683159,39112165,4730,8542321030,4429006,3844,TW,대만,플래시 메모리,2024.06,TW
-6260926,12500,22,8542321090,6273426,933,TW,대만,기타,2024.06,TW
-167804,0,0,8542322000,167804,118,TW,대만,하이브리드 집적회로,2024.06,TW
915251801,1054586834,11853,8542323000,139335033,2943,TW,대만,복합구조칩 집적회로,2024.06,TW
-116674,1083252,115,8542324000,1199926,37,TW,대만,복합부품 집적회로(MCOs),2024.06,TW
33534429,37906951,4968,8542321010,4372522,2443,TW,대만,디램,2024.07,TW
-59025,12102,21,8542321020,71127,48,TW,대만,에스램,2024.07,TW
1842476,7534373,1647,8542321030,5691897,4896,TW,대만,플래시 메모리,2024.07,TW
-15744644,31178,7,8542321090,15775822,1732,TW,대만,기타,2024.07,TW
-45629,0,0,8542322000,45629,48,TW,대만,하이브리드 집적회로,2024.07,TW
1114408994,1273920699,14727,8542323000,159511705,2573,TW,대만,복합구조칩 집적회로,2024.07,TW
119580,120004,15,8542324000,424,2,TW,대만,복합부품 집적회로(MCOs),2024.07,TW
38081182,40573761,6172,8542321010,2492579,1854,TW,대만,디램,2024.08,TW
-149113,31451,17,8542321020,180564,55,TW,대만,에스램,2024.08,TW
4968362,11204318,1762,8542321030,6235956,5097,TW,대만,플래시 메모리,2024.08,TW
-16347256,2033,3,8542321090,16349289,1334,TW,대만,기타,2024.08,TW
-61545,0,0,8542322000,61545,67,TW,대만,하이브리드 집적회로,2024.08,TW
1340331026,1548684027,15613,8542323000,208353001,5523,TW,대만,복합구조칩 집적회로,2024.08,TW
-27743676,121564,25,8542324000,27865240,431,TW,대만,복합부품 집적회로(MCOs),2024.08,TW
117445331,119680582,11888,8542321010,2235251,549,TW,대만,디램,2024.09,TW
-73040,22576,12,8542321020,95616,56,TW,대만,에스램,2024.09,TW
29966726,34851237,3526,8542321030,4884511,3927,TW,대만,플래시 메모리,2024.09,TW
-10467293,65836,42,8542321090,10533129,1698,TW,대만,기타,2024.09,TW
-272,0,0,8542322000,272,0,TW,대만,하이브리드 집적회로,2024.09,TW
1402726382,1633608003,13595,8542323000,230881621,4699,TW,대만,복합구조칩 집적회로,2024.09,TW
-3973311,210273,26,8542324000,4183584,56,TW,대만,복합부품 집적회로(MCOs),2024.09,TW
78607449,81383365,8632,8542321010,2775916,1101,TW,대만,디램,2024.10,TW
-270641,6229,4,8542321020,276870,97,TW,대만,에스램,2024.10,TW
16562991,20665079,2460,8542321030,4102088,3257,TW,대만,플래시 메모리,2024.10,TW
-11825677,20819,7,8542321090,11846496,1440,TW,대만,기타,2024.10,TW
-6637,0,0,8542322000,6637,4,TW,대만,하이브리드 집적회로,2024.10,TW
1599489340,1851489178,16352,8542323000,251999838,2875,TW,대만,복합구조칩 집적회로,2024.10,TW
-809325,641880,625,8542324000,1451205,20,TW,대만,복합부품 집적회로(MCOs),2024.10,TW
43432092,51716307,7039,8542321010,8284215,1818,TW,대만,디램,2024.11,TW
-200567,7832,2,8542321020,208399,110,TW,대만,에스램,2024.11,TW
9905681,14621264,2134,8542321030,4715583,3961,TW,대만,플래시 메모리,2024.11,TW
-3410310,5730,3,8542321090,3416040,939,TW,대만,기타,2024.11,TW
-178,0,0,8542322000,178,0,TW,대만,하이브리드 집적회로,2024.11,TW
1457557669,1770191702,14366,8542323000,312634033,3039,TW,대만,복합구조칩 집적회로,2024.11,TW
-6879232,106998,8,8542324000,6986230,133,TW,대만,복합부품 집적회로(MCOs),2024.11,TW
117428606,120350722,11230,8542321010,2922116,1050,TW,대만,디램,2024.12,TW
-51950,12600,3,8542321020,64550,39,TW,대만,에스램,2024.12,TW
23157673,26751168,2902,8542321030,3593495,2846,TW,대만,플래시 메모리,2024.12,TW
-7650060,10026,8,8542321090,7660086,1039,TW,대만,기타,2024.12,TW
1922266973,2034723710,15536,8542323000,112456737,2429,TW,대만,복합구조칩 집적회로,2024.12,TW
-165346,128049,58,8542324000,293395,4,TW,대만,복합부품 집적회로(MCOs),2024.12,TW
7294437498,7448646843,477047,-,154209345,11569,-,-,-,총계,VN
232250894,232354863,30731,8542321010,103969,39,VN,베트남,디램,2024.01,VN
5358,5358,0,8542321020,0,0,VN,베트남,에스램,2024.01,VN
25815196,26172849,3570,8542321030,357653,38,VN,베트남,플래시 메모리,2024.01,VN
8586078,8587806,2649,8542321090,1728,2,VN,베트남,기타,2024.01,VN
24929,24929,13,8542322000,0,0,VN,베트남,하이브리드 집적회로,2024.01,VN
197783908,198244012,6585,8542323000,460104,62,VN,베트남,복합구조칩 집적회로,2024.01,VN
6955951,6956324,348,8542324000,373,1,VN,베트남,복합부품 집적회로(MCOs),2024.01,VN
199056271,216493544,20683,8542321010,17437273,955,VN,베트남,디램,2024.02,VN
6064,6064,0,8542321020,0,0,VN,베트남,에스램,2024.02,VN
17857699,19605800,3178,8542321030,1748101,726,VN,베트남,플래시 메모리,2024.02,VN
10483450,10586343,4082,8542321090,102893,36,VN,베트남,기타,2024.02,VN
22295,22295,22,8542322000,0,0,VN,베트남,하이브리드 집적회로,2024.02,VN
167362764,169526804,3717,8542323000,2164040,478,VN,베트남,복합구조칩 집적회로,2024.02,VN
83746567,83746590,1047,8542324000,23,0,VN,베트남,복합부품 집적회로(MCOs),2024.02,VN
292739012,298647848,23814,8542321010,5908836,313,VN,베트남,디램,2024.03,VN
10614,10614,0,8542321020,0,0,VN,베트남,에스램,2024.03,VN
16651912,16654932,3314,8542321030,3020,3,VN,베트남,플래시 메모리,2024.03,VN
9124291,9189573,4114,8542321090,65282,7,VN,베트남,기타,2024.03,VN
46330,46330,23,8542322000,0,0,VN,베트남,하이브리드 집적회로,2024.03,VN
178319815,179224983,4131,8542323000,905168,30,VN,베트남,복합구조칩 집적회로,2024.03,VN
133143739,151977738,1978,8542324000,18833999,412,VN,베트남,복합부품 집적회로(MCOs),2024.03,VN
224405174,229158449,17559,8542321010,4753275,425,VN,베트남,디램,2024.04,VN
9221,9221,0,8542321020,0,0,VN,베트남,에스램,2024.04,VN
19501394,20076501,3887,8542321030,575107,426,VN,베트남,플래시 메모리,2024.04,VN
17415316,17415498,7600,8542321090,182,0,VN,베트남,기타,2024.04,VN
12799,12799,25,8542322000,0,0,VN,베트남,하이브리드 집적회로,2024.04,VN
117566910,117963692,3947,8542323000,396782,42,VN,베트남,복합구조칩 집적회로,2024.04,VN
88282138,88282578,1329,8542324000,440,1,VN,베트남,복합부품 집적회로(MCOs),2024.04,VN
243296669,252371583,17450,8542321010,9074914,660,VN,베트남,디램,2024.05,VN
9199,9199,0,8542321020,0,0,VN,베트남,에스램,2024.05,VN
20799537,20914791,3519,8542321030,115254,98,VN,베트남,플래시 메모리,2024.05,VN
19876991,19945793,6436,8542321090,68802,24,VN,베트남,기타,2024.05,VN
815,815,1,8542322000,0,0,VN,베트남,하이브리드 집적회로,2024.05,VN
130119605,130430556,4563,8542323000,310951,29,VN,베트남,복합구조칩 집적회로,2024.05,VN
124011742,124023785,2028,8542324000,12043,3,VN,베트남,복합부품 집적회로(MCOs),2024.05,VN
409453748,415635679,27475,8542321010,6181931,449,VN,베트남,디램,2024.06,VN
18085003,18183536,4847,8542321030,98533,102,VN,베트남,플래시 메모리,2024.06,VN
24923793,24932369,6734,8542321090,8576,7,VN,베트남,기타,2024.06,VN
47123,47123,27,8542322000,0,0,VN,베트남,하이브리드 집적회로,2024.06,VN
233673303,233700987,9028,8542323000,27684,3,VN,베트남,복합구조칩 집적회로,2024.06,VN
204286203,204286203,5001,8542324000,0,0,VN,베트남,복합부품 집적회로(MCOs),2024.06,VN
306290031,315591295,19998,8542321010,9301264,838,VN,베트남,디램,2024.07,VN
126,126,2,8542321020,0,0,VN,베트남,에스램,2024.07,VN
27008180,27049556,6281,8542321030,41376,9,VN,베트남,플래시 메모리,2024.07,VN
27660525,28402681,7999,8542321090,742156,114,VN,베트남,기타,2024.07,VN
3982,3987,3,8542322000,5,0,VN,베트남,하이브리드 집적회로,2024.07,VN
164756595,164770217,4777,8542323000,13622,6,VN,베트남,복합구조칩 집적회로,2024.07,VN
58482500,58482500,1337,8542324000,0,0,VN,베트남,복합부품 집적회로(MCOs),2024.07,VN
282473644,291894018,19522,8542321010,9420374,710,VN,베트남,디램,2024.08,VN
9151,9151,0,8542321020,0,0,VN,베트남,에스램,2024.08,VN
9115664,9194800,3005,8542321030,79136,91,VN,베트남,플래시 메모리,2024.08,VN
24755560,24755715,5016,8542321090,155,2,VN,베트남,기타,2024.08,VN
1711,1711,2,8542322000,0,0,VN,베트남,하이브리드 집적회로,2024.08,VN
122976721,123353217,5168,8542323000,376496,70,VN,베트남,복합구조칩 집적회로,2024.08,VN
150120753,150181336,3364,8542324000,60583,1,VN,베트남,복합부품 집적회로(MCOs),2024.08,VN
291255856,301722762,19063,8542321010,10466906,670,VN,베트남,디램,2024.09,VN
3970,3970,2,8542321020,0,0,VN,베트남,에스램,2024.09,VN
13979419,13979419,2834,8542321030,0,0,VN,베트남,플래시 메모리,2024.09,VN
23179983,23204857,6708,8542321090,24874,11,VN,베트남,기타,2024.09,VN
3120,3252,3,8542322000,132,1,VN,베트남,하이브리드 집적회로,2024.09,VN
207496933,208804621,6733,8542323000,1307688,111,VN,베트남,복합구조칩 집적회로,2024.09,VN
150571998,150572116,3005,8542324000,118,0,VN,베트남,복합부품 집적회로(MCOs),2024.09,VN
289074724,305314110,15945,8542321010,16239386,821,VN,베트남,디램,2024.10,VN
16505,16505,42,8542321020,0,0,VN,베트남,에스램,2024.10,VN
10532603,10588030,3273,8542321030,55427,68,VN,베트남,플래시 메모리,2024.10,VN
19109921,19110012,4689,8542321090,91,0,VN,베트남,기타,2024.10,VN
164736325,167091941,5829,8542323000,2355616,146,VN,베트남,복합구조칩 집적회로,2024.10,VN
102013349,102013349,2656,8542324000,0,0,VN,베트남,복합부품 집적회로(MCOs),2024.10,VN
330819638,345062561,21386,8542321010,14242923,904,VN,베트남,디램,2024.11,VN
7898,7898,6,8542321020,0,0,VN,베트남,에스램,2024.11,VN
15176353,15180130,3577,8542321030,3777,1,VN,베트남,플래시 메모리,2024.11,VN
15746861,15747241,7676,8542321090,380,1,VN,베트남,기타,2024.11,VN
3341,3341,4,8542322000,0,0,VN,베트남,하이브리드 집적회로,2024.11,VN
176420654,182491936,6279,8542323000,6071282,370,VN,베트남,복합구조칩 집적회로,2024.11,VN
186116067,186116067,3292,8542324000,0,0,VN,베트남,복합부품 집적회로(MCOs),2024.11,VN
349836559,360373553,34004,8542321010,10536994,1015,VN,베트남,디램,2024.12,VN
980,1176,0,8542321020,196,0,VN,베트남,에스램,2024.12,VN
23964120,24465029,4118,8542321030,500909,101,VN,베트남,플래시 메모리,2024.12,VN
21108935,21185891,7057,8542321090,76956,27,VN,베트남,기타,2024.12,VN
-19758,20,0,8542322000,19778,8,VN,베트남,하이브리드 집적회로,2024.12,VN
124136005,126688269,4459,8542323000,2552264,102,VN,베트남,복합구조칩 집적회로,2024.12,VN
129720176,129721721,2473,8542324000,1545,1,VN,베트남,복합부품 집적회로(MCOs),2024.12,VN
295786364,305417685,15687,-,9631321,2813,-,-,-,총계,US
4239995,4364264,552,8542321010,124269,34,US,미국,디램,2024.01,US
-1946,315,0,8542321020,2261,2,US,미국,에스램,2024.01,US
44951,134495,15,8542321030,89544,33,US,미국,플래시 메모리,2024.01,US
286707,480796,310,8542321090,194089,31,US,미국,기타,2024.01,US
15064853,15076038,616,8542323000,11185,3,US,미국,복합구조칩 집적회로,2024.01,US
655697,657573,24,8542324000,1876,2,US,미국,복합부품 집적회로(MCOs),2024.01,US
3164038,3235672,570,8542321010,71634,32,US,미국,디램,2024.02,US
-537,0,0,8542321020,537,0,US,미국,에스램,2024.02,US
303844,383475,32,8542321030,79631,67,US,미국,플래시 메모리,2024.02,US
92377,196348,417,8542321090,103971,51,US,미국,기타,2024.02,US
14932289,14958705,650,8542323000,26416,22,US,미국,복합구조칩 집적회로,2024.02,US
724263,724608,19,8542324000,345,1,US,미국,복합부품 집적회로(MCOs),2024.02,US
2304666,2409577,363,8542321010,104911,35,US,미국,디램,2024.03,US
-562,0,0,8542321020,562,1,US,미국,에스램,2024.03,US
-374586,54993,9,8542321030,429579,366,US,미국,플래시 메모리,2024.03,US
39628,113628,366,8542321090,74000,55,US,미국,기타,2024.03,US
-12349,0,0,8542322000,12349,3,US,미국,하이브리드 집적회로,2024.03,US
18263368,18382435,629,8542323000,119067,15,US,미국,복합구조칩 집적회로,2024.03,US
1798010,1798217,52,8542324000,207,1,US,미국,복합부품 집적회로(MCOs),2024.03,US
2308085,2345066,209,8542321010,36981,105,US,미국,디램,2024.04,US
-28015,0,0,8542321020,28015,3,US,미국,에스램,2024.04,US
-116822,54749,8,8542321030,171571,87,US,미국,플래시 메모리,2024.04,US
-158280,384969,286,8542321090,543249,61,US,미국,기타,2024.04,US
10308673,10310511,313,8542323000,1838,4,US,미국,복합구조칩 집적회로,2024.04,US
699672,700437,24,8542324000,765,4,US,미국,복합부품 집적회로(MCOs),2024.04,US
2081427,2307045,247,8542321010,225618,132,US,미국,디램,2024.05,US
-1812,0,0,8542321020,1812,1,US,미국,에스램,2024.05,US
-43154,29888,2,8542321030,73042,103,US,미국,플래시 메모리,2024.05,US
-7980,126538,87,8542321090,134518,17,US,미국,기타,2024.05,US
-12859,0,0,8542322000,12859,1,US,미국,하이브리드 집적회로,2024.05,US
14595286,14596663,972,8542323000,1377,6,US,미국,복합구조칩 집적회로,2024.05,US
1923670,1924923,57,8542324000,1253,3,US,미국,복합부품 집적회로(MCOs),2024.05,US
3166915,3610302,466,8542321010,443387,83,US,미국,디램,2024.06,US
-119,0,0,8542321020,119,0,US,미국,에스램,2024.06,US
189422,219163,12,8542321030,29741,21,US,미국,플래시 메모리,2024.06,US
-812740,51335,335,8542321090,864075,45,US,미국,기타,2024.06,US
27187338,27205897,883,8542323000,18559,27,US,미국,복합구조칩 집적회로,2024.06,US
2351121,2360898,61,8542324000,9777,37,US,미국,복합부품 집적회로(MCOs),2024.06,US
2619401,2678924,375,8542321010,59523,50,US,미국,디램,2024.07,US
-3331,0,0,8542321020,3331,3,US,미국,에스램,2024.07,US
33511,67912,12,8542321030,34401,24,US,미국,플래시 메모리,2024.07,US
-21742,154787,22,8542321090,176529,29,US,미국,기타,2024.07,US
23847933,24065371,519,8542323000,217438,23,US,미국,복합구조칩 집적회로,2024.07,US
1096459,1107150,32,8542324000,10691,21,US,미국,복합부품 집적회로(MCOs),2024.07,US
3562755,3874511,645,8542321010,311756,86,US,미국,디램,2024.08,US
-10911,11978,3,8542321020,22889,1,US,미국,에스램,2024.08,US
114311,143059,12,8542321030,28748,23,US,미국,플래시 메모리,2024.08,US
-586283,57517,285,8542321090,643800,77,US,미국,기타,2024.08,US
-10720,0,0,8542322000,10720,1,US,미국,하이브리드 집적회로,2024.08,US
11742209,11747241,734,8542323000,5032,39,US,미국,복합구조칩 집적회로,2024.08,US
1134142,1137864,27,8542324000,3722,6,US,미국,복합부품 집적회로(MCOs),2024.08,US
4824610,4832219,631,8542321010,7609,4,US,미국,디램,2024.09,US
-72550,0,0,8542321020,72550,1,US,미국,에스램,2024.09,US
141576,172524,21,8542321030,30948,6,US,미국,플래시 메모리,2024.09,US
-1196835,28101,190,8542321090,1224936,227,US,미국,기타,2024.09,US
27434710,27436485,588,8542323000,1775,4,US,미국,복합구조칩 집적회로,2024.09,US
1338259,1344222,37,8542324000,5963,19,US,미국,복합부품 집적회로(MCOs),2024.09,US
3052682,3074810,446,8542321010,22128,7,US,미국,디램,2024.10,US
-77,0,0,8542321020,77,0,US,미국,에스램,2024.10,US
43020,102356,8,8542321030,59336,39,US,미국,플래시 메모리,2024.10,US
-489047,93799,5,8542321090,582846,162,US,미국,기타,2024.10,US
-3951,10643,1,8542322000,14594,1,US,미국,하이브리드 집적회로,2024.10,US
4726069,4727543,273,8542323000,1474,1,US,미국,복합구조칩 집적회로,2024.10,US
1233096,1239650,33,8542324000,6554,13,US,미국,복합부품 집적회로(MCOs),2024.10,US
3219750,3787424,339,8542321010,567674,121,US,미국,디램,2024.11,US
16825,17238,1,8542321020,413,1,US,미국,에스램,2024.11,US
20941,189566,32,8542321030,168625,23,US,미국,플래시 메모리,2024.11,US
-220255,10540,2,8542321090,230795,47,US,미국,기타,2024.11,US
-46552,0,0,8542322000,46552,1,US,미국,하이브리드 집적회로,2024.11,US
58821293,58969407,444,8542323000,148114,25,US,미국,복합구조칩 집적회로,2024.11,US
658332,680242,19,8542324000,21910,17,US,미국,복합부품 집적회로(MCOs),2024.11,US
4884858,4890974,777,8542321010,6116,3,US,미국,디램,2024.12,US
554189,595015,38,8542321030,40826,96,US,미국,플래시 메모리,2024.12,US
-575894,24917,17,8542321090,600811,98,US,미국,기타,2024.12,US
17940165,18039673,501,8542323000,99508,16,US,미국,복합구조칩 집적회로,2024.12,US
808882,904500,28,8542324000,95618,11,US,미국,복합부품 집적회로(MCOs),2024.12,US
17548411808,18327359715,929811,-,778947907,28806,-,-,-,총계,HK
53844588,54842121,15505,8542321010,997533,446,HK,홍콩,디램,2024.01,HK
498832,558170,325,8542321020,59338,121,HK,홍콩,에스램,2024.01,HK
50169331,50493175,14647,8542321030,323844,118,HK,홍콩,플래시 메모리,2024.01,HK
7179150,7709895,1343,8542321090,530745,503,HK,홍콩,기타,2024.01,HK
335072,335072,9,8542322000,0,0,HK,홍콩,하이브리드 집적회로,2024.01,HK
1056851786,1154344577,35727,8542323000,97492791,1048,HK,홍콩,복합구조칩 집적회로,2024.01,HK
234248056,234254858,5776,8542324000,6802,23,HK,홍콩,복합부품 집적회로(MCOs),2024.01,HK
63816729,64119469,22025,8542321010,302740,29,HK,홍콩,디램,2024.02,HK
86257,86257,174,8542321020,0,0,HK,홍콩,에스램,2024.02,HK
35420701,36933920,9225,8542321030,1513219,689,HK,홍콩,플래시 메모리,2024.02,HK
1407638,1615395,998,8542321090,207757,251,HK,홍콩,기타,2024.02,HK
247986,250729,40,8542322000,2743,3,HK,홍콩,하이브리드 집적회로,2024.02,HK
1229594849,1321258833,48460,8542323000,91663984,1045,HK,홍콩,복합구조칩 집적회로,2024.02,HK
279055335,279059099,6285,8542324000,3764,7,HK,홍콩,복합부품 집적회로(MCOs),2024.02,HK
57581195,59980801,16090,8542321010,2399606,2000,HK,홍콩,디램,2024.03,HK
181908,181908,176,8542321020,0,0,HK,홍콩,에스램,2024.03,HK
74168155,75419266,10991,8542321030,1251111,482,HK,홍콩,플래시 메모리,2024.03,HK
1832839,1870225,1808,8542321090,37386,44,HK,홍콩,기타,2024.03,HK
199725,199725,46,8542322000,0,0,HK,홍콩,하이브리드 집적회로,2024.03,HK
1512961254,1654797985,50073,8542323000,141836731,1468,HK,홍콩,복합구조칩 집적회로,2024.03,HK
288964428,288971177,5411,8542324000,6749,19,HK,홍콩,복합부품 집적회로(MCOs),2024.03,HK
78563306,79738685,14328,8542321010,1175379,772,HK,홍콩,디램,2024.04,HK
137011,137087,200,8542321020,76,0,HK,홍콩,에스램,2024.04,HK
27439937,27611301,6354,8542321030,171364,120,HK,홍콩,플래시 메모리,2024.04,HK
2668344,2768367,1815,8542321090,100023,187,HK,홍콩,기타,2024.04,HK
50616,53888,33,8542322000,3272,2,HK,홍콩,하이브리드 집적회로,2024.04,HK
857265562,1067533537,44463,8542323000,210267975,2598,HK,홍콩,복합구조칩 집적회로,2024.04,HK
294084505,294622808,5132,8542324000,538303,25,HK,홍콩,복합부품 집적회로(MCOs),2024.04,HK
46465940,47246615,14031,8542321010,780675,648,HK,홍콩,디램,2024.05,HK
173942,173942,305,8542321020,0,0,HK,홍콩,에스램,2024.05,HK
29836656,30384718,5296,8542321030,548062,220,HK,홍콩,플래시 메모리,2024.05,HK
2450685,2709654,1513,8542321090,258969,233,HK,홍콩,기타,2024.05,HK
374685,374685,25,8542322000,0,0,HK,홍콩,하이브리드 집적회로,2024.05,HK
962257305,1007231423,31529,8542323000,44974118,1271,HK,홍콩,복합구조칩 집적회로,2024.05,HK
299351558,299368683,5262,8542324000,17125,48,HK,홍콩,복합부품 집적회로(MCOs),2024.05,HK
49910963,50177121,15456,8542321010,266158,833,HK,홍콩,디램,2024.06,HK
173961,173961,260,8542321020,0,0,HK,홍콩,에스램,2024.06,HK
40791642,41096980,6358,8542321030,305338,164,HK,홍콩,플래시 메모리,2024.06,HK
2300180,2594756,1574,8542321090,294576,349,HK,홍콩,기타,2024.06,HK
1377241213,1391767577,52142,8542323000,14526364,440,HK,홍콩,복합구조칩 집적회로,2024.06,HK
366966897,366975268,7727,8542324000,8371,13,HK,홍콩,복합부품 집적회로(MCOs),2024.06,HK
98862620,99615881,18267,8542321010,753261,644,HK,홍콩,디램,2024.07,HK
77084,77084,82,8542321020,0,0,HK,홍콩,에스램,2024.07,HK
22194706,22481509,4998,8542321030,286803,101,HK,홍콩,플래시 메모리,2024.07,HK
1913907,1984800,1589,8542321090,70893,60,HK,홍콩,기타,2024.07,HK
102,102,32,8542322000,0,0,HK,홍콩,하이브리드 집적회로,2024.07,HK
887796957,912814370,42458,8542323000,25017413,445,HK,홍콩,복합구조칩 집적회로,2024.07,HK
139986316,140001657,3800,8542324000,15341,37,HK,홍콩,복합부품 집적회로(MCOs),2024.07,HK
62975551,66616844,14636,8542321010,3641293,1552,HK,홍콩,디램,2024.08,HK
20683,20683,40,8542321020,0,0,HK,홍콩,에스램,2024.08,HK
22958602,23230843,5828,8542321030,272241,99,HK,홍콩,플래시 메모리,2024.08,HK
2841179,3236903,1580,8542321090,395724,342,HK,홍콩,기타,2024.08,HK
197276,197276,9,8542322000,0,0,HK,홍콩,하이브리드 집적회로,2024.08,HK
979805290,1002779103,54755,8542323000,22973813,745,HK,홍콩,복합구조칩 집적회로,2024.08,HK
162509843,162527791,4316,8542324000,17948,38,HK,홍콩,복합부품 집적회로(MCOs),2024.08,HK
94055747,95066482,19997,8542321010,1010735,689,HK,홍콩,디램,2024.09,HK
92509,92509,154,8542321020,0,0,HK,홍콩,에스램,2024.09,HK
62551236,62557514,11192,8542321030,6278,0,HK,홍콩,플래시 메모리,2024.09,HK
1869276,1956677,1168,8542321090,87401,132,HK,홍콩,기타,2024.09,HK
1135659977,1156509900,56584,8542323000,20849923,1839,HK,홍콩,복합구조칩 집적회로,2024.09,HK
347000299,347047122,5783,8542324000,46823,55,HK,홍콩,복합부품 집적회로(MCOs),2024.09,HK
38778395,39283238,10434,8542321010,504843,644,HK,홍콩,디램,2024.10,HK
161830,175680,210,8542321020,13850,21,HK,홍콩,에스램,2024.10,HK
21111802,21202025,5953,8542321030,90223,64,HK,홍콩,플래시 메모리,2024.10,HK
1036404,1101345,849,8542321090,64941,32,HK,홍콩,기타,2024.10,HK
61304,61570,28,8542322000,266,0,HK,홍콩,하이브리드 집적회로,2024.10,HK
728811685,734787873,25701,8542323000,5976188,135,HK,홍콩,복합구조칩 집적회로,2024.10,HK
190084386,190095674,4768,8542324000,11288,35,HK,홍콩,복합부품 집적회로(MCOs),2024.10,HK
74776014,75006175,24709,8542321010,230161,398,HK,홍콩,디램,2024.11,HK
86100,86100,191,8542321020,0,0,HK,홍콩,에스램,2024.11,HK
31069059,31109483,12998,8542321030,40424,266,HK,홍콩,플래시 메모리,2024.11,HK
1776993,1910422,1118,8542321090,133429,103,HK,홍콩,기타,2024.11,HK
888875272,936335549,40704,8542323000,47460277,1193,HK,홍콩,복합구조칩 집적회로,2024.11,HK
231609109,231652914,5138,8542324000,43805,31,HK,홍콩,복합부품 집적회로(MCOs),2024.11,HK
87536384,92147597,23113,8542321010,4611213,1067,HK,홍콩,디램,2024.12,HK
148139,148139,251,8542321020,0,0,HK,홍콩,에스램,2024.12,HK
222042239,222236368,16644,8542321030,194129,88,HK,홍콩,플래시 메모리,2024.12,HK
1130288,1234687,693,8542321090,104399,67,HK,홍콩,기타,2024.12,HK
1441975388,1473114989,45102,8542323000,31139601,1642,HK,홍콩,복합구조칩 집적회로,2024.12,HK
176821135,176831124,4996,8542324000,9989,19,HK,홍콩,복합부품 집적회로(MCOs),2024.12,HK
443434851,483640800,24923,-,40205949,5666,-,-,-,총계,JP
3787915,4025111,495,8542321010,237196,107,JP,일본,디램,2024.01,JP
-9724,0,0,8542321020,9724,0,JP,일본,에스램,2024.01,JP
-4247,157,13,8542321030,4404,25,JP,일본,플래시 메모리,2024.01,JP
-517285,1195,1,8542321090,518480,250,JP,일본,기타,2024.01,JP
19948448,20991210,1370,8542323000,1042762,66,JP,일본,복합구조칩 집적회로,2024.01,JP
1015220,1016948,40,8542324000,1728,2,JP,일본,복합부품 집적회로(MCOs),2024.01,JP
2875194,3261701,592,8542321010,386507,175,JP,일본,디램,2024.02,JP
84802,87719,11,8542321020,2917,0,JP,일본,에스램,2024.02,JP
-6394,1690,12,8542321030,8084,3,JP,일본,플래시 메모리,2024.02,JP
-364321,21401,24,8542321090,385722,275,JP,일본,기타,2024.02,JP
-3580,0,0,8542322000,3580,10,JP,일본,하이브리드 집적회로,2024.02,JP
24652090,25512089,1554,8542323000,859999,51,JP,일본,복합구조칩 집적회로,2024.02,JP
968571,969982,38,8542324000,1411,2,JP,일본,복합부품 집적회로(MCOs),2024.02,JP
3265022,3324697,373,8542321010,59675,105,JP,일본,디램,2024.03,JP
-16763,20,1,8542321020,16783,0,JP,일본,에스램,2024.03,JP
237685,239987,25,8542321030,2302,8,JP,일본,플래시 메모리,2024.03,JP
-443856,14048,13,8542321090,457904,314,JP,일본,기타,2024.03,JP
33959745,34933496,1649,8542323000,973751,63,JP,일본,복합구조칩 집적회로,2024.03,JP
1337111,1338085,49,8542324000,974,2,JP,일본,복합부품 집적회로(MCOs),2024.03,JP
3564776,4520693,506,8542321010,955917,646,JP,일본,디램,2024.04,JP
2304,2304,5,8542321020,0,0,JP,일본,에스램,2024.04,JP
101,11914,18,8542321030,11813,8,JP,일본,플래시 메모리,2024.04,JP
-486432,23366,22,8542321090,509798,280,JP,일본,기타,2024.04,JP
-367,0,0,8542322000,367,0,JP,일본,하이브리드 집적회로,2024.04,JP
35909449,37074808,1563,8542323000,1165359,73,JP,일본,복합구조칩 집적회로,2024.04,JP
875267,876197,32,8542324000,930,2,JP,일본,복합부품 집적회로(MCOs),2024.04,JP
2949764,3039924,358,8542321010,90160,33,JP,일본,디램,2024.05,JP
-4029,0,0,8542321020,4029,0,JP,일본,에스램,2024.05,JP
-1097,405,32,8542321030,1502,2,JP,일본,플래시 메모리,2024.05,JP
-499585,14141,42,8542321090,513726,222,JP,일본,기타,2024.05,JP
36055490,37851600,1505,8542323000,1796110,80,JP,일본,복합구조칩 집적회로,2024.05,JP
943449,945113,64,8542324000,1664,3,JP,일본,복합부품 집적회로(MCOs),2024.05,JP
3410378,3711646,405,8542321010,301268,59,JP,일본,디램,2024.06,JP
14967,15024,23,8542321020,57,0,JP,일본,에스램,2024.06,JP
269375,270633,62,8542321030,1258,8,JP,일본,플래시 메모리,2024.06,JP
-409992,7367,9,8542321090,417359,210,JP,일본,기타,2024.06,JP
62039861,63681256,2794,8542323000,1641395,99,JP,일본,복합구조칩 집적회로,2024.06,JP
1140027,1142146,34,8542324000,2119,5,JP,일본,복합부품 집적회로(MCOs),2024.06,JP
1834555,2057372,242,8542321010,222817,100,JP,일본,디램,2024.07,JP
-23533,162,1,8542321020,23695,0,JP,일본,에스램,2024.07,JP
11860,15544,8,8542321030,3684,5,JP,일본,플래시 메모리,2024.07,JP
-390796,33659,41,8542321090,424455,301,JP,일본,기타,2024.07,JP
-1053,0,0,8542322000,1053,1,JP,일본,하이브리드 집적회로,2024.07,JP
17903434,19721881,1055,8542323000,1818447,86,JP,일본,복합구조칩 집적회로,2024.07,JP
1058331,1060211,27,8542324000,1880,4,JP,일본,복합부품 집적회로(MCOs),2024.07,JP
2093657,2952696,310,8542321010,859039,264,JP,일본,디램,2024.08,JP
-8432,0,0,8542321020,8432,0,JP,일본,에스램,2024.08,JP
2484,2712,57,8542321030,228,4,JP,일본,플래시 메모리,2024.08,JP
-406988,0,0,8542321090,406988,221,JP,일본,기타,2024.08,JP
28725451,29660124,1336,8542323000,934673,37,JP,일본,복합구조칩 집적회로,2024.08,JP
5456353,5458231,118,8542324000,1878,2,JP,일본,복합부품 집적회로(MCOs),2024.08,JP
2325066,2505181,258,8542321010,180115,59,JP,일본,디램,2024.09,JP
-17510,5,1,8542321020,17515,3,JP,일본,에스램,2024.09,JP
104146,108991,72,8542321030,4845,6,JP,일본,플래시 메모리,2024.09,JP
-367608,824,3,8542321090,368432,187,JP,일본,기타,2024.09,JP
34189011,49284057,2061,8542323000,15095046,114,JP,일본,복합구조칩 집적회로,2024.09,JP
7835329,7838376,118,8542324000,3047,4,JP,일본,복합부품 집적회로(MCOs),2024.09,JP
4715228,5108424,513,8542321010,393196,148,JP,일본,디램,2024.10,JP
-14348,2669,3,8542321020,17017,0,JP,일본,에스램,2024.10,JP
2105,4719,49,8542321030,2614,5,JP,일본,플래시 메모리,2024.10,JP
-424851,45532,54,8542321090,470383,263,JP,일본,기타,2024.10,JP
21881243,22908345,1135,8542323000,1027102,40,JP,일본,복합구조칩 집적회로,2024.10,JP
1689796,1693896,35,8542324000,4100,3,JP,일본,복합부품 집적회로(MCOs),2024.10,JP
4276709,4400531,550,8542321010,123822,45,JP,일본,디램,2024.11,JP
-14641,0,0,8542321020,14641,0,JP,일본,에스램,2024.11,JP
15528,15528,64,8542321030,0,0,JP,일본,플래시 메모리,2024.11,JP
-404003,1199,3,8542321090,405202,238,JP,일본,기타,2024.11,JP
27967540,29067842,1229,8542323000,1100302,41,JP,일본,복합구조칩 집적회로,2024.11,JP
4447577,4448560,89,8542324000,983,3,JP,일본,복합부품 집적회로(MCOs),2024.11,JP
2137461,2178872,184,8542321010,41411,15,JP,일본,디램,2024.12,JP
-68227,5261,5,8542321020,73488,1,JP,일본,에스램,2024.12,JP
5039,8542,48,8542321030,3503,3,JP,일본,플래시 메모리,2024.12,JP
-398576,1184,5,8542321090,399760,222,JP,일본,기타,2024.12,JP
38009896,41371425,1450,8542323000,3361529,49,JP,일본,복합구조칩 집적회로,2024.12,JP
2748279,2750172,66,8542324000,1893,3,JP,일본,복합부품 집적회로(MCOs),2024.12,JP
-193827587,317642922,40503,-,511470509,18162,-,-,-,총계,SG
2189323,2640914,899,8542321010,451591,184,SG,싱가포르,디램,2024.01,SG
4689494,4728723,1479,8542321030,39229,55,SG,싱가포르,플래시 메모리,2024.01,SG
-8762794,3725,2,8542321090,8766519,857,SG,싱가포르,기타,2024.01,SG
1229911,1625652,114,8542323000,395741,87,SG,싱가포르,복합구조칩 집적회로,2024.01,SG
-3842107,108348,5,8542324000,3950455,65,SG,싱가포르,복합부품 집적회로(MCOs),2024.01,SG
2722249,3310502,1138,8542321010,588253,159,SG,싱가포르,디램,2024.02,SG
10103061,10202374,2277,8542321030,99313,71,SG,싱가포르,플래시 메모리,2024.02,SG
-1145789,6780,136,8542321090,1152569,312,SG,싱가포르,기타,2024.02,SG
1938385,2163532,93,8542323000,225147,63,SG,싱가포르,복합구조칩 집적회로,2024.02,SG
-59797021,106703,4,8542324000,59903724,1449,SG,싱가포르,복합부품 집적회로(MCOs),2024.02,SG
1719638,2560276,612,8542321010,840638,121,SG,싱가포르,디램,2024.03,SG
5914095,5924650,2000,8542321030,10555,3,SG,싱가포르,플래시 메모리,2024.03,SG
-1921484,19901,134,8542321090,1941385,348,SG,싱가포르,기타,2024.03,SG
4445021,4726916,168,8542323000,281895,63,SG,싱가포르,복합구조칩 집적회로,2024.03,SG
-6591727,106702,4,8542324000,6698429,166,SG,싱가포르,복합부품 집적회로(MCOs),2024.03,SG
21501462,22215461,2386,8542321010,713999,217,SG,싱가포르,디램,2024.04,SG
6875497,6882990,1327,8542321030,7493,2,SG,싱가포르,플래시 메모리,2024.04,SG
-9730022,102169,3,8542321090,9832191,743,SG,싱가포르,기타,2024.04,SG
3479876,3705040,156,8542323000,225164,8,SG,싱가포르,복합구조칩 집적회로,2024.04,SG
-1587602,106715,4,8542324000,1694317,29,SG,싱가포르,복합부품 집적회로(MCOs),2024.04,SG
11589820,12135277,948,8542321010,545457,214,SG,싱가포르,디램,2024.05,SG
6040663,6090387,1451,8542321030,49724,22,SG,싱가포르,플래시 메모리,2024.05,SG
-4956114,28446,395,8542321090,4984560,915,SG,싱가포르,기타,2024.05,SG
-492612,4053534,75,8542323000,4546146,171,SG,싱가포르,복합구조칩 집적회로,2024.05,SG
-65662718,134260,5,8542324000,65796978,815,SG,싱가포르,복합부품 집적회로(MCOs),2024.05,SG
27323213,32793540,1790,8542321010,5470327,644,SG,싱가포르,디램,2024.06,SG
1600686,1648425,239,8542321030,47739,22,SG,싱가포르,플래시 메모리,2024.06,SG
-1730795,143005,325,8542321090,1873800,370,SG,싱가포르,기타,2024.06,SG
-8221585,3019855,205,8542323000,11241440,407,SG,싱가포르,복합구조칩 집적회로,2024.06,SG
-39097332,107906,4,8542324000,39205238,901,SG,싱가포르,복합부품 집적회로(MCOs),2024.06,SG
3767646,5450444,262,8542321010,1682798,222,SG,싱가포르,디램,2024.07,SG
3187,3187,9,8542321020,0,0,SG,싱가포르,에스램,2024.07,SG
8096170,8120471,815,8542321030,24301,4,SG,싱가포르,플래시 메모리,2024.07,SG
-11233023,23728,233,8542321090,11256751,943,SG,싱가포르,기타,2024.07,SG
2723713,5479842,136,8542323000,2756129,136,SG,싱가포르,복합구조칩 집적회로,2024.07,SG
-569895,110194,5,8542324000,680089,6,SG,싱가포르,복합부품 집적회로(MCOs),2024.07,SG
6644192,7025829,290,8542321010,381637,75,SG,싱가포르,디램,2024.08,SG
6374,6374,19,8542321020,0,0,SG,싱가포르,에스램,2024.08,SG
11489247,11514062,2125,8542321030,24815,34,SG,싱가포르,플래시 메모리,2024.08,SG
-4242148,0,0,8542321090,4242148,214,SG,싱가포르,기타,2024.08,SG
-13836560,2104699,101,8542323000,15941259,413,SG,싱가포르,복합구조칩 집적회로,2024.08,SG
-57609008,108826,4,8542324000,57717834,753,SG,싱가포르,복합부품 집적회로(MCOs),2024.08,SG
40580940,40861507,3276,8542321010,280567,97,SG,싱가포르,디램,2024.09,SG
3187,3187,9,8542321020,0,0,SG,싱가포르,에스램,2024.09,SG
12753308,12773674,1815,8542321030,20366,27,SG,싱가포르,플래시 메모리,2024.09,SG
-8645682,0,0,8542321090,8645682,804,SG,싱가포르,기타,2024.09,SG
-29656249,2030017,97,8542323000,31686266,606,SG,싱가포르,복합구조칩 집적회로,2024.09,SG
-6630681,109419,4,8542324000,6740100,68,SG,싱가포르,복합부품 집적회로(MCOs),2024.09,SG
11130128,11185997,2165,8542321010,55869,15,SG,싱가포르,디램,2024.10,SG
121360,121360,17,8542321020,0,0,SG,싱가포르,에스램,2024.10,SG
2607968,2631006,261,8542321030,23038,3,SG,싱가포르,플래시 메모리,2024.10,SG
-6963147,17500,241,8542321090,6980647,780,SG,싱가포르,기타,2024.10,SG
-5055516,1104459,81,8542323000,6159975,58,SG,싱가포르,복합구조칩 집적회로,2024.10,SG
-39736598,168544,10,8542324000,39905142,486,SG,싱가포르,복합부품 집적회로(MCOs),2024.10,SG
3601374,4409121,378,8542321010,807747,73,SG,싱가포르,디램,2024.11,SG
2390,2390,8,8542321020,0,0,SG,싱가포르,에스램,2024.11,SG
1691640,1691940,3053,8542321030,300,1,SG,싱가포르,플래시 메모리,2024.11,SG
-10925436,0,0,8542321090,10925436,807,SG,싱가포르,기타,2024.11,SG
-6306109,2927776,144,8542323000,9233885,201,SG,싱가포르,복합구조칩 집적회로,2024.11,SG
-28270096,215776,14,8542324000,28485872,640,SG,싱가포르,복합부품 집적회로(MCOs),2024.11,SG
57133931,57288787,5233,8542321010,154856,53,SG,싱가포르,디램,2024.12,SG
7968,7968,24,8542321020,0,0,SG,싱가포르,에스램,2024.12,SG
1751712,1763110,1064,8542321030,11398,4,SG,싱가포르,플래시 메모리,2024.12,SG
-6781626,2788,3,8542321090,6784414,654,SG,싱가포르,기타,2024.12,SG
4198103,6923635,226,8542323000,2725532,189,SG,싱가포르,복합구조칩 집적회로,2024.12,SG
-25503043,52597,3,8542324000,25555640,315,SG,싱가포르,복합부품 집적회로(MCOs),2024.12,SG
844057677,955353442,23709,-,111295765,9677,-,-,-,총계,MY
1843392,1844246,156,8542321010,854,2,MY,말레이시아,디램,2024.01,MY
-6725,0,0,8542321020,6725,6,MY,말레이시아,에스램,2024.01,MY
5115979,5457749,1104,8542321030,341770,66,MY,말레이시아,플래시 메모리,2024.01,MY
-10503516,47,0,8542321090,10503563,1080,MY,말레이시아,기타,2024.01,MY
2002811,2034610,288,8542323000,31799,2,MY,말레이시아,복합구조칩 집적회로,2024.01,MY
912782,912829,103,8542321010,47,0,MY,말레이시아,디램,2024.02,MY
-11411,0,0,8542321020,11411,3,MY,말레이시아,에스램,2024.02,MY
4161722,4295762,753,8542321030,134040,104,MY,말레이시아,플래시 메모리,2024.02,MY
-965754,0,0,8542321090,965754,93,MY,말레이시아,기타,2024.02,MY
127256768,127265232,316,8542323000,8464,4,MY,말레이시아,복합구조칩 집적회로,2024.02,MY
-3676991,3251,2,8542324000,3680242,82,MY,말레이시아,복합부품 집적회로(MCOs),2024.02,MY
1788850,1789450,265,8542321010,600,2,MY,말레이시아,디램,2024.03,MY
-66007,0,0,8542321020,66007,48,MY,말레이시아,에스램,2024.03,MY
3707356,4140206,788,8542321030,432850,89,MY,말레이시아,플래시 메모리,2024.03,MY
-3731158,0,0,8542321090,3731158,492,MY,말레이시아,기타,2024.03,MY
21609634,21653458,599,8542323000,43824,3,MY,말레이시아,복합구조칩 집적회로,2024.03,MY
624001,624001,9,8542324000,0,0,MY,말레이시아,복합부품 집적회로(MCOs),2024.03,MY
1599176,1599491,233,8542321010,315,0,MY,말레이시아,디램,2024.04,MY
-74790,0,0,8542321020,74790,45,MY,말레이시아,에스램,2024.04,MY
6325303,6704541,1384,8542321030,379238,62,MY,말레이시아,플래시 메모리,2024.04,MY
-10123705,556,5,8542321090,10124261,947,MY,말레이시아,기타,2024.04,MY
4352374,4374454,293,8542323000,22080,6,MY,말레이시아,복합구조칩 집적회로,2024.04,MY
-2704,0,0,8542324000,2704,8,MY,말레이시아,복합부품 집적회로(MCOs),2024.04,MY
1284924,1286693,158,8542321010,1769,1,MY,말레이시아,디램,2024.05,MY
-95355,0,0,8542321020,95355,61,MY,말레이시아,에스램,2024.05,MY
7776721,8194281,1948,8542321030,417560,73,MY,말레이시아,플래시 메모리,2024.05,MY
-1388274,0,0,8542321090,1388274,47,MY,말레이시아,기타,2024.05,MY
6924614,6983249,447,8542323000,58635,21,MY,말레이시아,복합구조칩 집적회로,2024.05,MY
635480,635480,37,8542324000,0,0,MY,말레이시아,복합부품 집적회로(MCOs),2024.05,MY
-5908122,2236175,378,8542321010,8144297,566,MY,말레이시아,디램,2024.06,MY
-68039,0,0,8542321020,68039,73,MY,말레이시아,에스램,2024.06,MY
8844141,8940923,1846,8542321030,96782,16,MY,말레이시아,플래시 메모리,2024.06,MY
-1468344,1076,0,8542321090,1469420,41,MY,말레이시아,기타,2024.06,MY
42598360,42603922,1010,8542323000,5562,7,MY,말레이시아,복합구조칩 집적회로,2024.06,MY
1130951,1130978,15,8542324000,27,0,MY,말레이시아,복합부품 집적회로(MCOs),2024.06,MY
942568,942623,108,8542321010,55,1,MY,말레이시아,디램,2024.07,MY
-159535,0,0,8542321020,159535,110,MY,말레이시아,에스램,2024.07,MY
3900048,4170950,528,8542321030,270902,49,MY,말레이시아,플래시 메모리,2024.07,MY
-8052439,0,0,8542321090,8052439,663,MY,말레이시아,기타,2024.07,MY
10136342,10160316,489,8542323000,23974,13,MY,말레이시아,복합구조칩 집적회로,2024.07,MY
511439,511439,9,8542324000,0,0,MY,말레이시아,복합부품 집적회로(MCOs),2024.07,MY
1113412,1113459,105,8542321010,47,1,MY,말레이시아,디램,2024.08,MY
-90118,0,0,8542321020,90118,60,MY,말레이시아,에스램,2024.08,MY
2988487,3173450,347,8542321030,184963,32,MY,말레이시아,플래시 메모리,2024.08,MY
-12640083,0,0,8542321090,12640083,1122,MY,말레이시아,기타,2024.08,MY
60608913,60620281,1168,8542323000,11368,2,MY,말레이시아,복합구조칩 집적회로,2024.08,MY
298208,298508,5,8542324000,300,0,MY,말레이시아,복합부품 집적회로(MCOs),2024.08,MY
1810852,1810852,177,8542321010,0,0,MY,말레이시아,디램,2024.09,MY
-15853,0,0,8542321020,15853,27,MY,말레이시아,에스램,2024.09,MY
3528484,4045451,757,8542321030,516967,40,MY,말레이시아,플래시 메모리,2024.09,MY
-9685980,149986,115,8542321090,9835966,799,MY,말레이시아,기타,2024.09,MY
65049304,65049355,1169,8542323000,51,2,MY,말레이시아,복합구조칩 집적회로,2024.09,MY
1021055,1021055,14,8542324000,0,0,MY,말레이시아,복합부품 집적회로(MCOs),2024.09,MY
2581606,2581606,333,8542321010,0,0,MY,말레이시아,디램,2024.10,MY
-47509,0,0,8542321020,47509,54,MY,말레이시아,에스램,2024.10,MY
3150332,3326389,611,8542321030,176057,33,MY,말레이시아,플래시 메모리,2024.10,MY
-7112729,0,0,8542321090,7112729,634,MY,말레이시아,기타,2024.10,MY
299847070,299847070,1375,8542323000,0,0,MY,말레이시아,복합구조칩 집적회로,2024.10,MY
-8557664,8730,2,8542324000,8566394,149,MY,말레이시아,복합부품 집적회로(MCOs),2024.10,MY
1807238,1825941,184,8542321010,18703,7,MY,말레이시아,디램,2024.11,MY
-72486,0,0,8542321020,72486,43,MY,말레이시아,에스램,2024.11,MY
3180599,3504505,413,8542321030,323906,45,MY,말레이시아,플래시 메모리,2024.11,MY
-8333744,371,4,8542321090,8334115,819,MY,말레이시아,기타,2024.11,MY
-157,0,0,8542322000,157,0,MY,말레이시아,하이브리드 집적회로,2024.11,MY
118146080,118348209,1447,8542323000,202129,20,MY,말레이시아,복합구조칩 집적회로,2024.11,MY
-8340945,0,0,8542324000,8340945,223,MY,말레이시아,복합부품 집적회로(MCOs),2024.11,MY
3580944,3586219,251,8542321010,5275,2,MY,말레이시아,디램,2024.12,MY
-141704,0,0,8542321020,141704,90,MY,말레이시아,에스램,2024.12,MY
4537887,4662722,463,8542321030,124835,21,MY,말레이시아,플래시 메모리,2024.12,MY
-3674163,0,0,8542321090,3674163,566,MY,말레이시아,기타,2024.12,MY
109790824,109834645,1498,8542323000,43821,3,MY,말레이시아,복합구조칩 집적회로,2024.12,MY
46650,46650,2,8542324000,0,0,MY,말레이시아,복합부품 집적회로(MCOs),2024.12,MY
1113500638,1123418771,63745,-,9918133,6421,-,-,-,총계,PH
68979614,70121596,6883,8542321010,1141982,261,PH,필리핀,디램,2024.01,PH
-626,0,0,8542321020,626,1,PH,필리핀,에스램,2024.01,PH
2306486,2450180,393,8542321030,143694,21,PH,필리핀,플래시 메모리,2024.01,PH
-422015,0,0,8542321090,422015,192,PH,필리핀,기타,2024.01,PH
1296451,1297679,67,8542323000,1228,0,PH,필리핀,복합구조칩 집적회로,2024.01,PH
57467711,57564683,4609,8542321010,96972,23,PH,필리핀,디램,2024.02,PH
-28773,0,0,8542321020,28773,30,PH,필리핀,에스램,2024.02,PH
651763,670514,173,8542321030,18751,9,PH,필리핀,플래시 메모리,2024.02,PH
-158964,115349,75,8542321090,274313,166,PH,필리핀,기타,2024.02,PH
1813599,1813599,83,8542323000,0,0,PH,필리핀,복합구조칩 집적회로,2024.02,PH
52167844,52168115,2841,8542321010,271,6,PH,필리핀,디램,2024.03,PH
-623,0,0,8542321020,623,0,PH,필리핀,에스램,2024.03,PH
244993,278517,167,8542321030,33524,16,PH,필리핀,플래시 메모리,2024.03,PH
-225929,13365,5,8542321090,239294,141,PH,필리핀,기타,2024.03,PH
707467,707961,50,8542323000,494,60,PH,필리핀,복합구조칩 집적회로,2024.03,PH
94975865,94981921,6225,8542321010,6056,0,PH,필리핀,디램,2024.04,PH
-9082,0,0,8542321020,9082,10,PH,필리핀,에스램,2024.04,PH
1361305,1432278,236,8542321030,70973,11,PH,필리핀,플래시 메모리,2024.04,PH
-44000,150429,80,8542321090,194429,139,PH,필리핀,기타,2024.04,PH
571779,571779,37,8542323000,0,0,PH,필리핀,복합구조칩 집적회로,2024.04,PH
132692119,134491805,8133,8542321010,1799686,751,PH,필리핀,디램,2024.05,PH
-34746,0,0,8542321020,34746,26,PH,필리핀,에스램,2024.05,PH
1682531,1724361,236,8542321030,41830,8,PH,필리핀,플래시 메모리,2024.05,PH
-229895,0,0,8542321090,229895,168,PH,필리핀,기타,2024.05,PH
1547791,1570344,87,8542323000,22553,0,PH,필리핀,복합구조칩 집적회로,2024.05,PH
84937712,87329272,5515,8542321010,2391560,1869,PH,필리핀,디램,2024.06,PH
-14189,0,0,8542321020,14189,12,PH,필리핀,에스램,2024.06,PH
1176505,1217293,259,8542321030,40788,21,PH,필리핀,플래시 메모리,2024.06,PH
-115666,7,0,8542321090,115673,79,PH,필리핀,기타,2024.06,PH
594439,594439,40,8542323000,0,0,PH,필리핀,복합구조칩 집적회로,2024.06,PH
-44,0,0,8542324000,44,0,PH,필리핀,복합부품 집적회로(MCOs),2024.06,PH
91576430,91728242,4844,8542321010,151812,143,PH,필리핀,디램,2024.07,PH
-48930,0,0,8542321020,48930,60,PH,필리핀,에스램,2024.07,PH
362845,412513,211,8542321030,49668,8,PH,필리핀,플래시 메모리,2024.07,PH
-182567,2899,10,8542321090,185466,150,PH,필리핀,기타,2024.07,PH
1245297,1272403,73,8542323000,27106,1,PH,필리핀,복합구조칩 집적회로,2024.07,PH
-224,0,0,8542324000,224,0,PH,필리핀,복합부품 집적회로(MCOs),2024.07,PH
146626061,146626848,6343,8542321010,787,2,PH,필리핀,디램,2024.08,PH
-29547,0,0,8542321020,29547,21,PH,필리핀,에스램,2024.08,PH
804701,835925,559,8542321030,31224,21,PH,필리핀,플래시 메모리,2024.08,PH
-38778,105600,47,8542321090,144378,75,PH,필리핀,기타,2024.08,PH
455743,455743,29,8542323000,0,0,PH,필리핀,복합구조칩 집적회로,2024.08,PH
171,171,0,8542324000,0,0,PH,필리핀,복합부품 집적회로(MCOs),2024.08,PH
115967234,115986138,5813,8542321010,18904,13,PH,필리핀,디램,2024.09,PH
-44984,0,0,8542321020,44984,38,PH,필리핀,에스램,2024.09,PH
694398,755046,122,8542321030,60648,9,PH,필리핀,플래시 메모리,2024.09,PH
-128781,0,0,8542321090,128781,130,PH,필리핀,기타,2024.09,PH
3280368,3281246,44,8542323000,878,0,PH,필리핀,복합구조칩 집적회로,2024.09,PH
95496679,96069146,2463,8542321010,572467,1266,PH,필리핀,디램,2024.10,PH
-26523,0,0,8542321020,26523,18,PH,필리핀,에스램,2024.10,PH
471158,539455,70,8542321030,68297,30,PH,필리핀,플래시 메모리,2024.10,PH
-119617,18960,3,8542321090,138577,83,PH,필리핀,기타,2024.10,PH
3465278,3465278,178,8542323000,0,0,PH,필리핀,복합구조칩 집적회로,2024.10,PH
-63,0,0,8542324000,63,0,PH,필리핀,복합부품 집적회로(MCOs),2024.10,PH
51392597,51398090,1992,8542321010,5493,7,PH,필리핀,디램,2024.11,PH
-32295,0,0,8542321020,32295,20,PH,필리핀,에스램,2024.11,PH
363365,468733,289,8542321030,105368,19,PH,필리핀,플래시 메모리,2024.11,PH
-242381,20,0,8542321090,242401,172,PH,필리핀,기타,2024.11,PH
1727630,1727630,106,8542323000,0,0,PH,필리핀,복합구조칩 집적회로,2024.11,PH
-34002,97,0,8542324000,34099,2,PH,필리핀,복합부품 집적회로(MCOs),2024.11,PH
90345275,90385033,3972,8542321010,39758,1,PH,필리핀,디램,2024.12,PH
-33635,0,0,8542321020,33635,26,PH,필리핀,에스램,2024.12,PH
1691575,1791820,145,8542321030,100245,19,PH,필리핀,플래시 메모리,2024.12,PH
-221511,0,0,8542321090,221511,67,PH,필리핀,기타,2024.12,PH
4826249,4826249,238,8542323000,0,0,PH,필리핀,복합구조칩 집적회로,2024.12,PH
15294545320,30991507545,1318578,-,15696962225,775980,-,-,-,총계,CN
632967428,1227632361,48741,8542321010,594664933,50332,CN,중국,디램,2025.01,CN
-132070,48808,8,8542321020,180878,118,CN,중국,에스램,2025.01,CN
157851337,242838538,10912,8542321030,84987201,4405,CN,중국,플래시 메모리,2025.01,CN
-8878971,1135489,927,8542321090,10014460,2876,CN,중국,기타,2025.01,CN
2920,3820,13,8542322000,900,7,CN,중국,하이브리드 집적회로,2025.01,CN
-181304763,217430251,11208,8542323000,398735014,7455,CN,중국,복합구조칩 집적회로,2025.01,CN
-92116318,2497147,142,8542324000,94613465,1488,CN,중국,복합부품 집적회로(MCOs),2025.01,CN
580806309,1162507341,43780,8542321010,581701032,53498,CN,중국,디램,2025.02,CN
-124457,40931,8,8542321020,165388,64,CN,중국,에스램,2025.02,CN
132008159,227005008,12885,8542321030,94996849,6246,CN,중국,플래시 메모리,2025.02,CN
-7716298,1338337,648,8542321090,9054635,2852,CN,중국,기타,2025.02,CN
7812,7812,20,8542322000,0,0,CN,중국,하이브리드 집적회로,2025.02,CN
-213056211,186807973,9094,8542323000,399864184,10775,CN,중국,복합구조칩 집적회로,2025.02,CN
-102606965,1923107,227,8542324000,104530072,1606,CN,중국,복합부품 집적회로(MCOs),2025.02,CN
924690111,1418764491,56255,8542321010,494074380,50799,CN,중국,디램,2025.03,CN
-63176,16250,6,8542321020,79426,90,CN,중국,에스램,2025.03,CN
200079849,293430290,15910,8542321030,93350441,8501,CN,중국,플래시 메모리,2025.03,CN
-8247547,1832948,1435,8542321090,10080495,4443,CN,중국,기타,2025.03,CN
14572,14572,51,8542322000,0,0,CN,중국,하이브리드 집적회로,2025.03,CN
-93471644,356261472,16792,8542323000,449733116,7431,CN,중국,복합구조칩 집적회로,2025.03,CN
-58433855,10713971,316,8542324000,69147826,1291,CN,중국,복합부품 집적회로(MCOs),2025.03,CN
1087030901,1679842281,67522,8542321010,592811380,43449,CN,중국,디램,2025.04,CN
-193655,49669,11,8542321020,243324,98,CN,중국,에스램,2025.04,CN
211729341,290857541,17347,8542321030,79128200,4785,CN,중국,플래시 메모리,2025.04,CN
-5363854,1584662,1441,8542321090,6948516,1975,CN,중국,기타,2025.04,CN
-567,1304,2,8542322000,1871,7,CN,중국,하이브리드 집적회로,2025.04,CN
-134951671,268681105,12608,8542323000,403632776,7380,CN,중국,복합구조칩 집적회로,2025.04,CN
-68128437,4410772,356,8542324000,72539209,1522,CN,중국,복합부품 집적회로(MCOs),2025.04,CN
956306360,1619915659,73547,8542321010,663609299,52153,CN,중국,디램,2025.05,CN
-25217,34329,8,8542321020,59546,74,CN,중국,에스램,2025.05,CN
244886526,373772857,19772,8542321030,128886331,7603,CN,중국,플래시 메모리,2025.05,CN
-7981657,1679593,972,8542321090,9661250,3050,CN,중국,기타,2025.05,CN
57113566,351499444,15398,8542323000,294385878,5681,CN,중국,복합구조칩 집적회로,2025.05,CN
-116370731,4339489,147,8542324000,120710220,2001,CN,중국,복합부품 집적회로(MCOs),2025.05,CN
982478151,1597485825,80366,8542321010,615007674,57121,CN,중국,디램,2025.06,CN
-33299,63111,14,8542321020,96410,39,CN,중국,에스램,2025.06,CN
207762476,307757157,16565,8542321030,99994681,5718,CN,중국,플래시 메모리,2025.06,CN
-10252561,1343449,950,8542321090,11596010,2165,CN,중국,기타,2025.06,CN
-4706,2578,11,8542322000,7284,4,CN,중국,하이브리드 집적회로,2025.06,CN
150823704,521439091,20584,8542323000,370615387,6996,CN,중국,복합구조칩 집적회로,2025.06,CN
-107625289,3740884,304,8542324000,111366173,2227,CN,중국,복합부품 집적회로(MCOs),2025.06,CN
1086637489,1852683485,86109,8542321010,766045996,47689,CN,중국,디램,2025.07,CN
-536218,11969,3,8542321020,548187,262,CN,중국,에스램,2025.07,CN
191333724,309029015,17059,8542321030,117695291,6577,CN,중국,플래시 메모리,2025.07,CN
-8844562,1925032,1390,8542321090,10769594,2968,CN,중국,기타,2025.07,CN
-73847,3952,13,8542322000,77799,40,CN,중국,하이브리드 집적회로,2025.07,CN
-37873811,393863261,13561,8542323000,431737072,8453,CN,중국,복합구조칩 집적회로,2025.07,CN
-113477222,5734197,195,8542324000,119211419,2644,CN,중국,복합부품 집적회로(MCOs),2025.07,CN
1266738242,1876677607,93391,8542321010,609939365,37940,CN,중국,디램,2025.08,CN
-28591,28816,4,8542321020,57407,28,CN,중국,에스램,2025.08,CN
290857668,404053405,18105,8542321030,113195737,7041,CN,중국,플래시 메모리,2025.08,CN
-9149334,1998548,1089,8542321090,11147882,2002,CN,중국,기타,2025.08,CN
-46317,6927,23,8542322000,53244,28,CN,중국,하이브리드 집적회로,2025.08,CN
-62643572,374419232,15930,8542323000,437062804,7400,CN,중국,복합구조칩 집적회로,2025.08,CN
-124054365,2705378,194,8542324000,126759743,2489,CN,중국,복합부품 집적회로(MCOs),2025.08,CN
1143746612,1920526973,91291,8542321010,776780361,52542,CN,중국,디램,2025.09,CN
-103216,36036,3,8542321020,139252,126,CN,중국,에스램,2025.09,CN
275924954,397502279,22170,8542321030,121577325,6665,CN,중국,플래시 메모리,2025.09,CN
-6935438,1532805,1205,8542321090,8468243,2690,CN,중국,기타,2025.09,CN
-45366,23699,16,8542322000,69065,6,CN,중국,하이브리드 집적회로,2025.09,CN
-19399286,337046395,16139,8542323000,356445681,8416,CN,중국,복합구조칩 집적회로,2025.09,CN
-85675460,4832684,191,8542324000,90508144,1981,CN,중국,복합부품 집적회로(MCOs),2025.09,CN
1764649006,2376095709,95336,8542321010,611446703,32941,CN,중국,디램,2025.10,CN
1263,54440,13,8542321020,53177,101,CN,중국,에스램,2025.10,CN
341094366,499749761,18843,8542321030,158655395,8617,CN,중국,플래시 메모리,2025.10,CN
-6911115,1679159,1054,8542321090,8590274,1784,CN,중국,기타,2025.10,CN
-16131,4618,14,8542322000,20749,17,CN,중국,하이브리드 집적회로,2025.10,CN
-14062665,234561828,9658,8542323000,248624493,6340,CN,중국,복합구조칩 집적회로,2025.10,CN
-110398585,14474602,346,8542324000,124873187,2553,CN,중국,복합부품 집적회로(MCOs),2025.10,CN
1824182115,2368016125,87836,8542321010,543834010,29151,CN,중국,디램,2025.11,CN
-222304,0,0,8542321020,222304,83,CN,중국,에스램,2025.11,CN
710016963,849414142,23818,8542321030,139397179,5448,CN,중국,플래시 메모리,2025.11,CN
-9960880,1181679,1048,8542321090,11142559,2573,CN,중국,기타,2025.11,CN
-108839,0,0,8542322000,108839,38,CN,중국,하이브리드 집적회로,2025.11,CN
-198723122,312810218,9488,8542323000,511533340,5975,CN,중국,복합구조칩 집적회로,2025.11,CN
-86941071,9673831,404,8542324000,96614902,2327,CN,중국,복합부품 집적회로(MCOs),2025.11,CN
2027679800,2876345849,98029,8542321010,848666049,40026,CN,중국,디램,2025.12,CN
56263,65706,11,8542321020,9443,5,CN,중국,에스램,2025.12,CN
567192720,813576929,24354,8542321030,246384209,7327,CN,중국,플래시 메모리,2025.12,CN
-9088855,1523791,938,8542321090,10612646,1691,CN,중국,기타,2025.12,CN
-233,0,0,8542322000,233,7,CN,중국,하이브리드 집적회로,2025.12,CN
-501660033,343272557,11516,8542323000,844932590,10393,CN,중국,복합구조칩 집적회로,2025.12,CN
-98061030,23613189,491,8542324000,121674219,2276,CN,중국,복합부품 집적회로(MCOs),2025.12,CN
25073054811,27076305144,337468,-,2003250333,158726,-,-,-,총계,TW
25814890,29882781,6294,8542321010,4067891,3207,TW,대만,디램,2025.01,TW
-218014,5829,17,8542321020,223843,105,TW,대만,에스램,2025.01,TW
6667277,11646451,2080,8542321030,4979174,2721,TW,대만,플래시 메모리,2025.01,TW
-4056458,40353,3,8542321090,4096811,1084,TW,대만,기타,2025.01,TW
-114060,234,1,8542322000,114294,10,TW,대만,하이브리드 집적회로,2025.01,TW
956562281,994051050,8450,8542323000,37488769,1555,TW,대만,복합구조칩 집적회로,2025.01,TW
-71334,66289,10,8542324000,137623,8,TW,대만,복합부품 집적회로(MCOs),2025.01,TW
44445505,50737033,9511,8542321010,6291528,1973,TW,대만,디램,2025.02,TW
-176847,13380,4,8542321020,190227,122,TW,대만,에스램,2025.02,TW
5080324,8898048,1200,8542321030,3817724,3538,TW,대만,플래시 메모리,2025.02,TW
-4850438,39142,16,8542321090,4889580,843,TW,대만,기타,2025.02,TW
-22802,0,0,8542322000,22802,3,TW,대만,하이브리드 집적회로,2025.02,TW
1026953126,1080471593,8006,8542323000,53518467,1901,TW,대만,복합구조칩 집적회로,2025.02,TW
-298728,641368,200,8542324000,940096,17,TW,대만,복합부품 집적회로(MCOs),2025.02,TW
65360234,69640530,15052,8542321010,4280296,4104,TW,대만,디램,2025.03,TW
-637627,0,0,8542321020,637627,181,TW,대만,에스램,2025.03,TW
54435978,62260058,9873,8542321030,7824080,3527,TW,대만,플래시 메모리,2025.03,TW
-7339843,34832,7,8542321090,7374675,1176,TW,대만,기타,2025.03,TW
-67575,0,0,8542322000,67575,40,TW,대만,하이브리드 집적회로,2025.03,TW
1604223645,1873769134,15768,8542323000,269545489,2116,TW,대만,복합구조칩 집적회로,2025.03,TW
-7941412,252405,22,8542324000,8193817,144,TW,대만,복합부품 집적회로(MCOs),2025.03,TW
42798981,47542850,9736,8542321010,4743869,4927,TW,대만,디램,2025.04,TW
-306168,0,0,8542321020,306168,57,TW,대만,에스램,2025.04,TW
29587911,36297666,3468,8542321030,6709755,3211,TW,대만,플래시 메모리,2025.04,TW
-6395550,5160,2,8542321090,6400710,1253,TW,대만,기타,2025.04,TW
-32905,0,0,8542322000,32905,39,TW,대만,하이브리드 집적회로,2025.04,TW
1369518068,1538349050,13602,8542323000,168830982,2109,TW,대만,복합구조칩 집적회로,2025.04,TW
-3148480,162532,24,8542324000,3311012,125,TW,대만,복합부품 집적회로(MCOs),2025.04,TW
59700353,68475964,11506,8542321010,8775611,9585,TW,대만,디램,2025.05,TW
-610343,28896,8,8542321020,639239,342,TW,대만,에스램,2025.05,TW
33860764,38447403,5187,8542321030,4586639,3183,TW,대만,플래시 메모리,2025.05,TW
-16905008,1048,1,8542321090,16906056,1773,TW,대만,기타,2025.05,TW
-20616,0,0,8542322000,20616,24,TW,대만,하이브리드 집적회로,2025.05,TW
1834132740,1967820944,12032,8542323000,133688204,2165,TW,대만,복합구조칩 집적회로,2025.05,TW
-8201583,300199,66,8542324000,8501782,154,TW,대만,복합부품 집적회로(MCOs),2025.05,TW
124946802,130508325,14287,8542321010,5561523,6200,TW,대만,디램,2025.06,TW
-135860,1571,7,8542321020,137431,42,TW,대만,에스램,2025.06,TW
35646099,48222220,5182,8542321030,12576121,3122,TW,대만,플래시 메모리,2025.06,TW
-11561747,3528,10,8542321090,11565275,1723,TW,대만,기타,2025.06,TW
-57223,0,0,8542322000,57223,43,TW,대만,하이브리드 집적회로,2025.06,TW
2445856799,2551640656,10767,8542323000,105783857,2329,TW,대만,복합구조칩 집적회로,2025.06,TW
-82064,657279,83,8542324000,739343,35,TW,대만,복합부품 집적회로(MCOs),2025.06,TW
35743754,51039097,8043,8542321010,15295343,3635,TW,대만,디램,2025.07,TW
-807199,3134,3,8542321020,810333,432,TW,대만,에스램,2025.07,TW
17524421,34426082,4063,8542321030,16901661,3975,TW,대만,플래시 메모리,2025.07,TW
-19917684,14572,11,8542321090,19932256,1722,TW,대만,기타,2025.07,TW
-65685,0,0,8542322000,65685,35,TW,대만,하이브리드 집적회로,2025.07,TW
2085551838,2252378554,8810,8542323000,166826716,2108,TW,대만,복합구조칩 집적회로,2025.07,TW
378193,497969,72,8542324000,119776,20,TW,대만,복합부품 집적회로(MCOs),2025.07,TW
74121905,78852374,11699,8542321010,4730469,3504,TW,대만,디램,2025.08,TW
-80732,0,0,8542321020,80732,26,TW,대만,에스램,2025.08,TW
14696301,22284809,2658,8542321030,7588508,4921,TW,대만,플래시 메모리,2025.08,TW
-33173801,68739,20,8542321090,33242540,1923,TW,대만,기타,2025.08,TW
-257,0,0,8542322000,257,0,TW,대만,하이브리드 집적회로,2025.08,TW
2296463110,2513344557,11931,8542323000,216881447,1916,TW,대만,복합구조칩 집적회로,2025.08,TW
-8057311,981911,370,8542324000,9039222,126,TW,대만,복합부품 집적회로(MCOs),2025.08,TW
105984111,117144167,12000,8542321010,11160056,6469,TW,대만,디램,2025.09,TW
-756016,7432,6,8542321020,763448,311,TW,대만,에스램,2025.09,TW
38419339,46921890,5145,8542321030,8502551,4456,TW,대만,플래시 메모리,2025.09,TW
-13632733,48295,20,8542321090,13681028,1601,TW,대만,기타,2025.09,TW
-29003,0,0,8542322000,29003,10,TW,대만,하이브리드 집적회로,2025.09,TW
3022497134,3041414892,11040,8542323000,18917758,2247,TW,대만,복합구조칩 집적회로,2025.09,TW
198319,330497,74,8542324000,132178,14,TW,대만,복합부품 집적회로(MCOs),2025.09,TW
31836185,45885912,13043,8542321010,14049727,6104,TW,대만,디램,2025.10,TW
-547904,0,0,8542321020,547904,262,TW,대만,에스램,2025.10,TW
20171775,25277926,3685,8542321030,5106151,4292,TW,대만,플래시 메모리,2025.10,TW
-16987733,0,0,8542321090,16987733,1428,TW,대만,기타,2025.10,TW
2793388658,3070570134,16315,8542323000,277181476,3588,TW,대만,복합구조칩 집적회로,2025.10,TW
-7024054,544633,126,8542324000,7568687,140,TW,대만,복합부품 집적회로(MCOs),2025.10,TW
165417183,174816184,14855,8542321010,9399001,6908,TW,대만,디램,2025.11,TW
-97996,0,0,8542321020,97996,231,TW,대만,에스램,2025.11,TW
13905911,25399995,2174,8542321030,11494084,4164,TW,대만,플래시 메모리,2025.11,TW
-20694656,221596,21,8542321090,20916252,1683,TW,대만,기타,2025.11,TW
-431,0,0,8542322000,431,1,TW,대만,하이브리드 집적회로,2025.11,TW
2045947909,2084182728,12753,8542323000,38234819,1798,TW,대만,복합구조칩 집적회로,2025.11,TW
-11657267,650187,81,8542324000,12307454,152,TW,대만,복합부품 집적회로(MCOs),2025.11,TW
106103542,125694764,18453,8542321010,19591222,9746,TW,대만,디램,2025.12,TW
-95679,3591,2,8542321020,99270,50,TW,대만,에스램,2025.12,TW
31365004,44872014,4464,8542321030,13507010,4798,TW,대만,플래시 메모리,2025.12,TW
-15234274,14647,11,8542321090,15248921,1258,TW,대만,기타,2025.12,TW
2158875,2177293,21,8542322000,18418,15,TW,대만,하이브리드 집적회로,2025.12,TW
2630932315,2705036100,12964,8542323000,74103785,1774,TW,대만,복합구조칩 집적회로,2025.12,TW
-3229648,282668,56,8542324000,3512316,71,TW,대만,복합부품 집적회로(MCOs),2025.12,TW
9647271650,9820027576,637972,-,172755926,22811,-,-,-,총계,VN
445946562,456750873,50858,8542321010,10804311,675,VN,베트남,디램,2025.01,VN
4747,4747,0,8542321020,0,0,VN,베트남,에스램,2025.01,VN
10212390,10323571,2735,8542321030,111181,105,VN,베트남,플래시 메모리,2025.01,VN
17773641,17782201,5993,8542321090,8560,2,VN,베트남,기타,2025.01,VN
1630,1630,1,8542322000,0,0,VN,베트남,하이브리드 집적회로,2025.01,VN
206537950,220318928,5145,8542323000,13780978,275,VN,베트남,복합구조칩 집적회로,2025.01,VN
166698243,167794878,3379,8542324000,1096635,8,VN,베트남,복합부품 집적회로(MCOs),2025.01,VN
344485999,358557818,38238,8542321010,14071819,1269,VN,베트남,디램,2025.02,VN
18620401,18674610,3350,8542321030,54209,54,VN,베트남,플래시 메모리,2025.02,VN
21134002,21162836,6756,8542321090,28834,17,VN,베트남,기타,2025.02,VN
270448039,271278291,5668,8542323000,830252,124,VN,베트남,복합구조칩 집적회로,2025.02,VN
136596913,137150718,2247,8542324000,553805,5,VN,베트남,복합부품 집적회로(MCOs),2025.02,VN
367552429,374769608,35356,8542321010,7217179,740,VN,베트남,디램,2025.03,VN
6138,6138,1,8542321020,0,0,VN,베트남,에스램,2025.03,VN
12467421,12467723,2733,8542321030,302,0,VN,베트남,플래시 메모리,2025.03,VN
18753924,18788982,8204,8542321090,35058,12,VN,베트남,기타,2025.03,VN
244034363,258407456,5814,8542323000,14373093,1244,VN,베트남,복합구조칩 집적회로,2025.03,VN
141292939,141658594,3463,8542324000,365655,7,VN,베트남,복합부품 집적회로(MCOs),2025.03,VN
184282937,191575401,19251,8542321010,7292464,652,VN,베트남,디램,2025.04,VN
534,534,0,8542321020,0,0,VN,베트남,에스램,2025.04,VN
20755278,20895802,3430,8542321030,140524,139,VN,베트남,플래시 메모리,2025.04,VN
18886746,19053550,5996,8542321090,166804,49,VN,베트남,기타,2025.04,VN
193604665,194432896,8023,8542323000,828231,148,VN,베트남,복합구조칩 집적회로,2025.04,VN
87039752,87497459,2711,8542324000,457707,14,VN,베트남,복합부품 집적회로(MCOs),2025.04,VN
292123996,297626095,34530,8542321010,5502099,597,VN,베트남,디램,2025.05,VN
11376,11785,0,8542321020,409,0,VN,베트남,에스램,2025.05,VN
29005687,29056276,4584,8542321030,50589,21,VN,베트남,플래시 메모리,2025.05,VN
21745693,21746488,7801,8542321090,795,1,VN,베트남,기타,2025.05,VN
795,795,1,8542322000,0,0,VN,베트남,하이브리드 집적회로,2025.05,VN
291484989,302646598,13504,8542323000,11161609,1351,VN,베트남,복합구조칩 집적회로,2025.05,VN
158673956,158677406,4341,8542324000,3450,2,VN,베트남,복합부품 집적회로(MCOs),2025.05,VN
271870255,277102811,22209,8542321010,5232556,672,VN,베트남,디램,2025.06,VN
2420,2681,2,8542321020,261,0,VN,베트남,에스램,2025.06,VN
27877318,28055210,4784,8542321030,177892,161,VN,베트남,플래시 메모리,2025.06,VN
20551811,20580800,6766,8542321090,28989,35,VN,베트남,기타,2025.06,VN
4616,4616,9,8542322000,0,0,VN,베트남,하이브리드 집적회로,2025.06,VN
212421846,213625509,7990,8542323000,1203663,153,VN,베트남,복합구조칩 집적회로,2025.06,VN
148612654,148635480,2450,8542324000,22826,0,VN,베트남,복합부품 집적회로(MCOs),2025.06,VN
230883814,235656232,38180,8542321010,4772418,619,VN,베트남,디램,2025.07,VN
6138,6138,1,8542321020,0,0,VN,베트남,에스램,2025.07,VN
31835126,31922827,6432,8542321030,87701,4,VN,베트남,플래시 메모리,2025.07,VN
25381993,25385872,13722,8542321090,3879,7,VN,베트남,기타,2025.07,VN
3079,3079,3,8542322000,0,0,VN,베트남,하이브리드 집적회로,2025.07,VN
214669785,227970301,13900,8542323000,13300516,5096,VN,베트남,복합구조칩 집적회로,2025.07,VN
142413582,142413717,3292,8542324000,135,1,VN,베트남,복합부품 집적회로(MCOs),2025.07,VN
299659406,304609554,16862,8542321010,4950148,515,VN,베트남,디램,2025.08,VN
46323195,46343061,7610,8542321030,19866,11,VN,베트남,플래시 메모리,2025.08,VN
20152362,20178625,8902,8542321090,26263,11,VN,베트남,기타,2025.08,VN
9635,9635,5,8542322000,0,0,VN,베트남,하이브리드 집적회로,2025.08,VN
265039605,268659026,11187,8542323000,3619421,617,VN,베트남,복합구조칩 집적회로,2025.08,VN
193363315,193363440,3885,8542324000,125,10,VN,베트남,복합부품 집적회로(MCOs),2025.08,VN
298123018,306967009,16249,8542321010,8843991,1259,VN,베트남,디램,2025.09,VN
1159,1159,2,8542321020,0,0,VN,베트남,에스램,2025.09,VN
46142749,47248000,7641,8542321030,1105251,35,VN,베트남,플래시 메모리,2025.09,VN
23217998,23361416,8480,8542321090,143418,54,VN,베트남,기타,2025.09,VN
6099,6099,7,8542322000,0,0,VN,베트남,하이브리드 집적회로,2025.09,VN
287931072,288124865,15030,8542323000,193793,11,VN,베트남,복합구조칩 집적회로,2025.09,VN
197797653,197810586,3570,8542324000,12933,3,VN,베트남,복합부품 집적회로(MCOs),2025.09,VN
210576561,217967007,10863,8542321010,7390446,715,VN,베트남,디램,2025.10,VN
2307,2307,1,8542321020,0,0,VN,베트남,에스램,2025.10,VN
66919187,67777086,7574,8542321030,857899,332,VN,베트남,플래시 메모리,2025.10,VN
25740275,25860683,10585,8542321090,120408,55,VN,베트남,기타,2025.10,VN
4898,4898,4,8542322000,0,0,VN,베트남,하이브리드 집적회로,2025.10,VN
177303625,177375936,12747,8542323000,72311,7,VN,베트남,복합구조칩 집적회로,2025.10,VN
180168011,180168151,3122,8542324000,140,0,VN,베트남,복합부품 집적회로(MCOs),2025.10,VN
317217209,330420976,12968,8542321010,13203767,2548,VN,베트남,디램,2025.11,VN
1326,1326,1,8542321020,0,0,VN,베트남,에스램,2025.11,VN
44881516,45524555,4507,8542321030,643039,209,VN,베트남,플래시 메모리,2025.11,VN
16380760,16506526,6165,8542321090,125766,77,VN,베트남,기타,2025.11,VN
5345,5345,7,8542322000,0,0,VN,베트남,하이브리드 집적회로,2025.11,VN
202179679,205645782,10708,8542323000,3466103,298,VN,베트남,복합구조칩 집적회로,2025.11,VN
308837072,308837091,4301,8542324000,19,0,VN,베트남,복합부품 집적회로(MCOs),2025.11,VN
526361808,539393520,20767,8542321010,13031712,1666,VN,베트남,디램,2025.12,VN
4751,4751,0,8542321020,0,0,VN,베트남,에스램,2025.12,VN
43515572,43790503,3908,8542321030,274931,40,VN,베트남,플래시 메모리,2025.12,VN
26444585,26474855,9804,8542321090,30270,63,VN,베트남,기타,2025.12,VN
3144,3144,3,8542322000,0,0,VN,베트남,하이브리드 집적회로,2025.12,VN
424968011,425085497,11411,8542323000,117486,7,VN,베트남,복합구조칩 집적회로,2025.12,VN
351270170,352009202,5244,8542324000,739032,11,VN,베트남,복합부품 집적회로(MCOs),2025.12,VN
349724721,374661069,19404,-,24936348,5563,-,-,-,총계,US
4156895,4158389,724,8542321010,1494,1,US,미국,디램,2025.01,US
-718,2719,2,8542321020,3437,1,US,미국,에스램,2025.01,US
477778,492891,28,8542321030,15113,28,US,미국,플래시 메모리,2025.01,US
-400754,43520,301,8542321090,444274,46,US,미국,기타,2025.01,US
-44372,0,0,8542322000,44372,5,US,미국,하이브리드 집적회로,2025.01,US
17167670,17167693,610,8542323000,23,0,US,미국,복합구조칩 집적회로,2025.01,US
959983,980294,21,8542324000,20311,19,US,미국,복합부품 집적회로(MCOs),2025.01,US
1936293,2053124,350,8542321010,116831,9,US,미국,디램,2025.02,US
-1742,0,0,8542321020,1742,1,US,미국,에스램,2025.02,US
79290,139309,14,8542321030,60019,30,US,미국,플래시 메모리,2025.02,US
-84477,53468,367,8542321090,137945,37,US,미국,기타,2025.02,US
7843373,7907467,478,8542323000,64094,5,US,미국,복합구조칩 집적회로,2025.02,US
1838831,1867387,43,8542324000,28556,28,US,미국,복합부품 집적회로(MCOs),2025.02,US
6052912,6068557,1065,8542321010,15645,32,US,미국,디램,2025.03,US
48442,49194,5,8542321020,752,2,US,미국,에스램,2025.03,US
-8936,71143,16,8542321030,80079,38,US,미국,플래시 메모리,2025.03,US
-1016617,49479,209,8542321090,1066096,213,US,미국,기타,2025.03,US
-63344,0,0,8542322000,63344,5,US,미국,하이브리드 집적회로,2025.03,US
14920638,14923934,792,8542323000,3296,10,US,미국,복합구조칩 집적회로,2025.03,US
1636150,1651176,50,8542324000,15026,17,US,미국,복합부품 집적회로(MCOs),2025.03,US
3875761,3903829,906,8542321010,28068,10,US,미국,디램,2025.04,US
-5140,0,0,8542321020,5140,0,US,미국,에스램,2025.04,US
142094,307901,109,8542321030,165807,32,US,미국,플래시 메모리,2025.04,US
-3125824,18963,109,8542321090,3144787,352,US,미국,기타,2025.04,US
9492433,9508765,541,8542323000,16332,3,US,미국,복합구조칩 집적회로,2025.04,US
2094247,2105860,57,8542324000,11613,11,US,미국,복합부품 집적회로(MCOs),2025.04,US
3021917,3034426,464,8542321010,12509,1,US,미국,디램,2025.05,US
5288,6958,1,8542321020,1670,2,US,미국,에스램,2025.05,US
76857,98539,4,8542321030,21682,17,US,미국,플래시 메모리,2025.05,US
-138432,28207,180,8542321090,166639,41,US,미국,기타,2025.05,US
-49065,0,0,8542322000,49065,2,US,미국,하이브리드 집적회로,2025.05,US
11704532,11705355,678,8542323000,823,3,US,미국,복합구조칩 집적회로,2025.05,US
1471417,1477179,32,8542324000,5762,8,US,미국,복합부품 집적회로(MCOs),2025.05,US
2815446,2846418,425,8542321010,30972,27,US,미국,디램,2025.06,US
-17972,5128,1,8542321020,23100,7,US,미국,에스램,2025.06,US
78823,113120,13,8542321030,34297,45,US,미국,플래시 메모리,2025.06,US
-1627300,30903,104,8542321090,1658203,388,US,미국,기타,2025.06,US
9342061,9419349,479,8542323000,77288,35,US,미국,복합구조칩 집적회로,2025.06,US
880238,886892,25,8542324000,6654,13,US,미국,복합부품 집적회로(MCOs),2025.06,US
2829815,3070506,477,8542321010,240691,381,US,미국,디램,2025.07,US
6178,6958,2,8542321020,780,0,US,미국,에스램,2025.07,US
139847,204527,12,8542321030,64680,54,US,미국,플래시 메모리,2025.07,US
-3006739,40458,97,8542321090,3047197,324,US,미국,기타,2025.07,US
-24866,0,0,8542322000,24866,3,US,미국,하이브리드 집적회로,2025.07,US
11135745,11693087,546,8542323000,557342,86,US,미국,복합구조칩 집적회로,2025.07,US
722858,749369,21,8542324000,26511,17,US,미국,복합부품 집적회로(MCOs),2025.07,US
2521508,2554347,503,8542321010,32839,7,US,미국,디램,2025.08,US
-624936,0,0,8542321020,624936,316,US,미국,에스램,2025.08,US
14784,21691,1,8542321030,6907,22,US,미국,플래시 메모리,2025.08,US
-1347230,83881,445,8542321090,1431111,360,US,미국,기타,2025.08,US
-167304,0,0,8542322000,167304,1,US,미국,하이브리드 집적회로,2025.08,US
10914377,10915571,469,8542323000,1194,2,US,미국,복합구조칩 집적회로,2025.08,US
739935,839554,24,8542324000,99619,22,US,미국,복합부품 집적회로(MCOs),2025.08,US
5369952,5469051,912,8542321010,99099,23,US,미국,디램,2025.09,US
-485852,8437,2,8542321020,494289,243,US,미국,에스램,2025.09,US
-195286,1224,0,8542321030,196510,68,US,미국,플래시 메모리,2025.09,US
-2267997,15253,95,8542321090,2283250,641,US,미국,기타,2025.09,US
-38831,0,0,8542322000,38831,1,US,미국,하이브리드 집적회로,2025.09,US
33514888,33515094,858,8542323000,206,1,US,미국,복합구조칩 집적회로,2025.09,US
945239,959155,28,8542324000,13916,65,US,미국,복합부품 집적회로(MCOs),2025.09,US
6920605,6986127,487,8542321010,65522,6,US,미국,디램,2025.10,US
144441,148000,7,8542321030,3559,17,US,미국,플래시 메모리,2025.10,US
-1340313,256869,82,8542321090,1597182,350,US,미국,기타,2025.10,US
36715084,36722770,979,8542323000,7686,3,US,미국,복합구조칩 집적회로,2025.10,US
790065,802402,23,8542324000,12337,35,US,미국,복합부품 집적회로(MCOs),2025.10,US
3961607,4032165,527,8542321010,70558,8,US,미국,디램,2025.11,US
-333772,0,0,8542321020,333772,133,US,미국,에스램,2025.11,US
8066,29606,11,8542321030,21540,21,US,미국,플래시 메모리,2025.11,US
-4035718,41932,62,8542321090,4077650,327,US,미국,기타,2025.11,US
56261781,56275021,983,8542323000,13240,3,US,미국,복합구조칩 집적회로,2025.11,US
964046,981165,28,8542324000,17119,19,US,미국,복합부품 집적회로(MCOs),2025.11,US
8923029,9060512,491,8542321010,137483,33,US,미국,디램,2025.12,US
-736061,0,0,8542321020,736061,265,US,미국,에스램,2025.12,US
90628,123231,10,8542321030,32603,25,US,미국,플래시 메모리,2025.12,US
-536224,18498,42,8542321090,554722,128,US,미국,기타,2025.12,US
84666407,84783707,1961,8542323000,117300,3,US,미국,복합구조칩 집적회로,2025.12,US
1030289,1073365,21,8542324000,43076,26,US,미국,복합부품 집적회로(MCOs),2025.12,US
16145859347,16406793923,1166582,-,260934576,30919,-,-,-,총계,HK
29166852,30272117,11915,8542321010,1105265,918,HK,홍콩,디램,2025.01,HK
68492,68492,127,8542321020,0,0,HK,홍콩,에스램,2025.01,HK
25227887,25647832,9707,8542321030,419945,397,HK,홍콩,플래시 메모리,2025.01,HK
1654225,1701901,1173,8542321090,47676,81,HK,홍콩,기타,2025.01,HK
257105,257105,7,8542322000,0,0,HK,홍콩,하이브리드 집적회로,2025.01,HK
289141978,335254180,24870,8542323000,46112202,3153,HK,홍콩,복합구조칩 집적회로,2025.01,HK
108767196,108789832,3000,8542324000,22636,66,HK,홍콩,복합부품 집적회로(MCOs),2025.01,HK
46470365,47867457,28117,8542321010,1397092,686,HK,홍콩,디램,2025.02,HK
23321,48106,69,8542321020,24785,59,HK,홍콩,에스램,2025.02,HK
24870067,24902398,27108,8542321030,32331,19,HK,홍콩,플래시 메모리,2025.02,HK
1599228,1796461,902,8542321090,197233,215,HK,홍콩,기타,2025.02,HK
391338338,440532450,30533,8542323000,49194112,3246,HK,홍콩,복합구조칩 집적회로,2025.02,HK
157236558,157249607,3770,8542324000,13049,31,HK,홍콩,복합부품 집적회로(MCOs),2025.02,HK
98045352,98150255,31336,8542321010,104903,34,HK,홍콩,디램,2025.03,HK
131044,146120,297,8542321020,15076,32,HK,홍콩,에스램,2025.03,HK
135306911,135899782,33102,8542321030,592871,240,HK,홍콩,플래시 메모리,2025.03,HK
5226106,6069010,2891,8542321090,842904,618,HK,홍콩,기타,2025.03,HK
678606491,710390119,47225,8542323000,31783628,1927,HK,홍콩,복합구조칩 집적회로,2025.03,HK
148784271,149238817,4518,8542324000,454546,21,HK,홍콩,복합부품 집적회로(MCOs),2025.03,HK
48368152,49079277,22515,8542321010,711125,437,HK,홍콩,디램,2025.04,HK
60300,125454,214,8542321020,65154,48,HK,홍콩,에스램,2025.04,HK
55748965,56369902,5052,8542321030,620937,348,HK,홍콩,플래시 메모리,2025.04,HK
4875772,4956125,2543,8542321090,80353,105,HK,홍콩,기타,2025.04,HK
39592,39592,6,8542322000,0,0,HK,홍콩,하이브리드 집적회로,2025.04,HK
612007323,630101763,49511,8542323000,18094440,2037,HK,홍콩,복합구조칩 집적회로,2025.04,HK
168098585,168120434,5232,8542324000,21849,12,HK,홍콩,복합부품 집적회로(MCOs),2025.04,HK
57795334,58147401,27537,8542321010,352067,466,HK,홍콩,디램,2025.05,HK
209369,209369,446,8542321020,0,0,HK,홍콩,에스램,2025.05,HK
102114476,102246624,9754,8542321030,132148,47,HK,홍콩,플래시 메모리,2025.05,HK
6319026,6641378,2690,8542321090,322352,283,HK,홍콩,기타,2025.05,HK
827050270,848434998,59681,8542323000,21384728,1150,HK,홍콩,복합구조칩 집적회로,2025.05,HK
231607411,231622749,6636,8542324000,15338,17,HK,홍콩,복합부품 집적회로(MCOs),2025.05,HK
88590911,89590887,57951,8542321010,999976,821,HK,홍콩,디램,2025.06,HK
144206,144206,312,8542321020,0,0,HK,홍콩,에스램,2025.06,HK
222883322,223046596,24736,8542321030,163274,93,HK,홍콩,플래시 메모리,2025.06,HK
5113397,5828556,2486,8542321090,715159,569,HK,홍콩,기타,2025.06,HK
46392,46392,60,8542322000,0,0,HK,홍콩,하이브리드 집적회로,2025.06,HK
943325762,956896691,56087,8542323000,13570929,1144,HK,홍콩,복합구조칩 집적회로,2025.06,HK
346601475,346608588,9710,8542324000,7113,14,HK,홍콩,복합부품 집적회로(MCOs),2025.06,HK
55413537,55836022,15797,8542321010,422485,376,HK,홍콩,디램,2025.07,HK
171805,182602,282,8542321020,10797,7,HK,홍콩,에스램,2025.07,HK
65181138,65668118,7953,8542321030,486980,190,HK,홍콩,플래시 메모리,2025.07,HK
9551305,10224516,3506,8542321090,673211,352,HK,홍콩,기타,2025.07,HK
-92245,605,6,8542322000,92850,9,HK,홍콩,하이브리드 집적회로,2025.07,HK
822826106,849598188,52105,8542323000,26772082,1690,HK,홍콩,복합구조칩 집적회로,2025.07,HK
236643440,236661058,5829,8542324000,17618,41,HK,홍콩,복합부품 집적회로(MCOs),2025.07,HK
82603848,83668359,11210,8542321010,1064511,577,HK,홍콩,디램,2025.08,HK
122318,122318,272,8542321020,0,0,HK,홍콩,에스램,2025.08,HK
152960462,154605098,12548,8542321030,1644636,193,HK,홍콩,플래시 메모리,2025.08,HK
6508257,7182917,2829,8542321090,674660,451,HK,홍콩,기타,2025.08,HK
66161,66161,42,8542322000,0,0,HK,홍콩,하이브리드 집적회로,2025.08,HK
977324686,982712979,55392,8542323000,5388293,808,HK,홍콩,복합구조칩 집적회로,2025.08,HK
252372837,252455144,5932,8542324000,82307,23,HK,홍콩,복합부품 집적회로(MCOs),2025.08,HK
114130423,114554649,25983,8542321010,424226,408,HK,홍콩,디램,2025.09,HK
91395,91395,184,8542321020,0,0,HK,홍콩,에스램,2025.09,HK
195432961,195873996,15930,8542321030,441035,106,HK,홍콩,플래시 메모리,2025.09,HK
4957858,5365066,1518,8542321090,407208,373,HK,홍콩,기타,2025.09,HK
1220418994,1224998208,72818,8542323000,4579214,508,HK,홍콩,복합구조칩 집적회로,2025.09,HK
341411407,355430550,8334,8542324000,14019143,866,HK,홍콩,복합부품 집적회로(MCOs),2025.09,HK
39258160,40276177,9726,8542321010,1018017,1026,HK,홍콩,디램,2025.10,HK
127751,127751,184,8542321020,0,0,HK,홍콩,에스램,2025.10,HK
62760696,62928217,5367,8542321030,167521,140,HK,홍콩,플래시 메모리,2025.10,HK
5301932,6387192,1537,8542321090,1085260,586,HK,홍콩,기타,2025.10,HK
128146,128146,79,8542322000,0,0,HK,홍콩,하이브리드 집적회로,2025.10,HK
942405802,944358221,58442,8542323000,1952419,244,HK,홍콩,복합구조칩 집적회로,2025.10,HK
269731574,271567234,6169,8542324000,1835660,686,HK,홍콩,복합부품 집적회로(MCOs),2025.10,HK
223550288,224319192,16381,8542321010,768904,404,HK,홍콩,디램,2025.11,HK
96690,96690,202,8542321020,0,0,HK,홍콩,에스램,2025.11,HK
164468134,164749451,7255,8542321030,281317,15,HK,홍콩,플래시 메모리,2025.11,HK
12613554,12797935,2133,8542321090,184381,54,HK,홍콩,기타,2025.11,HK
36865,36865,17,8542322000,0,0,HK,홍콩,하이브리드 집적회로,2025.11,HK
1149688100,1152826444,49892,8542323000,3138344,483,HK,홍콩,복합구조칩 집적회로,2025.11,HK
258712560,258727552,4905,8542324000,14992,28,HK,홍콩,복합부품 집적회로(MCOs),2025.11,HK
157990460,158746977,23285,8542321010,756517,508,HK,홍콩,디램,2025.12,HK
76400,76400,164,8542321020,0,0,HK,홍콩,에스램,2025.12,HK
363731472,363807914,10238,8542321030,76442,54,HK,홍콩,플래시 메모리,2025.12,HK
22997469,23593126,3441,8542321090,595657,124,HK,홍콩,기타,2025.12,HK
78047,78047,26,8542322000,0,0,HK,홍콩,하이브리드 집적회로,2025.12,HK
1678596498,1680830710,57125,8542323000,2234212,241,HK,홍콩,복합구조칩 집적회로,2025.12,HK
392490229,392496710,7720,8542324000,6481,16,HK,홍콩,복합부품 집적회로(MCOs),2025.12,HK
434835145,581924481,26919,-,147089336,7440,-,-,-,총계,JP
2642040,2692867,273,8542321010,50827,19,JP,일본,디램,2025.01,JP
-5450,0,0,8542321020,5450,5,JP,일본,에스램,2025.01,JP
6765,7123,102,8542321030,358,0,JP,일본,플래시 메모리,2025.01,JP
-317889,328,3,8542321090,318217,156,JP,일본,기타,2025.01,JP
20681953,21415962,1155,8542323000,734009,46,JP,일본,복합구조칩 집적회로,2025.01,JP
2743596,2811284,75,8542324000,67688,24,JP,일본,복합부품 집적회로(MCOs),2025.01,JP
2909419,2964561,273,8542321010,55142,25,JP,일본,디램,2025.02,JP
-20416,0,0,8542321020,20416,0,JP,일본,에스램,2025.02,JP
-85212,3837,24,8542321030,89049,17,JP,일본,플래시 메모리,2025.02,JP
-488682,0,0,8542321090,488682,267,JP,일본,기타,2025.02,JP
-3440,0,0,8542322000,3440,10,JP,일본,하이브리드 집적회로,2025.02,JP
22821432,23775471,1187,8542323000,954039,129,JP,일본,복합구조칩 집적회로,2025.02,JP
1776572,1777434,46,8542324000,862,1,JP,일본,복합부품 집적회로(MCOs),2025.02,JP
3621722,3643641,409,8542321010,21919,8,JP,일본,디램,2025.03,JP
-7189,0,0,8542321020,7189,0,JP,일본,에스램,2025.03,JP
6376,6376,29,8542321030,0,0,JP,일본,플래시 메모리,2025.03,JP
-648440,34147,16,8542321090,682587,413,JP,일본,기타,2025.03,JP
23341178,23920057,1222,8542323000,578879,23,JP,일본,복합구조칩 집적회로,2025.03,JP
1953757,1956049,60,8542324000,2292,3,JP,일본,복합부품 집적회로(MCOs),2025.03,JP
5043603,5888578,773,8542321010,844975,419,JP,일본,디램,2025.04,JP
-19746,0,0,8542321020,19746,0,JP,일본,에스램,2025.04,JP
19483,21094,27,8542321030,1611,3,JP,일본,플래시 메모리,2025.04,JP
-461504,74,10,8542321090,461578,226,JP,일본,기타,2025.04,JP
28439030,30950609,1468,8542323000,2511579,88,JP,일본,복합구조칩 집적회로,2025.04,JP
2080175,2082984,53,8542324000,2809,2,JP,일본,복합부품 집적회로(MCOs),2025.04,JP
2058042,2862670,312,8542321010,804628,102,JP,일본,디램,2025.05,JP
-27266,0,0,8542321020,27266,6,JP,일본,에스램,2025.05,JP
3481,8043,33,8542321030,4562,19,JP,일본,플래시 메모리,2025.05,JP
-402518,2169,7,8542321090,404687,176,JP,일본,기타,2025.05,JP
41270403,43090701,1753,8542323000,1820298,47,JP,일본,복합구조칩 집적회로,2025.05,JP
4190392,4222474,98,8542324000,32082,2,JP,일본,복합부품 집적회로(MCOs),2025.05,JP
5041426,5173017,381,8542321010,131591,48,JP,일본,디램,2025.06,JP
-18494,0,0,8542321020,18494,0,JP,일본,에스램,2025.06,JP
-4111,3419,16,8542321030,7530,15,JP,일본,플래시 메모리,2025.06,JP
-879074,4320,2,8542321090,883394,344,JP,일본,기타,2025.06,JP
51635983,55786747,2517,8542323000,4150764,73,JP,일본,복합구조칩 집적회로,2025.06,JP
3737445,3745170,77,8542324000,7725,5,JP,일본,복합부품 집적회로(MCOs),2025.06,JP
12594885,12677887,743,8542321010,83002,27,JP,일본,디램,2025.07,JP
-46306,0,0,8542321020,46306,11,JP,일본,에스램,2025.07,JP
2087,3527,38,8542321030,1440,3,JP,일본,플래시 메모리,2025.07,JP
-648181,5,0,8542321090,648186,261,JP,일본,기타,2025.07,JP
32959129,40704290,1781,8542323000,7745161,523,JP,일본,복합구조칩 집적회로,2025.07,JP
5290407,5293248,97,8542324000,2841,4,JP,일본,복합부품 집적회로(MCOs),2025.07,JP
11171660,11221992,529,8542321010,50332,25,JP,일본,디램,2025.08,JP
-19357,202,0,8542321020,19559,2,JP,일본,에스램,2025.08,JP
6432,11854,34,8542321030,5422,3,JP,일본,플래시 메모리,2025.08,JP
-397074,3534,2,8542321090,400608,426,JP,일본,기타,2025.08,JP
32888415,44812778,1948,8542323000,11924363,100,JP,일본,복합구조칩 집적회로,2025.08,JP
2216593,2221877,49,8542324000,5284,4,JP,일본,복합부품 집적회로(MCOs),2025.08,JP
7742056,8263575,515,8542321010,521519,178,JP,일본,디램,2025.09,JP
-42373,0,0,8542321020,42373,1,JP,일본,에스램,2025.09,JP
15902,16582,60,8542321030,680,1,JP,일본,플래시 메모리,2025.09,JP
-481875,0,0,8542321090,481875,252,JP,일본,기타,2025.09,JP
40471266,47884672,2173,8542323000,7413406,62,JP,일본,복합구조칩 집적회로,2025.09,JP
8339329,8357996,139,8542324000,18667,9,JP,일본,복합부품 집적회로(MCOs),2025.09,JP
4433882,4532626,207,8542321010,98744,35,JP,일본,디램,2025.10,JP
-40143,5261,9,8542321020,45404,9,JP,일본,에스램,2025.10,JP
31224,33882,33,8542321030,2658,12,JP,일본,플래시 메모리,2025.10,JP
-500675,3530,3,8542321090,504205,259,JP,일본,기타,2025.10,JP
3635285,30617822,1467,8542323000,26982537,240,JP,일본,복합구조칩 집적회로,2025.10,JP
6529913,6543039,88,8542324000,13126,4,JP,일본,복합부품 집적회로(MCOs),2025.10,JP
6925210,7032433,440,8542321010,107223,41,JP,일본,디램,2025.11,JP
-17765,0,0,8542321020,17765,1,JP,일본,에스램,2025.11,JP
-15449,11197,27,8542321030,26646,12,JP,일본,플래시 메모리,2025.11,JP
-1290409,65416,34,8542321090,1355825,248,JP,일본,기타,2025.11,JP
1281477,45273104,1482,8542323000,43991627,903,JP,일본,복합구조칩 집적회로,2025.11,JP
7112222,7113705,123,8542324000,1483,2,JP,일본,복합부품 집적회로(MCOs),2025.11,JP
4152368,4996080,340,8542321010,843712,102,JP,일본,디램,2025.12,JP
-21964,2669,3,8542321020,24633,4,JP,일본,에스램,2025.12,JP
18315,23619,17,8542321030,5304,11,JP,일본,플래시 메모리,2025.12,JP
-1282979,8411,20,8542321090,1291390,454,JP,일본,기타,2025.12,JP
23443456,49591811,1996,8542323000,26148355,485,JP,일본,복합구조칩 집적회로,2025.12,JP
5743340,5744651,124,8542324000,1311,4,JP,일본,복합부품 집적회로(MCOs),2025.12,JP
28403199,919555945,41022,-,891152746,23727,-,-,-,총계,SG
8450197,8585543,1317,8542321010,135346,69,SG,싱가포르,디램,2025.01,SG
3125,3125,6,8542321020,0,0,SG,싱가포르,에스램,2025.01,SG
1081138,1104512,383,8542321030,23374,6,SG,싱가포르,플래시 메모리,2025.01,SG
-9849839,1588,3,8542321090,9851427,836,SG,싱가포르,기타,2025.01,SG
-1197609,438468,27,8542323000,1636077,42,SG,싱가포르,복합구조칩 집적회로,2025.01,SG
-16259902,2840,1,8542324000,16262742,188,SG,싱가포르,복합부품 집적회로(MCOs),2025.01,SG
8020887,8171149,2016,8542321010,150262,57,SG,싱가포르,디램,2025.02,SG
4781,4781,15,8542321020,0,0,SG,싱가포르,에스램,2025.02,SG
-1539574,777363,197,8542321030,2316937,326,SG,싱가포르,플래시 메모리,2025.02,SG
-7077860,6880,8,8542321090,7084740,534,SG,싱가포르,기타,2025.02,SG
-3631245,2139711,281,8542323000,5770956,111,SG,싱가포르,복합구조칩 집적회로,2025.02,SG
-58257206,107006,4,8542324000,58364212,1012,SG,싱가포르,복합부품 집적회로(MCOs),2025.02,SG
68934882,69299243,4193,8542321010,364361,122,SG,싱가포르,디램,2025.03,SG
3952820,3957113,1145,8542321030,4293,2,SG,싱가포르,플래시 메모리,2025.03,SG
-8279913,9446,7,8542321090,8289359,755,SG,싱가포르,기타,2025.03,SG
9508258,11104010,940,8542323000,1595752,36,SG,싱가포르,복합구조칩 집적회로,2025.03,SG
-41158260,107468,4,8542324000,41265728,663,SG,싱가포르,복합부품 집적회로(MCOs),2025.03,SG
29000253,29272202,5169,8542321010,271949,91,SG,싱가포르,디램,2025.04,SG
8608237,8690314,662,8542321030,82077,101,SG,싱가포르,플래시 메모리,2025.04,SG
-9246074,41797,31,8542321090,9287871,823,SG,싱가포르,기타,2025.04,SG
-1072023,7622566,595,8542323000,8694589,411,SG,싱가포르,복합구조칩 집적회로,2025.04,SG
-44652067,152837,6,8542324000,44804904,568,SG,싱가포르,복합부품 집적회로(MCOs),2025.04,SG
43150754,43402723,3494,8542321010,251969,81,SG,싱가포르,디램,2025.05,SG
3650,3650,1,8542321020,0,0,SG,싱가포르,에스램,2025.05,SG
3668501,3685953,939,8542321030,17452,11,SG,싱가포르,플래시 메모리,2025.05,SG
-8636629,4800,1,8542321090,8641429,973,SG,싱가포르,기타,2025.05,SG
-4331776,3235173,335,8542323000,7566949,268,SG,싱가포르,복합구조칩 집적회로,2025.05,SG
-58488451,29672,5,8542324000,58518123,867,SG,싱가포르,복합부품 집적회로(MCOs),2025.05,SG
32564287,32877455,1943,8542321010,313168,109,SG,싱가포르,디램,2025.06,SG
1440,1440,5,8542321020,0,0,SG,싱가포르,에스램,2025.06,SG
2600932,2611071,1205,8542321030,10139,125,SG,싱가포르,플래시 메모리,2025.06,SG
-3475124,12008,6,8542321090,3487132,463,SG,싱가포르,기타,2025.06,SG
-2122229,2839177,229,8542323000,4961406,131,SG,싱가포르,복합구조칩 집적회로,2025.06,SG
-35923282,126302,5,8542324000,36049584,414,SG,싱가포르,복합부품 집적회로(MCOs),2025.06,SG
22229051,22743836,1493,8542321010,514785,155,SG,싱가포르,디램,2025.07,SG
7872,7872,12,8542321020,0,0,SG,싱가포르,에스램,2025.07,SG
2497793,2509600,1107,8542321030,11807,45,SG,싱가포르,플래시 메모리,2025.07,SG
-11852875,33426,35,8542321090,11886301,1135,SG,싱가포르,기타,2025.07,SG
-1665076,1547922,84,8542323000,3212998,64,SG,싱가포르,복합구조칩 집적회로,2025.07,SG
-7245655,184755,6,8542324000,7430410,94,SG,싱가포르,복합부품 집적회로(MCOs),2025.07,SG
16790598,16998306,869,8542321010,207708,76,SG,싱가포르,디램,2025.08,SG
5760,5760,19,8542321020,0,0,SG,싱가포르,에스램,2025.08,SG
4402674,4439574,1021,8542321030,36900,37,SG,싱가포르,플래시 메모리,2025.08,SG
-22515674,23884,15,8542321090,22539558,1644,SG,싱가포르,기타,2025.08,SG
1176385,4256567,129,8542323000,3080182,113,SG,싱가포르,복합구조칩 집적회로,2025.08,SG
-98618135,0,0,8542324000,98618135,1531,SG,싱가포르,복합부품 집적회로(MCOs),2025.08,SG
25174766,25281215,4495,8542321010,106449,35,SG,싱가포르,디램,2025.09,SG
-6202,0,0,8542321020,6202,9,SG,싱가포르,에스램,2025.09,SG
3224573,3315622,409,8542321030,91049,86,SG,싱가포르,플래시 메모리,2025.09,SG
-6528747,0,0,8542321090,6528747,600,SG,싱가포르,기타,2025.09,SG
4199888,14710258,591,8542323000,10510370,351,SG,싱가포르,복합구조칩 집적회로,2025.09,SG
-40562725,438749,15,8542324000,41001474,577,SG,싱가포르,복합부품 집적회로(MCOs),2025.09,SG
15456753,15602432,861,8542321010,145679,18,SG,싱가포르,디램,2025.10,SG
-234,2880,9,8542321020,3114,12,SG,싱가포르,에스램,2025.10,SG
382205,681908,166,8542321030,299703,236,SG,싱가포르,플래시 메모리,2025.10,SG
-5720062,3694,3,8542321090,5723756,448,SG,싱가포르,기타,2025.10,SG
73123561,82885675,147,8542323000,9762114,193,SG,싱가포르,복합구조칩 집적회로,2025.10,SG
-66567109,1960,1,8542324000,66569069,917,SG,싱가포르,복합부품 집적회로(MCOs),2025.10,SG
58470804,58682101,1246,8542321010,211297,33,SG,싱가포르,디램,2025.11,SG
3600,3600,12,8542321020,0,0,SG,싱가포르,에스램,2025.11,SG
3824082,4026096,1256,8542321030,202014,214,SG,싱가포르,플래시 메모리,2025.11,SG
-9246756,7719,7,8542321090,9254475,984,SG,싱가포르,기타,2025.11,SG
56608490,105985979,154,8542323000,49377489,744,SG,싱가포르,복합구조칩 집적회로,2025.11,SG
-132723330,494604,16,8542324000,133217934,1300,SG,싱가포르,복합부품 집적회로(MCOs),2025.11,SG
30591400,30698952,737,8542321010,107552,35,SG,싱가포르,디램,2025.12,SG
-68803,7200,26,8542321020,76003,13,SG,싱가포르,에스램,2025.12,SG
1517596,1525305,190,8542321030,7709,11,SG,싱가포르,플래시 메모리,2025.12,SG
-856748,26681,3,8542321090,883429,109,SG,싱가포르,기타,2025.12,SG
246341406,280547322,678,8542323000,34205916,1149,SG,싱가포르,복합구조칩 집적회로,2025.12,SG
-37803006,1445105,33,8542324000,39248111,561,SG,싱가포르,복합부품 집적회로(MCOs),2025.12,SG
3057490066,3150198255,31245,-,92708189,7239,-,-,-,총계,MY
2984951,2984981,288,8542321010,30,1,MY,말레이시아,디램,2025.01,MY
-108702,0,0,8542321020,108702,93,MY,말레이시아,에스램,2025.01,MY
6589227,6761982,580,8542321030,172755,25,MY,말레이시아,플래시 메모리,2025.01,MY
-12938753,0,0,8542321090,12938753,1526,MY,말레이시아,기타,2025.01,MY
300551356,300895186,1953,8542323000,343830,11,MY,말레이시아,복합구조칩 집적회로,2025.01,MY
51917,51929,1,8542324000,12,0,MY,말레이시아,복합부품 집적회로(MCOs),2025.01,MY
3515150,3515150,406,8542321010,0,0,MY,말레이시아,디램,2025.02,MY
-86984,0,0,8542321020,86984,54,MY,말레이시아,에스램,2025.02,MY
4537229,4734909,494,8542321030,197680,33,MY,말레이시아,플래시 메모리,2025.02,MY
-10105524,1795,3,8542321090,10107319,1112,MY,말레이시아,기타,2025.02,MY
163481186,164157026,1623,8542323000,675840,32,MY,말레이시아,복합구조칩 집적회로,2025.02,MY
-4879552,78844,5,8542324000,4958396,104,MY,말레이시아,복합부품 집적회로(MCOs),2025.02,MY
5562399,5568303,494,8542321010,5904,13,MY,말레이시아,디램,2025.03,MY
-95873,0,0,8542321020,95873,71,MY,말레이시아,에스램,2025.03,MY
8067013,8278370,835,8542321030,211357,29,MY,말레이시아,플래시 메모리,2025.03,MY
-5921711,0,0,8542321090,5921711,376,MY,말레이시아,기타,2025.03,MY
287230126,287253015,2188,8542323000,22889,8,MY,말레이시아,복합구조칩 집적회로,2025.03,MY
-1626943,233465,10,8542324000,1860408,39,MY,말레이시아,복합부품 집적회로(MCOs),2025.03,MY
4967489,4968342,375,8542321010,853,0,MY,말레이시아,디램,2025.04,MY
-123210,0,0,8542321020,123210,64,MY,말레이시아,에스램,2025.04,MY
5904103,6098938,750,8542321030,194835,41,MY,말레이시아,플래시 메모리,2025.04,MY
-55225,832,1,8542321090,56057,14,MY,말레이시아,기타,2025.04,MY
60444759,60444759,1138,8542323000,0,0,MY,말레이시아,복합구조칩 집적회로,2025.04,MY
207491,208191,9,8542324000,700,1,MY,말레이시아,복합부품 집적회로(MCOs),2025.04,MY
5297025,5300861,417,8542321010,3836,2,MY,말레이시아,디램,2025.05,MY
-102126,0,0,8542321020,102126,74,MY,말레이시아,에스램,2025.05,MY
7020552,7236806,836,8542321030,216254,35,MY,말레이시아,플래시 메모리,2025.05,MY
-1054437,0,0,8542321090,1054437,60,MY,말레이시아,기타,2025.05,MY
-2344,0,0,8542322000,2344,1,MY,말레이시아,하이브리드 집적회로,2025.05,MY
340375490,340435325,2573,8542323000,59835,11,MY,말레이시아,복합구조칩 집적회로,2025.05,MY
-8188335,57497,2,8542324000,8245832,131,MY,말레이시아,복합부품 집적회로(MCOs),2025.05,MY
4554743,4555368,230,8542321010,625,0,MY,말레이시아,디램,2025.06,MY
-51529,0,0,8542321020,51529,63,MY,말레이시아,에스램,2025.06,MY
6792289,7056182,928,8542321030,263893,33,MY,말레이시아,플래시 메모리,2025.06,MY
-4213794,0,0,8542321090,4213794,564,MY,말레이시아,기타,2025.06,MY
254491648,254491648,1777,8542323000,0,0,MY,말레이시아,복합구조칩 집적회로,2025.06,MY
607713,608787,9,8542324000,1074,1,MY,말레이시아,복합부품 집적회로(MCOs),2025.06,MY
4219016,4225672,285,8542321010,6656,1,MY,말레이시아,디램,2025.07,MY
-83771,0,0,8542321020,83771,95,MY,말레이시아,에스램,2025.07,MY
11287506,11574748,1028,8542321030,287242,91,MY,말레이시아,플래시 메모리,2025.07,MY
-624476,0,0,8542321090,624476,101,MY,말레이시아,기타,2025.07,MY
290589790,291213557,2053,8542323000,623767,5,MY,말레이시아,복합구조칩 집적회로,2025.07,MY
-6716190,43254,1,8542324000,6759444,130,MY,말레이시아,복합부품 집적회로(MCOs),2025.07,MY
1898879,1899007,94,8542321010,128,1,MY,말레이시아,디램,2025.08,MY
-77838,0,0,8542321020,77838,80,MY,말레이시아,에스램,2025.08,MY
3538672,3974905,543,8542321030,436233,75,MY,말레이시아,플래시 메모리,2025.08,MY
-799721,0,0,8542321090,799721,91,MY,말레이시아,기타,2025.08,MY
286649956,286707842,1449,8542323000,57886,0,MY,말레이시아,복합구조칩 집적회로,2025.08,MY
-4051626,4266,0,8542324000,4055892,52,MY,말레이시아,복합부품 집적회로(MCOs),2025.08,MY
5490211,5490242,205,8542321010,31,0,MY,말레이시아,디램,2025.09,MY
-96497,0,0,8542321020,96497,102,MY,말레이시아,에스램,2025.09,MY
10359004,10554663,858,8542321030,195659,60,MY,말레이시아,플래시 메모리,2025.09,MY
-110428,2654,170,8542321090,113082,52,MY,말레이시아,기타,2025.09,MY
63896533,63931490,1258,8542323000,34957,18,MY,말레이시아,복합구조칩 집적회로,2025.09,MY
-8109811,5637,1,8542324000,8115448,163,MY,말레이시아,복합부품 집적회로(MCOs),2025.09,MY
11194108,11194174,311,8542321010,66,2,MY,말레이시아,디램,2025.10,MY
-212302,0,0,8542321020,212302,162,MY,말레이시아,에스램,2025.10,MY
4537485,4856037,651,8542321030,318552,66,MY,말레이시아,플래시 메모리,2025.10,MY
-5100607,90000,38,8542321090,5190607,712,MY,말레이시아,기타,2025.10,MY
14454331,14455161,955,8542323000,830,0,MY,말레이시아,복합구조칩 집적회로,2025.10,MY
-7300963,60,0,8542324000,7301023,103,MY,말레이시아,복합부품 집적회로(MCOs),2025.10,MY
12875527,12883044,255,8542321010,7517,4,MY,말레이시아,디램,2025.11,MY
-267147,0,0,8542321020,267147,161,MY,말레이시아,에스램,2025.11,MY
3099213,3349976,476,8542321030,250763,65,MY,말레이시아,플래시 메모리,2025.11,MY
-12636,75000,34,8542321090,87636,43,MY,말레이시아,기타,2025.11,MY
488192735,488192735,975,8542323000,0,0,MY,말레이시아,복합구조칩 집적회로,2025.11,MY
-2808249,75171,5,8542324000,2883420,27,MY,말레이시아,복합부품 집적회로(MCOs),2025.11,MY
7203979,7205105,132,8542321010,1126,0,MY,말레이시아,디램,2025.12,MY
-26200,0,0,8542321020,26200,16,MY,말레이시아,에스램,2025.12,MY
3231270,3506507,651,8542321030,275237,77,MY,말레이시아,플래시 메모리,2025.12,MY
-432885,15000,7,8542321090,447885,51,MY,말레이시아,기타,2025.12,MY
448692571,448693857,885,8542323000,1286,0,MY,말레이시아,복합구조칩 집적회로,2025.12,MY
-768187,0,0,8542324000,768187,11,MY,말레이시아,복합부품 집적회로(MCOs),2025.12,MY
1771653517,1843359492,73881,-,71705975,7865,-,-,-,총계,PH
55270875,55274313,2643,8542321010,3438,17,PH,필리핀,디램,2025.01,PH
-84,0,0,8542321020,84,0,PH,필리핀,에스램,2025.01,PH
1357787,1517245,180,8542321030,159458,50,PH,필리핀,플래시 메모리,2025.01,PH
-239999,5,0,8542321090,240004,148,PH,필리핀,기타,2025.01,PH
12565322,12565322,248,8542323000,0,0,PH,필리핀,복합구조칩 집적회로,2025.01,PH
-215,0,0,8542324000,215,2,PH,필리핀,복합부품 집적회로(MCOs),2025.01,PH
29511096,29867089,1177,8542321010,355993,178,PH,필리핀,디램,2025.02,PH
-44641,0,0,8542321020,44641,39,PH,필리핀,에스램,2025.02,PH
1201612,1283716,162,8542321030,82104,19,PH,필리핀,플래시 메모리,2025.02,PH
-226080,0,0,8542321090,226080,129,PH,필리핀,기타,2025.02,PH
16139239,16139239,254,8542323000,0,0,PH,필리핀,복합구조칩 집적회로,2025.02,PH
43297385,44893912,2197,8542321010,1596527,881,PH,필리핀,디램,2025.03,PH
-27862,0,0,8542321020,27862,22,PH,필리핀,에스램,2025.03,PH
634128,775560,105,8542321030,141432,27,PH,필리핀,플래시 메모리,2025.03,PH
-396380,0,0,8542321090,396380,209,PH,필리핀,기타,2025.03,PH
8579619,20899400,403,8542323000,12319781,331,PH,필리핀,복합구조칩 집적회로,2025.03,PH
-38643101,0,0,8542324000,38643101,571,PH,필리핀,복합부품 집적회로(MCOs),2025.03,PH
67276519,67276661,2806,8542321010,142,1,PH,필리핀,디램,2025.04,PH
-9873,0,0,8542321020,9873,10,PH,필리핀,에스램,2025.04,PH
1580540,1693533,154,8542321030,112993,23,PH,필리핀,플래시 메모리,2025.04,PH
-446844,0,0,8542321090,446844,184,PH,필리핀,기타,2025.04,PH
961928,961928,16,8542323000,0,0,PH,필리핀,복합구조칩 집적회로,2025.04,PH
-410,0,0,8542324000,410,1,PH,필리핀,복합부품 집적회로(MCOs),2025.04,PH
126888658,127238394,5874,8542321010,349736,173,PH,필리핀,디램,2025.05,PH
-40802,0,0,8542321020,40802,32,PH,필리핀,에스램,2025.05,PH
680264,750578,106,8542321030,70314,20,PH,필리핀,플래시 메모리,2025.05,PH
-157238,0,0,8542321090,157238,95,PH,필리핀,기타,2025.05,PH
1148507,1149021,29,8542323000,514,1,PH,필리핀,복합구조칩 집적회로,2025.05,PH
-4329,0,0,8542324000,4329,2,PH,필리핀,복합부품 집적회로(MCOs),2025.05,PH
125044479,125071808,6945,8542321010,27329,8,PH,필리핀,디램,2025.06,PH
-32338,0,0,8542321020,32338,36,PH,필리핀,에스램,2025.06,PH
-787917,1370148,205,8542321030,2158065,180,PH,필리핀,플래시 메모리,2025.06,PH
-230749,0,0,8542321090,230749,157,PH,필리핀,기타,2025.06,PH
77725,102537,6,8542323000,24812,1,PH,필리핀,복합구조칩 집적회로,2025.06,PH
-1464066,0,0,8542324000,1464066,45,PH,필리핀,복합부품 집적회로(MCOs),2025.06,PH
131242044,131242133,6844,8542321010,89,0,PH,필리핀,디램,2025.07,PH
-25750,0,0,8542321020,25750,20,PH,필리핀,에스램,2025.07,PH
304397,354897,12,8542321030,50500,17,PH,필리핀,플래시 메모리,2025.07,PH
-297796,0,0,8542321090,297796,145,PH,필리핀,기타,2025.07,PH
-2768,0,0,8542322000,2768,1,PH,필리핀,하이브리드 집적회로,2025.07,PH
212301,212301,9,8542323000,0,0,PH,필리핀,복합구조칩 집적회로,2025.07,PH
-3325,263,0,8542324000,3588,2,PH,필리핀,복합부품 집적회로(MCOs),2025.07,PH
205495021,210851917,9457,8542321010,5356896,1727,PH,필리핀,디램,2025.08,PH
-4564,0,0,8542321020,4564,4,PH,필리핀,에스램,2025.08,PH
105508,200254,72,8542321030,94746,52,PH,필리핀,플래시 메모리,2025.08,PH
-130273,1628,1,8542321090,131901,197,PH,필리핀,기타,2025.08,PH
110103,110103,5,8542323000,0,0,PH,필리핀,복합구조칩 집적회로,2025.08,PH
-1695,0,0,8542324000,1695,1,PH,필리핀,복합부품 집적회로(MCOs),2025.08,PH
132356379,132479222,6165,8542321010,122843,20,PH,필리핀,디램,2025.09,PH
-34638,0,0,8542321020,34638,43,PH,필리핀,에스램,2025.09,PH
1458768,1526605,216,8542321030,67837,32,PH,필리핀,플래시 메모리,2025.09,PH
-66596,0,0,8542321090,66596,55,PH,필리핀,기타,2025.09,PH
-3388,0,0,8542324000,3388,4,PH,필리핀,복합부품 집적회로(MCOs),2025.09,PH
109280404,112100831,4510,8542321010,2820427,914,PH,필리핀,디램,2025.10,PH
-24900,0,0,8542321020,24900,28,PH,필리핀,에스램,2025.10,PH
1949079,1981585,113,8542321030,32506,16,PH,필리핀,플래시 메모리,2025.10,PH
-157821,0,0,8542321090,157821,165,PH,필리핀,기타,2025.10,PH
-1691702,8666,0,8542323000,1700368,144,PH,필리핀,복합구조칩 집적회로,2025.10,PH
-566,41,0,8542324000,607,1,PH,필리핀,복합부품 집적회로(MCOs),2025.10,PH
374616908,375477376,11685,8542321010,860468,405,PH,필리핀,디램,2025.11,PH
-23843,0,0,8542321020,23843,24,PH,필리핀,에스램,2025.11,PH
828682,857894,70,8542321030,29212,16,PH,필리핀,플래시 메모리,2025.11,PH
-59507,3992,3,8542321090,63499,33,PH,필리핀,기타,2025.11,PH
378244,380665,18,8542323000,2421,1,PH,필리핀,복합구조칩 집적회로,2025.11,PH
-1786,0,0,8542324000,1786,2,PH,필리핀,복합부품 집적회로(MCOs),2025.11,PH
366397457,366397546,11105,8542321010,89,1,PH,필리핀,디램,2025.12,PH
-41661,0,0,8542321020,41661,32,PH,필리핀,에스램,2025.12,PH
223976,320730,80,8542321030,96754,38,PH,필리핀,플래시 메모리,2025.12,PH
-202795,6,0,8542321090,202801,130,PH,필리핀,기타,2025.12,PH
20428,20428,3,8542323000,0,0,PH,필리핀,복합구조칩 집적회로,2025.12,PH
-13563,0,0,8542324000,13563,7,PH,필리핀,복합부품 집적회로(MCOs),2025.12,PH
53212697724,74898704587,909169,-,21686006863,427528,-,-,-,총계,CN
2643228731,3627420189,88791,8542321010,984191458,46819,CN,중국,디램,2026.01,CN
-179602,0,0,8542321020,179602,86,CN,중국,에스램,2026.01,CN
693860110,921848343,25148,8542321030,227988233,6641,CN,중국,플래시 메모리,2026.01,CN
-4137370,1152978,663,8542321090,5290348,1740,CN,중국,기타,2026.01,CN
-185786,1840,6,8542322000,187626,124,CN,중국,하이브리드 집적회로,2026.01,CN
-223480578,363853639,8713,8542323000,587334217,7648,CN,중국,복합구조칩 집적회로,2026.01,CN
-201962886,19749507,941,8542324000,221712393,2036,CN,중국,복합부품 집적회로(MCOs),2026.01,CN
3446755196,4337089049,76064,8542321010,890333853,31378,CN,중국,디램,2026.02,CN
63166,79384,6,8542321020,16218,27,CN,중국,에스램,2026.02,CN
513093905,732597134,19973,8542321030,219503229,6699,CN,중국,플래시 메모리,2026.02,CN
-6897966,1653811,844,8542321090,8551777,2592,CN,중국,기타,2026.02,CN
-8423,0,0,8542322000,8423,17,CN,중국,하이브리드 집적회로,2026.02,CN
-80744229,523723535,8959,8542323000,604467764,6190,CN,중국,복합구조칩 집적회로,2026.02,CN
-215510761,3569930,148,8542324000,219080691,1903,CN,중국,복합부품 집적회로(MCOs),2026.02,CN
4262441448,5425354148,70290,8542321010,1162912700,34754,CN,중국,디램,2026.03,CN
-287475,76954,9,8542321020,364429,201,CN,중국,에스램,2026.03,CN
694425221,977675274,21157,8542321030,283250053,7167,CN,중국,플래시 메모리,2026.03,CN
-3095777,1787803,716,8542321090,4883580,1659,CN,중국,기타,2026.03,CN
-236862,0,0,8542322000,236862,127,CN,중국,하이브리드 집적회로,2026.03,CN
-12921154,771069052,13439,8542323000,783990206,8192,CN,중국,복합구조칩 집적회로,2026.03,CN
-199615501,87511471,4300,8542324000,287126972,2833,CN,중국,복합부품 집적회로(MCOs),2026.03,CN
5691535508,6597569841,67461,8542321010,906034333,26178,CN,중국,디램,2026.04,CN
-509196,440,1,8542321020,509636,42,CN,중국,에스램,2026.04,CN
1024041264,1256068847,21153,8542321030,232027583,6445,CN,중국,플래시 메모리,2026.04,CN
-6289287,1422737,812,8542321090,7712024,1963,CN,중국,기타,2026.04,CN
-437124,3798,15,8542322000,440922,47,CN,중국,하이브리드 집적회로,2026.04,CN
-356882460,740102673,10410,8542323000,1096985133,8111,CN,중국,복합구조칩 집적회로,2026.04,CN
-388505603,63989062,2828,8542324000,452494665,2784,CN,중국,복합부품 집적회로(MCOs),2026.04,CN
7002042109,8003192586,74908,8542321010,1001150477,25829,CN,중국,디램,2026.05,CN
-75124,93759,12,8542321020,168883,133,CN,중국,에스램,2026.05,CN
1086875204,1345539495,18255,8542321030,258664291,7001,CN,중국,플래시 메모리,2026.05,CN
-18356141,2951187,661,8542321090,21307328,1979,CN,중국,기타,2026.05,CN
-205988,43,1,8542322000,206031,10,CN,중국,하이브리드 집적회로,2026.05,CN
-112857390,1067235002,10295,8542323000,1180092392,8844,CN,중국,복합구조칩 집적회로,2026.05,CN
-386265528,39352765,2406,8542324000,425618293,2265,CN,중국,복합부품 집적회로(MCOs),2026.05,CN
6931514440,7769002610,80519,8542321010,837488170,34607,CN,중국,디램,2026.06,CN
-188889,67160,8,8542321020,256049,66,CN,중국,에스램,2026.06,CN
1343129452,1559864596,16183,8542321030,216735144,6474,CN,중국,플래시 메모리,2026.06,CN
-9964570,4131613,8789,8542321090,14096183,2704,CN,중국,기타,2026.06,CN
-80538,0,0,8542322000,80538,13,CN,중국,하이브리드 집적회로,2026.06,CN
-263454675,1189129372,15930,8542323000,1452584047,10039,CN,중국,복합구조칩 집적회로,2026.06,CN
-249641572,116318800,1885,8542324000,365960372,2844,CN,중국,복합부품 집적회로(MCOs),2026.06,CN
8930779915,9979069750,92173,8542321010,1048289835,35026,CN,중국,디램,2026.07,CN
-1226773,55328,12,8542321020,1282101,148,CN,중국,에스램,2026.07,CN
1131928893,1326129210,14499,8542321030,194200317,6046,CN,중국,플래시 메모리,2026.07,CN
-6333607,3010826,1015,8542321090,9344433,2344,CN,중국,기타,2026.07,CN
-77499,0,0,8542322000,77499,2,CN,중국,하이브리드 집적회로,2026.07,CN
-188899619,1130209441,9903,8542323000,1319109060,8526,CN,중국,복합구조칩 집적회로,2026.07,CN
-597704750,28336300,1355,8542324000,626041050,2121,CN,중국,복합부품 집적회로(MCOs),2026.07,CN
10099168843,10998452136,87851,8542321010,899283293,36342,CN,중국,디램,2026.08,CN
-250341,22672,3,8542321020,273013,105,CN,중국,에스램,2026.08,CN
2108495764,2322481159,16911,8542321030,213985395,6618,CN,중국,플래시 메모리,2026.08,CN
-16674654,1548325,579,8542321090,18222979,3067,CN,중국,기타,2026.08,CN
-1450143,0,0,8542322000,1450143,116,CN,중국,하이브리드 집적회로,2026.08,CN
-225202300,1547487485,12038,8542323000,1772689785,7774,CN,중국,복합구조칩 집적회로,2026.08,CN
-609883304,9651528,133,8542324000,619534832,2082,CN,중국,복합부품 집적회로(MCOs),2026.08,CN
26686753439,29601093316,213850,-,2914339877,110525,-,-,-,총계,TW
46959164,89633410,11286,8542321010,42674246,6112,TW,대만,디램,2026.01,TW
-804966,1493,3,8542321020,806459,105,TW,대만,에스램,2026.01,TW
109323091,115040002,3195,8542321030,5716911,4211,TW,대만,플래시 메모리,2026.01,TW
-37396695,213081,52,8542321090,37609776,1374,TW,대만,기타,2026.01,TW
-703461,0,0,8542322000,703461,20,TW,대만,하이브리드 집적회로,2026.01,TW
2083571851,2263168151,12850,8542323000,179596300,2535,TW,대만,복합구조칩 집적회로,2026.01,TW
-3139344,580940,71,8542324000,3720284,42,TW,대만,복합부품 집적회로(MCOs),2026.01,TW
74351030,99126179,9852,8542321010,24775149,4854,TW,대만,디램,2026.02,TW
-709314,0,0,8542321020,709314,181,TW,대만,에스램,2026.02,TW
97417058,102397282,1929,8542321030,4980224,3386,TW,대만,플래시 메모리,2026.02,TW
-46585759,629,9,8542321090,46586388,1543,TW,대만,기타,2026.02,TW
-48,0,0,8542322000,48,5,TW,대만,하이브리드 집적회로,2026.02,TW
2626400007,2799629741,16035,8542323000,173229734,2477,TW,대만,복합구조칩 집적회로,2026.02,TW
-22052567,1957177,112,8542324000,24009744,151,TW,대만,복합부품 집적회로(MCOs),2026.02,TW
87884210,125762193,11800,8542321010,37877983,7703,TW,대만,디램,2026.03,TW
-1474224,0,0,8542321020,1474224,324,TW,대만,에스램,2026.03,TW
243132052,251197214,4852,8542321030,8065162,4542,TW,대만,플래시 메모리,2026.03,TW
-1144282,8520238,149,8542321090,9664520,1021,TW,대만,기타,2026.03,TW
-2523,0,0,8542322000,2523,0,TW,대만,하이브리드 집적회로,2026.03,TW
3579508696,3615474788,17492,8542323000,35966092,1205,TW,대만,복합구조칩 집적회로,2026.03,TW
-31288405,2673715,116,8542324000,33962120,167,TW,대만,복합부품 집적회로(MCOs),2026.03,TW
42161535,133425199,10230,8542321010,91263664,6802,TW,대만,디램,2026.04,TW
-1745834,3156,5,8542321020,1748990,202,TW,대만,에스램,2026.04,TW
67418835,80155233,2038,8542321030,12736398,4431,TW,대만,플래시 메모리,2026.04,TW
-7312306,15316769,101,8542321090,22629075,1323,TW,대만,기타,2026.04,TW
-136967,0,0,8542322000,136967,6,TW,대만,하이브리드 집적회로,2026.04,TW
3123711930,3261429187,17348,8542323000,137717257,1174,TW,대만,복합구조칩 집적회로,2026.04,TW
-123509445,1040057,70,8542324000,124549502,416,TW,대만,복합부품 집적회로(MCOs),2026.04,TW
173566443,196347957,11903,8542321010,22781514,4914,TW,대만,디램,2026.05,TW
-451593,16560,4,8542321020,468153,78,TW,대만,에스램,2026.05,TW
66444864,76173927,1221,8542321030,9729063,4347,TW,대만,플래시 메모리,2026.05,TW
-92461686,783103,82,8542321090,93244789,2629,TW,대만,기타,2026.05,TW
-24,0,0,8542322000,24,0,TW,대만,하이브리드 집적회로,2026.05,TW
3716490443,3888554587,17704,8542323000,172064144,1391,TW,대만,복합구조칩 집적회로,2026.05,TW
-91396762,3433615,226,8542324000,94830377,228,TW,대만,복합부품 집적회로(MCOs),2026.05,TW
117328734,151861514,7628,8542321010,34532780,5266,TW,대만,디램,2026.06,TW
-2514741,0,0,8542321020,2514741,291,TW,대만,에스램,2026.06,TW
224473482,240001305,2611,8542321030,15527823,4005,TW,대만,플래시 메모리,2026.06,TW
-120178509,5769577,79,8542321090,125948086,2611,TW,대만,기타,2026.06,TW
4886908955,5029233787,18423,8542323000,142324832,2330,TW,대만,복합구조칩 집적회로,2026.06,TW
-112652277,514271,9,8542324000,113166548,317,TW,대만,복합부품 집적회로(MCOs),2026.06,TW
116940325,180701335,7954,8542321010,63761010,3749,TW,대만,디램,2026.07,TW
47601141,48041626,424,8542321020,440485,119,TW,대만,에스램,2026.07,TW
117557395,140815068,1508,8542321030,23257673,4436,TW,대만,플래시 메모리,2026.07,TW
-73376482,14631,29,8542321090,73391113,2201,TW,대만,기타,2026.07,TW
-294,0,0,8542322000,294,1,TW,대만,하이브리드 집적회로,2026.07,TW
2707724672,2825930953,8081,8542323000,118206281,1387,TW,대만,복합구조칩 집적회로,2026.07,TW
-18894797,464602,5,8542324000,19359399,76,TW,대만,복합부품 집적회로(MCOs),2026.07,TW
206714672,255893827,4538,8542321010,49179155,4327,TW,대만,디램,2026.08,TW
-2440524,11405,9,8542321020,2451929,184,TW,대만,에스램,2026.08,TW
244313578,256911551,2196,8542321030,12597973,4230,TW,대만,플래시 메모리,2026.08,TW
-157699057,7778009,62,8542321090,165477066,2506,TW,대만,기타,2026.08,TW
3079002959,3322105255,9291,8542323000,243102296,2026,TW,대만,복합구조칩 집적회로,2026.08,TW
-250080797,2989017,267,8542324000,253069814,562,TW,대만,복합부품 집적회로(MCOs),2026.08,TW
22136991617,22226917980,427240,-,89926363,7031,-,-,-,총계,VN
586937048,595241361,15605,8542321010,8304313,846,VN,베트남,디램,2026.01,VN
8584,8584,3,8542321020,0,0,VN,베트남,에스램,2026.01,VN
52112594,52972800,3792,8542321030,860206,24,VN,베트남,플래시 메모리,2026.01,VN
20844645,21030104,9434,8542321090,185459,29,VN,베트남,기타,2026.01,VN
815,815,1,8542322000,0,0,VN,베트남,하이브리드 집적회로,2026.01,VN
316149172,316525195,9685,8542323000,376023,10,VN,베트남,복합구조칩 집적회로,2026.01,VN
214085440,214085519,3877,8542324000,79,4,VN,베트남,복합부품 집적회로(MCOs),2026.01,VN
850869535,857470441,20452,8542321010,6600906,643,VN,베트남,디램,2026.02,VN
10204,10204,1,8542321020,0,0,VN,베트남,에스램,2026.02,VN
27939859,28447759,2846,8542321030,507900,204,VN,베트남,플래시 메모리,2026.02,VN
14010104,14149150,4140,8542321090,139046,27,VN,베트남,기타,2026.02,VN
814,814,1,8542322000,0,0,VN,베트남,하이브리드 집적회로,2026.02,VN
269036458,269197606,7481,8542323000,161148,12,VN,베트남,복합구조칩 집적회로,2026.02,VN
412771407,412771407,3633,8542324000,0,0,VN,베트남,복합부품 집적회로(MCOs),2026.02,VN
1230912682,1237504765,29125,8542321010,6592083,610,VN,베트남,디램,2026.03,VN
3409,3409,3,8542321020,0,0,VN,베트남,에스램,2026.03,VN
48605108,48968489,5043,8542321030,363381,76,VN,베트남,플래시 메모리,2026.03,VN
21192315,21523485,7562,8542321090,331170,66,VN,베트남,기타,2026.03,VN
3910,3910,3,8542322000,0,0,VN,베트남,하이브리드 집적회로,2026.03,VN
438883580,439377128,12148,8542323000,493548,41,VN,베트남,복합구조칩 집적회로,2026.03,VN
443321988,443322032,5802,8542324000,44,2,VN,베트남,복합부품 집적회로(MCOs),2026.03,VN
1443385907,1446881315,29739,8542321010,3495408,301,VN,베트남,디램,2026.04,VN
6352,6352,2,8542321020,0,0,VN,베트남,에스램,2026.04,VN
41297839,43146901,4425,8542321030,1849062,325,VN,베트남,플래시 메모리,2026.04,VN
20742661,20869624,10352,8542321090,126963,20,VN,베트남,기타,2026.04,VN
7009,7009,3,8542322000,0,0,VN,베트남,하이브리드 집적회로,2026.04,VN
614461642,618721203,11725,8542323000,4259561,239,VN,베트남,복합구조칩 집적회로,2026.04,VN
658507617,658513114,3991,8542324000,5497,8,VN,베트남,복합부품 집적회로(MCOs),2026.04,VN
1783500200,1796729471,30172,8542321010,13229271,817,VN,베트남,디램,2026.05,VN
6396,6396,2,8542321020,0,0,VN,베트남,에스램,2026.05,VN
41622048,42323942,3706,8542321030,701894,158,VN,베트남,플래시 메모리,2026.05,VN
21835821,21870875,9469,8542321090,35054,6,VN,베트남,기타,2026.05,VN
10389,10389,10,8542322000,0,0,VN,베트남,하이브리드 집적회로,2026.05,VN
634639035,640501952,11478,8542323000,5862917,242,VN,베트남,복합구조칩 집적회로,2026.05,VN
1002439291,1002439411,7982,8542324000,120,6,VN,베트남,복합부품 집적회로(MCOs),2026.05,VN
1530756192,1543032275,21674,8542321010,12276083,779,VN,베트남,디램,2026.06,VN
27219,27219,2,8542321020,0,0,VN,베트남,에스램,2026.06,VN
42819185,43380341,4445,8542321030,561156,72,VN,베트남,플래시 메모리,2026.06,VN
20919514,20928760,7349,8542321090,9246,4,VN,베트남,기타,2026.06,VN
12527,12527,11,8542322000,0,0,VN,베트남,하이브리드 집적회로,2026.06,VN
731738411,732641180,14473,8542323000,902769,27,VN,베트남,복합구조칩 집적회로,2026.06,VN
1010665024,1010665308,6228,8542324000,284,0,VN,베트남,복합부품 집적회로(MCOs),2026.06,VN
1941251534,1948783389,19119,8542321010,7531855,509,VN,베트남,디램,2026.07,VN
1857,1857,2,8542321020,0,0,VN,베트남,에스램,2026.07,VN
44187611,44582467,4848,8542321030,394856,73,VN,베트남,플래시 메모리,2026.07,VN
26262765,26270045,7047,8542321090,7280,2,VN,베트남,기타,2026.07,VN
10209,11660,5,8542322000,1451,1,VN,베트남,하이브리드 집적회로,2026.07,VN
1033595331,1033675272,17936,8542323000,79941,13,VN,베트남,복합구조칩 집적회로,2026.07,VN
1195903903,1195904092,5451,8542324000,189,13,VN,베트남,복합부품 집적회로(MCOs),2026.07,VN
1797751265,1807212004,21948,8542321010,9460739,581,VN,베트남,디램,2026.08,VN
1397,1397,4,8542321020,0,0,VN,베트남,에스램,2026.08,VN
41647986,41983315,4116,8542321030,335329,56,VN,베트남,플래시 메모리,2026.08,VN
25746803,25799839,8006,8542321090,53036,14,VN,베트남,기타,2026.08,VN
8266,8266,9,8542322000,0,0,VN,베트남,하이브리드 집적회로,2026.08,VN
836640639,840470565,18731,8542323000,3829926,168,VN,베트남,복합구조칩 집적회로,2026.08,VN
646882101,646883271,2144,8542324000,1170,3,VN,베트남,복합부품 집적회로(MCOs),2026.08,VN
1489058354,1536727268,19758,-,47668914,3954,-,-,-,총계,US
6152146,6383602,364,8542321010,231456,36,US,미국,디램,2026.01,US
-1518,0,0,8542321020,1518,1,US,미국,에스램,2026.01,US
-445059,2072,2,8542321030,447131,128,US,미국,플래시 메모리,2026.01,US
-2945911,103917,43,8542321090,3049828,389,US,미국,기타,2026.01,US
80555372,80558187,1467,8542323000,2815,3,US,미국,복합구조칩 집적회로,2026.01,US
1215587,1233746,33,8542324000,18159,52,US,미국,복합부품 집적회로(MCOs),2026.01,US
8605618,9510020,343,8542321010,904402,61,US,미국,디램,2026.02,US
-11844,0,0,8542321020,11844,2,US,미국,에스램,2026.02,US
-370880,983,1,8542321030,371863,94,US,미국,플래시 메모리,2026.02,US
-205728,19168,105,8542321090,224896,233,US,미국,기타,2026.02,US
106646247,107113511,1505,8542323000,467264,11,US,미국,복합구조칩 집적회로,2026.02,US
1777083,1795277,40,8542324000,18194,29,US,미국,복합부품 집적회로(MCOs),2026.02,US
17699397,18604407,591,8542321010,905010,95,US,미국,디램,2026.03,US
-1125,0,0,8542321020,1125,1,US,미국,에스램,2026.03,US
-337034,134474,20,8542321030,471508,147,US,미국,플래시 메모리,2026.03,US
-1999489,19957,46,8542321090,2019446,452,US,미국,기타,2026.03,US
-12948,0,0,8542322000,12948,1,US,미국,하이브리드 집적회로,2026.03,US
90308679,90314437,1309,8542323000,5758,21,US,미국,복합구조칩 집적회로,2026.03,US
3666680,3696961,94,8542324000,30281,20,US,미국,복합부품 집적회로(MCOs),2026.03,US
25608366,26448956,603,8542321010,840590,78,US,미국,디램,2026.04,US
-643,0,0,8542321020,643,1,US,미국,에스램,2026.04,US
-82371,40423,63,8542321030,122794,33,US,미국,플래시 메모리,2026.04,US
-1277608,35022,24,8542321090,1312630,334,US,미국,기타,2026.04,US
-7830,0,0,8542322000,7830,0,US,미국,하이브리드 집적회로,2026.04,US
146313429,146466326,1441,8542323000,152897,5,US,미국,복합구조칩 집적회로,2026.04,US
2798178,2816539,76,8542324000,18361,26,US,미국,복합부품 집적회로(MCOs),2026.04,US
36065800,36299984,977,8542321010,234184,11,US,미국,디램,2026.05,US
-114,0,0,8542321020,114,1,US,미국,에스램,2026.05,US
267692,352003,24,8542321030,84311,27,US,미국,플래시 메모리,2026.05,US
-4290679,696,1,8542321090,4291375,255,US,미국,기타,2026.05,US
260725258,261068403,1949,8542323000,343145,5,US,미국,복합구조칩 집적회로,2026.05,US
4833007,4841810,98,8542324000,8803,12,US,미국,복합부품 집적회로(MCOs),2026.05,US
40113641,40226219,904,8542321010,112578,43,US,미국,디램,2026.06,US
52274,250261,23,8542321030,197987,87,US,미국,플래시 메모리,2026.06,US
-2174674,4142,20,8542321090,2178816,121,US,미국,기타,2026.06,US
214120946,214180356,1952,8542323000,59410,2,US,미국,복합구조칩 집적회로,2026.06,US
5483613,5513253,82,8542324000,29640,44,US,미국,복합부품 집적회로(MCOs),2026.06,US
59755293,64081297,1186,8542321010,4326004,120,US,미국,디램,2026.07,US
-208,0,0,8542321020,208,1,US,미국,에스램,2026.07,US
-5191074,414139,35,8542321030,5605213,101,US,미국,플래시 메모리,2026.07,US
-2741026,10045,2,8542321090,2751071,106,US,미국,기타,2026.07,US
-25851,0,0,8542322000,25851,2,US,미국,하이브리드 집적회로,2026.07,US
109484534,110179668,992,8542323000,695134,11,US,미국,복합구조칩 집적회로,2026.07,US
4450391,4460105,61,8542324000,9714,77,US,미국,복합부품 집적회로(MCOs),2026.07,US
126029674,126228362,1989,8542321010,198688,12,US,미국,디램,2026.08,US
-2961,0,0,8542321020,2961,1,US,미국,에스램,2026.08,US
90264,263986,39,8542321030,173722,211,US,미국,플래시 메모리,2026.08,US
-13805794,48517,7,8542321090,13854311,356,US,미국,기타,2026.08,US
166833891,167652454,1176,8542323000,818563,38,US,미국,복합구조칩 집적회로,2026.08,US
5337663,5353583,72,8542324000,15920,59,US,미국,복합부품 집적회로(MCOs),2026.08,US
32759710134,32935371181,766694,-,175661047,15204,-,-,-,총계,HK
222370215,225757028,13428,8542321010,3386813,588,HK,홍콩,디램,2026.01,HK
432833,432833,262,8542321020,0,0,HK,홍콩,에스램,2026.01,HK
326362821,327341760,9758,8542321030,978939,83,HK,홍콩,플래시 메모리,2026.01,HK
12663406,13771668,2040,8542321090,1108262,115,HK,홍콩,기타,2026.01,HK
1406877693,1411903934,47473,8542323000,5026241,533,HK,홍콩,복합구조칩 집적회로,2026.01,HK
295503563,296873452,6145,8542324000,1369889,608,HK,홍콩,복합부품 집적회로(MCOs),2026.01,HK
280055732,280623808,15277,8542321010,568076,596,HK,홍콩,디램,2026.02,HK
89918,89918,223,8542321020,0,0,HK,홍콩,에스램,2026.02,HK
510459597,510536779,9666,8542321030,77182,12,HK,홍콩,플래시 메모리,2026.02,HK
11746493,12773863,1856,8542321090,1027370,174,HK,홍콩,기타,2026.02,HK
1792236698,1798088265,47723,8542323000,5851567,562,HK,홍콩,복합구조칩 집적회로,2026.02,HK
422375519,422802205,5954,8542324000,426686,18,HK,홍콩,복합부품 집적회로(MCOs),2026.02,HK
313817333,317091437,15121,8542321010,3274104,597,HK,홍콩,디램,2026.03,HK
158385,158385,251,8542321020,0,0,HK,홍콩,에스램,2026.03,HK
1225620982,1226722153,21222,8542321030,1101171,19,HK,홍콩,플래시 메모리,2026.03,HK
16441716,20973210,1759,8542321090,4531494,1098,HK,홍콩,기타,2026.03,HK
178680,178680,52,8542322000,0,0,HK,홍콩,하이브리드 집적회로,2026.03,HK
2616350714,2616869322,78265,8542323000,518608,30,HK,홍콩,복합구조칩 집적회로,2026.03,HK
727981736,728318754,10516,8542324000,337018,22,HK,홍콩,복합부품 집적회로(MCOs),2026.03,HK
207991870,217637447,19307,8542321010,9645577,2129,HK,홍콩,디램,2026.04,HK
168561,193492,388,8542321020,24931,1,HK,홍콩,에스램,2026.04,HK
246908987,246926527,5501,8542321030,17540,3,HK,홍콩,플래시 메모리,2026.04,HK
16831586,18593872,1626,8542321090,1762286,222,HK,홍콩,기타,2026.04,HK
2362933766,2383413579,59013,8542323000,20479813,750,HK,홍콩,복합구조칩 집적회로,2026.04,HK
385917842,385924351,4162,8542324000,6509,12,HK,홍콩,복합부품 집적회로(MCOs),2026.04,HK
125299655,152135898,15218,8542321010,26836243,2192,HK,홍콩,디램,2026.05,HK
119139,119139,183,8542321020,0,0,HK,홍콩,에스램,2026.05,HK
204060006,204109967,4442,8542321030,49961,25,HK,홍콩,플래시 메모리,2026.05,HK
14037110,15648350,1454,8542321090,1611240,262,HK,홍콩,기타,2026.05,HK
99026,99026,12,8542322000,0,0,HK,홍콩,하이브리드 집적회로,2026.05,HK
3007465050,3035139470,61735,8542323000,27674420,1203,HK,홍콩,복합구조칩 집적회로,2026.05,HK
656085553,656090695,4360,8542324000,5142,10,HK,홍콩,복합부품 집적회로(MCOs),2026.05,HK
288845478,311251638,21186,8542321010,22406160,866,HK,홍콩,디램,2026.06,HK
268364,268364,350,8542321020,0,0,HK,홍콩,에스램,2026.06,HK
606238874,606297568,14840,8542321030,58694,8,HK,홍콩,플래시 메모리,2026.06,HK
8731614,12907914,1218,8542321090,4176300,610,HK,홍콩,기타,2026.06,HK
3902779018,3909761659,71964,8542323000,6982641,227,HK,홍콩,복합구조칩 집적회로,2026.06,HK
978287512,978297800,6205,8542324000,10288,8,HK,홍콩,복합부품 집적회로(MCOs),2026.06,HK
261818923,262606425,17484,8542321010,787502,521,HK,홍콩,디램,2026.07,HK
279380,362590,519,8542321020,83210,2,HK,홍콩,에스램,2026.07,HK
235333071,235486167,5643,8542321030,153096,38,HK,홍콩,플래시 메모리,2026.07,HK
24906178,30443419,2143,8542321090,5537241,307,HK,홍콩,기타,2026.07,HK
390400,390400,9,8542322000,0,0,HK,홍콩,하이브리드 집적회로,2026.07,HK
3080675470,3080872752,56297,8542323000,197282,9,HK,홍콩,복합구조칩 집적회로,2026.07,HK
457267109,457274739,4332,8542324000,7630,19,HK,홍콩,복합부품 집적회로(MCOs),2026.07,HK
424952071,433555839,17687,8542321010,8603768,207,HK,홍콩,디램,2026.08,HK
3839,162547,262,8542321020,158708,6,HK,홍콩,에스램,2026.08,HK
169000296,169749684,2740,8542321030,749388,53,HK,홍콩,플래시 메모리,2026.08,HK
17884589,21318494,1679,8542321090,3433905,388,HK,홍콩,기타,2026.08,HK
3975987165,3980598226,69081,8542323000,4611061,63,HK,홍콩,복합구조칩 집적회로,2026.08,HK
916418598,916425689,8664,8542324000,7091,9,HK,홍콩,복합부품 집적회로(MCOs),2026.08,HK
375728568,1086311958,13973,-,710583390,7249,-,-,-,총계,JP
11490342,12314461,228,8542321010,824119,150,JP,일본,디램,2026.01,JP
-33109,2592,3,8542321020,35701,1,JP,일본,에스램,2026.01,JP
47420,48593,26,8542321030,1173,5,JP,일본,플래시 메모리,2026.01,JP
-627235,77515,45,8542321090,704750,310,JP,일본,기타,2026.01,JP
-10089,0,0,8542322000,10089,14,JP,일본,하이브리드 집적회로,2026.01,JP
59536769,68294499,1099,8542323000,8757730,182,JP,일본,복합구조칩 집적회로,2026.01,JP
1319344,1323568,39,8542324000,4224,3,JP,일본,복합부품 집적회로(MCOs),2026.01,JP
2184177,3308029,140,8542321010,1123852,68,JP,일본,디램,2026.02,JP
-9321,0,0,8542321020,9321,0,JP,일본,에스램,2026.02,JP
31310,33105,16,8542321030,1795,11,JP,일본,플래시 메모리,2026.02,JP
-489916,56390,66,8542321090,546306,295,JP,일본,기타,2026.02,JP
43332426,84171741,1334,8542323000,40839315,330,JP,일본,복합구조칩 집적회로,2026.02,JP
6958483,6959539,68,8542324000,1056,2,JP,일본,복합부품 집적회로(MCOs),2026.02,JP
2740394,2813211,139,8542321010,72817,24,JP,일본,디램,2026.03,JP
-28407,3402,1,8542321020,31809,1,JP,일본,에스램,2026.03,JP
115448,125408,23,8542321030,9960,14,JP,일본,플래시 메모리,2026.03,JP
-257311,81177,45,8542321090,338488,123,JP,일본,기타,2026.03,JP
-374,0,0,8542322000,374,1,JP,일본,하이브리드 집적회로,2026.03,JP
29657293,86413913,1121,8542323000,56756620,1408,JP,일본,복합구조칩 집적회로,2026.03,JP
12249072,12252942,73,8542324000,3870,5,JP,일본,복합부품 집적회로(MCOs),2026.03,JP
1512988,2559528,125,8542321010,1046540,158,JP,일본,디램,2026.04,JP
-80225,3714,3,8542321020,83939,2,JP,일본,에스램,2026.04,JP
-74083,11410,26,8542321030,85493,64,JP,일본,플래시 메모리,2026.04,JP
-618738,69126,26,8542321090,687864,410,JP,일본,기타,2026.04,JP
105166871,125037354,1609,8542323000,19870483,129,JP,일본,복합구조칩 집적회로,2026.04,JP
11296265,11307879,69,8542324000,11614,5,JP,일본,복합부품 집적회로(MCOs),2026.04,JP
2994828,3168132,121,8542321010,173304,46,JP,일본,디램,2026.05,JP
-129150,0,0,8542321020,129150,2,JP,일본,에스램,2026.05,JP
9652,26021,18,8542321030,16369,31,JP,일본,플래시 메모리,2026.05,JP
-25544549,117118,27,8542321090,25661667,366,JP,일본,기타,2026.05,JP
25813726,86404654,1284,8542323000,60590928,230,JP,일본,복합구조칩 집적회로,2026.05,JP
10014331,10017348,70,8542324000,3017,6,JP,일본,복합부품 집적회로(MCOs),2026.05,JP
3275957,3349951,137,8542321010,73994,28,JP,일본,디램,2026.06,JP
-37674,8253,11,8542321020,45927,1,JP,일본,에스램,2026.06,JP
23860,28607,31,8542321030,4747,19,JP,일본,플래시 메모리,2026.06,JP
-35205259,174983,67,8542321090,35380242,429,JP,일본,기타,2026.06,JP
-1167359,166612124,1719,8542323000,167779483,480,JP,일본,복합구조칩 집적회로,2026.06,JP
35479719,35481458,118,8542324000,1739,3,JP,일본,복합부품 집적회로(MCOs),2026.06,JP
-8967165,1735149,136,8542321010,10702314,84,JP,일본,디램,2026.07,JP
-6148,0,0,8542321020,6148,0,JP,일본,에스램,2026.07,JP
-149457,13168,13,8542321030,162625,52,JP,일본,플래시 메모리,2026.07,JP
-267857,190113,55,8542321090,457970,280,JP,일본,기타,2026.07,JP
-9972100,128854635,1532,8542323000,138826735,614,JP,일본,복합구조칩 집적회로,2026.07,JP
7120874,7123644,50,8542324000,2770,5,JP,일본,복합부품 집적회로(MCOs),2026.07,JP
-2286838,1271982,56,8542321010,3558820,50,JP,일본,디램,2026.08,JP
-105562,0,0,8542321020,105562,6,JP,일본,에스램,2026.08,JP
-306403,1376,14,8542321030,307779,91,JP,일본,플래시 메모리,2026.08,JP
-2337745,351410,76,8542321090,2689155,310,JP,일본,기타,2026.08,JP
-8,0,0,8542322000,8,1,JP,일본,하이브리드 집적회로,2026.08,JP
83909489,215951166,2035,8542323000,132041677,397,JP,일본,복합구조칩 집적회로,2026.08,JP
8159612,8161570,81,8542324000,1958,3,JP,일본,복합부품 집적회로(MCOs),2026.08,JP
-63202792,1476624368,17453,-,1539827160,12219,-,-,-,총계,SG
5055048,6307874,157,8542321010,1252826,174,SG,싱가포르,디램,2026.01,SG
18332,25100,13,8542321020,6768,12,SG,싱가포르,에스램,2026.01,SG
2848931,2885669,105,8542321030,36738,25,SG,싱가포르,플래시 메모리,2026.01,SG
-3917155,0,0,8542321090,3917155,356,SG,싱가포르,기타,2026.01,SG
-46,0,0,8542322000,46,0,SG,싱가포르,하이브리드 집적회로,2026.01,SG
-751342,17022028,81,8542323000,17773370,303,SG,싱가포르,복합구조칩 집적회로,2026.01,SG
-100423975,2881137,65,8542324000,103305112,536,SG,싱가포르,복합부품 집적회로(MCOs),2026.01,SG
412702263,413297868,2822,8542321010,595605,42,SG,싱가포르,디램,2026.02,SG
9677,10200,26,8542321020,523,1,SG,싱가포르,에스램,2026.02,SG
6030566,6900627,255,8542321030,870061,236,SG,싱가포르,플래시 메모리,2026.02,SG
-6494273,4917,2,8542321090,6499190,592,SG,싱가포르,기타,2026.02,SG
-146,0,0,8542322000,146,1,SG,싱가포르,하이브리드 집적회로,2026.02,SG
37202135,54546188,108,8542323000,17344053,439,SG,싱가포르,복합구조칩 집적회로,2026.02,SG
-131572003,804520,18,8542324000,132376523,803,SG,싱가포르,복합부품 집적회로(MCOs),2026.02,SG
42414061,43135299,447,8542321010,721238,67,SG,싱가포르,디램,2026.03,SG
2436,8640,30,8542321020,6204,9,SG,싱가포르,에스램,2026.03,SG
17849495,18782566,1384,8542321030,933071,417,SG,싱가포르,플래시 메모리,2026.03,SG
-217349,324660,19,8542321090,542009,58,SG,싱가포르,기타,2026.03,SG
62228551,78710262,272,8542323000,16481711,373,SG,싱가포르,복합구조칩 집적회로,2026.03,SG
-113617090,2485230,71,8542324000,116102320,521,SG,싱가포르,복합부품 집적회로(MCOs),2026.03,SG
111389861,112002799,675,8542321010,612938,85,SG,싱가포르,디램,2026.04,SG
12610249,15997505,622,8542321030,3387256,443,SG,싱가포르,플래시 메모리,2026.04,SG
-1344165,9478,5,8542321090,1353643,86,SG,싱가포르,기타,2026.04,SG
-3751166,325273,4,8542323000,4076439,199,SG,싱가포르,복합구조칩 집적회로,2026.04,SG
-282054231,2094128,45,8542324000,284148359,968,SG,싱가포르,복합부품 집적회로(MCOs),2026.04,SG
175222020,176160462,1846,8542321010,938442,22,SG,싱가포르,디램,2026.05,SG
6113113,7701897,207,8542321030,1588784,151,SG,싱가포르,플래시 메모리,2026.05,SG
-11911177,825011,143,8542321090,12736188,491,SG,싱가포르,기타,2026.05,SG
-64292775,2132768,44,8542323000,66425543,251,SG,싱가포르,복합구조칩 집적회로,2026.05,SG
-192268117,1385154,18,8542324000,193653271,499,SG,싱가포르,복합부품 집적회로(MCOs),2026.05,SG
67119918,67265398,1730,8542321010,145480,41,SG,싱가포르,디램,2026.06,SG
-6206,0,0,8542321020,6206,8,SG,싱가포르,에스램,2026.06,SG
2149532,2630053,198,8542321030,480521,151,SG,싱가포르,플래시 메모리,2026.06,SG
-27365881,33046,10,8542321090,27398927,763,SG,싱가포르,기타,2026.06,SG
-2400,0,0,8542322000,2400,108,SG,싱가포르,하이브리드 집적회로,2026.06,SG
-5081556,24934780,422,8542323000,30016336,191,SG,싱가포르,복합구조칩 집적회로,2026.06,SG
-218765446,1944014,25,8542324000,220709460,600,SG,싱가포르,복합부품 집적회로(MCOs),2026.06,SG
92717028,92847549,1547,8542321010,130521,30,SG,싱가포르,디램,2026.07,SG
-2144,0,0,8542321020,2144,1,SG,싱가포르,에스램,2026.07,SG
-1980675,2133218,158,8542321030,4113893,399,SG,싱가포르,플래시 메모리,2026.07,SG
-19745418,13000,7,8542321090,19758418,459,SG,싱가포르,기타,2026.07,SG
-20503834,2580770,118,8542323000,23084604,207,SG,싱가포르,복합구조칩 집적회로,2026.07,SG
-22810752,6130802,29,8542324000,28941554,70,SG,싱가포르,복합부품 집적회로(MCOs),2026.07,SG
220138132,220182960,2250,8542321010,44828,12,SG,싱가포르,디램,2026.08,SG
33887096,35372074,436,8542321030,1484978,31,SG,싱가포르,플래시 메모리,2026.08,SG
-17724810,1607433,192,8542321090,19332243,331,SG,싱가포르,기타,2026.08,SG
-1110,0,0,8542322000,1110,1,SG,싱가포르,하이브리드 집적회로,2026.08,SG
17190417,45138260,603,8542323000,27947843,222,SG,싱가포르,복합구조칩 집적회로,2026.08,SG
-141496411,7043751,241,8542324000,148540162,437,SG,싱가포르,복합부품 집적회로(MCOs),2026.08,SG
6648648928,6667769404,25892,-,19120476,1634,-,-,-,총계,MY
38476447,38478365,471,8542321010,1918,2,MY,말레이시아,디램,2026.01,MY
-132739,0,0,8542321020,132739,88,MY,말레이시아,에스램,2026.01,MY
3308565,3523477,612,8542321030,214912,38,MY,말레이시아,플래시 메모리,2026.01,MY
-582974,0,0,8542321090,582974,121,MY,말레이시아,기타,2026.01,MY
-113,0,0,8542322000,113,1,MY,말레이시아,하이브리드 집적회로,2026.01,MY
17977347,17977361,454,8542323000,14,1,MY,말레이시아,복합구조칩 집적회로,2026.01,MY
83993,84794,6,8542324000,801,0,MY,말레이시아,복합부품 집적회로(MCOs),2026.01,MY
36364187,36419606,368,8542321010,55419,13,MY,말레이시아,디램,2026.02,MY
-31521,0,0,8542321020,31521,15,MY,말레이시아,에스램,2026.02,MY
2583748,2892097,494,8542321030,308349,55,MY,말레이시아,플래시 메모리,2026.02,MY
-1219910,34080,13,8542321090,1253990,177,MY,말레이시아,기타,2026.02,MY
871597891,871598941,3235,8542323000,1050,1,MY,말레이시아,복합구조칩 집적회로,2026.02,MY
6175,7361,2,8542324000,1186,1,MY,말레이시아,복합부품 집적회로(MCOs),2026.02,MY
19254535,19258480,270,8542321010,3945,2,MY,말레이시아,디램,2026.03,MY
3811300,4287813,614,8542321030,476513,110,MY,말레이시아,플래시 메모리,2026.03,MY
-237332,22500,2,8542321090,259832,59,MY,말레이시아,기타,2026.03,MY
581567853,581570832,1664,8542323000,2979,1,MY,말레이시아,복합구조칩 집적회로,2026.03,MY
-5533235,34,0,8542324000,5533269,24,MY,말레이시아,복합부품 집적회로(MCOs),2026.03,MY
53503015,53503815,346,8542321010,800,3,MY,말레이시아,디램,2026.04,MY
-2085,0,0,8542321020,2085,4,MY,말레이시아,에스램,2026.04,MY
6526114,6703709,653,8542321030,177595,39,MY,말레이시아,플래시 메모리,2026.04,MY
-1694502,1216,1,8542321090,1695718,84,MY,말레이시아,기타,2026.04,MY
432891759,432891759,2593,8542323000,0,0,MY,말레이시아,복합구조칩 집적회로,2026.04,MY
-1451356,20687,3,8542324000,1472043,8,MY,말레이시아,복합부품 집적회로(MCOs),2026.04,MY
34902414,34902919,257,8542321010,505,2,MY,말레이시아,디램,2026.05,MY
-15720,0,0,8542321020,15720,11,MY,말레이시아,에스램,2026.05,MY
6350977,6597838,674,8542321030,246861,57,MY,말레이시아,플래시 메모리,2026.05,MY
-2144220,0,0,8542321090,2144220,96,MY,말레이시아,기타,2026.05,MY
336612544,336612544,872,8542323000,0,0,MY,말레이시아,복합구조칩 집적회로,2026.05,MY
41161,41161,1,8542324000,0,0,MY,말레이시아,복합부품 집적회로(MCOs),2026.05,MY
55407059,55409718,498,8542321010,2659,1,MY,말레이시아,디램,2026.06,MY
-4418,0,0,8542321020,4418,3,MY,말레이시아,에스램,2026.06,MY
2911284,3417189,504,8542321030,505905,74,MY,말레이시아,플래시 메모리,2026.06,MY
311449,388555,69,8542321090,77106,56,MY,말레이시아,기타,2026.06,MY
1113484149,1113484195,2211,8542323000,46,0,MY,말레이시아,복합구조칩 집적회로,2026.06,MY
3977453,3977453,7,8542324000,0,0,MY,말레이시아,복합부품 집적회로(MCOs),2026.06,MY
29726965,29727927,275,8542321010,962,1,MY,말레이시아,디램,2026.07,MY
-73544,0,0,8542321020,73544,46,MY,말레이시아,에스램,2026.07,MY
3523946,4060055,437,8542321030,536109,89,MY,말레이시아,플래시 메모리,2026.07,MY
-822712,0,0,8542321090,822712,48,MY,말레이시아,기타,2026.07,MY
1335564507,1335564588,3372,8542323000,81,1,MY,말레이시아,복합구조칩 집적회로,2026.07,MY
-3020,0,0,8542324000,3020,2,MY,말레이시아,복합부품 집적회로(MCOs),2026.07,MY
45459817,45745177,338,8542321010,285360,87,MY,말레이시아,디램,2026.08,MY
-157669,0,0,8542321020,157669,110,MY,말레이시아,에스램,2026.08,MY
3078904,3561459,708,8542321030,482555,35,MY,말레이시아,플래시 메모리,2026.08,MY
-1544235,2424,0,8542321090,1546659,62,MY,말레이시아,기타,2026.08,MY
1624530704,1624534854,3833,8542323000,4150,3,MY,말레이시아,복합구조칩 집적회로,2026.08,MY
463971,464421,34,8542324000,450,2,MY,말레이시아,복합부품 집적회로(MCOs),2026.08,MY
6656671993,6659355383,112428,-,2683390,1418,-,-,-,총계,PH
412884094,412992360,8822,8542321010,108266,37,PH,필리핀,디램,2026.01,PH
-3698,0,0,8542321020,3698,2,PH,필리핀,에스램,2026.01,PH
3003032,3035614,75,8542321030,32582,14,PH,필리핀,플래시 메모리,2026.01,PH
-148922,12,0,8542321090,148934,55,PH,필리핀,기타,2026.01,PH
649086,649087,12,8542323000,1,0,PH,필리핀,복합구조칩 집적회로,2026.01,PH
-5078,0,0,8542324000,5078,5,PH,필리핀,복합부품 집적회로(MCOs),2026.01,PH
386403031,386763368,7409,8542321010,360337,63,PH,필리핀,디램,2026.02,PH
-1291,0,0,8542321020,1291,0,PH,필리핀,에스램,2026.02,PH
2808504,2867158,39,8542321030,58654,27,PH,필리핀,플래시 메모리,2026.02,PH
-154885,0,0,8542321090,154885,144,PH,필리핀,기타,2026.02,PH
3126825,3126825,44,8542323000,0,0,PH,필리핀,복합구조칩 집적회로,2026.02,PH
-1232,0,0,8542324000,1232,2,PH,필리핀,복합부품 집적회로(MCOs),2026.02,PH
721011200,721066749,14287,8542321010,55549,21,PH,필리핀,디램,2026.03,PH
-41700,0,0,8542321020,41700,37,PH,필리핀,에스램,2026.03,PH
1627653,1729091,44,8542321030,101438,48,PH,필리핀,플래시 메모리,2026.03,PH
-76723,1,0,8542321090,76724,97,PH,필리핀,기타,2026.03,PH
2341387,2341387,30,8542323000,0,0,PH,필리핀,복합구조칩 집적회로,2026.03,PH
-6256,0,0,8542324000,6256,6,PH,필리핀,복합부품 집적회로(MCOs),2026.03,PH
567027712,567135004,7272,8542321010,107292,2,PH,필리핀,디램,2026.04,PH
-5475,0,0,8542321020,5475,1,PH,필리핀,에스램,2026.04,PH
5706074,5733164,67,8542321030,27090,7,PH,필리핀,플래시 메모리,2026.04,PH
-162880,0,0,8542321090,162880,104,PH,필리핀,기타,2026.04,PH
5800249,5800249,51,8542323000,0,0,PH,필리핀,복합구조칩 집적회로,2026.04,PH
-1157,0,0,8542324000,1157,2,PH,필리핀,복합부품 집적회로(MCOs),2026.04,PH
899832571,899832571,9182,8542321010,0,0,PH,필리핀,디램,2026.05,PH
-34812,0,0,8542321020,34812,37,PH,필리핀,에스램,2026.05,PH
15577924,15657939,124,8542321030,80015,35,PH,필리핀,플래시 메모리,2026.05,PH
-108956,0,0,8542321090,108956,103,PH,필리핀,기타,2026.05,PH
5281384,5282726,83,8542323000,1342,1,PH,필리핀,복합구조칩 집적회로,2026.05,PH
-2846,0,0,8542324000,2846,2,PH,필리핀,복합부품 집적회로(MCOs),2026.05,PH
1063071952,1063071952,12183,8542321010,0,0,PH,필리핀,디램,2026.06,PH
-26166,0,0,8542321020,26166,23,PH,필리핀,에스램,2026.06,PH
1440174,1477131,47,8542321030,36957,14,PH,필리핀,플래시 메모리,2026.06,PH
-102678,0,0,8542321090,102678,121,PH,필리핀,기타,2026.06,PH
-1452,0,0,8542322000,1452,1,PH,필리핀,하이브리드 집적회로,2026.06,PH
-1814,0,0,8542323000,1814,1,PH,필리핀,복합구조칩 집적회로,2026.06,PH
-5104,0,0,8542324000,5104,2,PH,필리핀,복합부품 집적회로(MCOs),2026.06,PH
869714252,869717079,13755,8542321010,2827,4,PH,필리핀,디램,2026.07,PH
-98222,0,0,8542321020,98222,91,PH,필리핀,에스램,2026.07,PH
-38453,0,0,8542321030,38453,17,PH,필리핀,플래시 메모리,2026.07,PH
-227223,0,0,8542321090,227223,136,PH,필리핀,기타,2026.07,PH
-1402,0,0,8542322000,1402,2,PH,필리핀,하이브리드 집적회로,2026.07,PH
2549803,2582741,19,8542323000,32938,22,PH,필리핀,복합구조칩 집적회로,2026.07,PH
-6731,0,0,8542324000,6731,4,PH,필리핀,복합부품 집적회로(MCOs),2026.07,PH
1688161544,1688169327,38873,8542321010,7783,8,PH,필리핀,디램,2026.08,PH
-3537,0,0,8542321020,3537,5,PH,필리핀,에스램,2026.08,PH
-101701,0,0,8542321030,101701,18,PH,필리핀,플래시 메모리,2026.08,PH
-122665,0,0,8542321090,122665,83,PH,필리핀,기타,2026.08,PH
151057,323848,9,8542323000,172791,11,PH,필리핀,복합구조칩 집적회로,2026.08,PH
-4456,0,0,8542324000,4456,2,PH,필리핀,복합부품 집적회로(MCOs),2026.08,PH
